offset_hex,largo_bytes,texto_original,revisado,traduccion
0xd118c,8,豫莅,,"[REVISAR ROM - texto original ilegible/placeholder, no traducido]"
0xd2c14,41,"そのときの状態をセーブ
することができる。",,"Puedes guardar tu
estado del juego en
ese momento."
0xd2c40,49,"心拍が高まったときは、
霊を撮影できることがある。",,"Si tu pulso sube, a
veces puedes
fotografiar espiritus."
0xd2c74,51,"物音を聞いたとき、それを
録音しておくことができる。",,"Cuando escuches un
ruido, puedes
grabarlo."
0xd3298,8,えー…。,,Ehh...
0xd32a4,8,…えっ？,,...Eh?
0xd32b0,8,カナ…。,,Kana...
0xd32bc,8,ひっ…。,,Hii...
0xd32c8,8,えっ…？,,Eh...?
0xd32d4,8,お願い！,,Por favor!
0xd32ec,10,あぁ……。,,Ah......
0xd3310,10,…いいえ？,,...No?
0xd331c,10,急いで…。,,Apurate...
0xd3334,10,お願い…。,,Por favor...
0xd3340,10,…はっ…。,,...Ha...
0xd3370,10,すごいね。,,Que increible.
0xd33ac,10,よし……。,,Bien.....
0xd33b8,10,…いや…。,,...No...
0xd33c4,12,本当だって！,,Es en serio!
0xd33d4,12,・・・・・・,,......
0xd33e4,12,・・・・・・,,......
0xd33f4,12,がんばれ…。,,Fuerza...
0xd3404,12,（ミズキ…）,,(Mizuki...)
0xd3414,12,そうなの…。,,Asi es...
0xd3424,14,力を抜いて…。,,Relajate...
0xd3434,14,間に合った…？,,Llegamos a tiempo...?
0xd3444,14,あたし…なの？,,Soy yo...?
0xd3454,14,あとひとり…。,,Falta uno...
0xd3464,14,どういうこと？,,Que quieres decir?
0xd3474,16,わかってるって。,,Ya lo se.
0xd3488,16,指を離さないで。,,No sueltes el dedo.
0xd349c,16,あ……指が……。,,Ah...el dedo...
0xd34b0,16,国際結婚じゃん。,,"Eso es un matrimonio
internacional."
0xd34c4,16,…動かないね…。,,...No se mueve...
0xd34d8,16,……じゃあ……。,,"...Bueno, entonces..."
0xd34ec,16,お…遅かった…？,,Fue...muy tarde...?
0xd3500,18,…キツネって……。,,...Un zorro......
0xd3514,18,…そ…そうだね…。,,S-si...claro...
0xd3528,18,教えてください…。,,"Diganme, por favor..."
0xd353c,18,教えてください…。,,"Diganme, por favor..."
0xd3550,18,カナ、落ち着いて！,,"Kana, calmate!"
0xd3564,20,じゃあ、もう１回…。,,"Bueno, una vez mas..."
0xd357c,20,カナ、落ち着いて…。,,"Kana, calmate..."
0xd3594,20,……け…圏外…だ…。,,...S-sin señal...
0xd35ac,20,…教えてください…。,,"...Diganme, por favor..."
0xd35c4,22,どうぞおいでください。,,"Por favor, venga."
0xd35dc,22,あ…もう送ったっけ…。,,Ah...ya lo envie...?
0xd35f4,22,どうぞおいでください。,,"Por favor, venga."
0xd360c,22,ありがとうございます。,,Muchas gracias.
0xd3624,22,…いや……いやあっ！！,,...No......no!!
0xd363c,22,もう１回試してみよう。,,"Intentemoslo
una vez mas."
0xd366c,25,今さら、コックリさん…？,,"Ahora, Kokkuri-san...?"
0xd3688,24,カナ、時間無いよ！早く！,,"Kana, no hay tiempo!
Apurate!"
0xd36a4,24,ありがとうございました。,,Muchas gracias.
0xd36c0,24,ちゃんと真剣に念じてる？,,"Estas concentrandote
en serio?"
0xd36dc,24,…質問…してないのに…。,,"...Pero no hice
ninguna pregunta..."
0xd36f8,24,…ありがとうございます。,,...Muchas gracias.
0xd3714,26,ははっ……冗談でしょ……。,,"Jaja...es broma,
no?......"
0xd3730,26,あ、なんか圏外になりそう。,,"Ah, parece que se va
a cortar la señal."
0xd374c,26,やばいよ、これ…ぜったい。,,"Esto es grave...
seguro que si."
0xd3768,26,…あたしは結婚できますか？,,...Yo podre casarme?
0xd3784,28,…まさか、カナ、信じてんの？,,"...No puede ser, Kana,
en serio crees en esto?"
0xd37a4,28,あ、ありがとうございます…。,,"Ah, muchas gracias..."
0xd37c4,28,上手く書けなかったみたい…。,,"Parece que no
lo escribi bien..."
0xd37e4,30,あ、ありがとうござい…ます…。,,"Ah, mu-muchas...
gracias..."
0xd3804,30,でもさ、ちょっと気になるんだ。,,"Pero sabes,
me quedo dando vueltas."
0xd3824,32,ごめん、あたしがよけいなこと…。,,"Perdon, no debi
decir algo de mas..."
0xd3848,32,…コックリさん、コックリさん…。,,"...Kokkuri-san,
Kokkuri-san..."
0xd386c,32,まだ出会っていない…ということ？,,"Eso quiere decir
que aun no nos
conocemos...?"
0xd3890,33,"…だ、大丈夫だって。
じゃあ……。",,"...Tr-tranquila,
en serio.
Bueno......"
0xd38b4,33,"…ほら、メグミ。
コインに触って？",,"...Vamos, Megumi.
Toca la moneda?"
0xd38d8,33,"いい？
ぜったい指を離さないでよ。",,"Entendido?
No sueltes el dedo
por nada del mundo."
0xd38fc,35,"はいはい、あたしが悪かった
ですよ。",,"Si, si,
la culpa fue mia."
0xd3920,35,"中央のコインを触り続けて
ください。",,"Por favor, sigan tocando
la moneda del centro."
0xd3944,35,"中央のコインを触り続けて
ください。",,"Por favor, sigan tocando
la moneda del centro."
0xd3968,35,"あたしの結婚相手は、日本人
ですか？",,"Mi futuro esposo
es japones?"
0xd398c,35,"……いのちほしい
……命欲しい…！？",,"...quiero vida
...quiero una vida...!?"
0xd39b0,37,"冗談半分にすると、取り憑かれる
から。",,"Si te lo tomas a broma,
te posee el espiritu."
0xd39d8,39,"その時、少しだけコインが
動いたんだよ。",,"En ese momento,
la moneda se movio
un poco."
0xd3a00,39,"携帯電話のメール画面は、
下画面もしくは",,"La pantalla de
correo del celular
esta abajo o"
0xd3a28,41,"あたしも昨日もらった時、
笑ったんだけど。",,"Yo tambien me rei
cuando lo recibi ayer."
0xd3a54,41,"十字ボタンの上下で、
スクロールできます。",,"Puedes desplazarte
con arriba y abajo
del pad."
0xd3a80,41,"ホントかな…。
…ありがとうございます…。",,"Sera verdad...
...muchas gracias..."
0xd3aac,41,"あたしの結婚相手の名前を教えて
ください。",,"Diganme el nombre
de mi futuro esposo,
por favor."
0xd3ad8,41,"ね、転送する６人ってどう選んだら
いいの？",,"Oye, como elijo a las
6 personas para
reenviarlo?"
0xd3b04,43,"質問は終わりです。
どうぞ、お帰りください。",,"Las preguntas
terminaron.
Por favor, vuelva
a su lugar."
0xd3b30,43,"送信したい人を選んで、
決定を押して下さい。",,"Elige a quien se lo
quieres enviar y
presiona aceptar."
0xd3b5c,43,"漢字の「犬」をアリサの
背中に書いて下さい。",,"Escribe el kanji de
perro en la espalda
de Arisa."
0xd3b88,45,"だから、それは指の筋肉が
ケイレンしたんだよ。",,"Eso es porque se te
acalambro el dedo."
0xd3bb8,45,"もうやめよ、コックリさんに帰って
もらおうよ。",,"Ya paremos, que
Kokkuri-san se vaya
de una vez."
0xd3be8,45,"ミズキに送るしかない…。
ごめんね…ミズキ…。",,"No tengo otra que
enviarselo a Mizuki...
Lo siento...Mizuki..."
0xd3c18,51,"教えてください。あたしが結婚する
のはいくつですか？",,"Diganme. A que edad
me voy a casar?"
0xd3c4c,51,"………やっぱりブンシンさま
じゃ、ダメなんじゃない？",,"...Al final, Bunjin-sama
no sirve, o si?"
0xd3c80,51,"レイカなら…ここから抜け出せる
方法がわかるかも…。",,"Si es Reika...tal vez sepa
como salir de aqui..."
0xd3cb4,51,"あたしの結婚相手が、どこの国の人
か教えてください。",,"Diganme de que pais
es mi futuro esposo."
0xd3ce8,53,"あたしの結婚相手は、今のあたしが
知っている人ですか？",,"Mi futuro esposo
es alguien que ya
conozco ahora?"
0xd3d20,55,"もしおいでになられましたら、
「はい」へお進みください。",,"Si ya ha llegado,
avance hacia el Si."
0xd3d58,55,"もしおいでになられましたら、
「はい」へお進みください。",,"Si ya ha llegado,
avance hacia el Si."
0xd3d90,57,"時間もないし、今日メールやりとり
した人でいいんじゃない。",,"No hay tiempo, mejor
elijamos a alguien
con quien
escribimos hoy."
0xd3dcc,59,"コックリさんて、小学生の時、
一度友達とやってみたんだけど、",,"Con lo de Kokkuri-san,
en la primaria lo
intente una vez
con una amiga, pero"
0xd3e08,59,"（転校してきたばかりだし、
　かわいそうだから、やめとこ…）",,"(Recien se cambio
de colegio, me daria
pena, mejor no...)"
0xd3e44,59,"じゃあ、告られている２人は、
どっちも運命の人じゃないんだ。",,"Entonces, ninguno de los
dos que se te declararon
es la persona destinada."
0xd3e80,63,"では１つの質問に答えていただく
ごとに、鳥居までお戻りください。",,"Entonces, cada vez
que respondan una
pregunta, regresen
al torii."
0xd3ec4,6,えっ？,,Eh?
0xd3ecc,6,そう。,,Asi es.
0xd3ed4,6,ひっ！,,Hii!
0xd3edc,6,あっ！,,Ah!
0xd3ee4,8,ホント？,,En serio?
0xd3ef0,8,ひっ…。,,Hii...
0xd3efc,8,うん…。,,Si...
0xd3f08,8,うん…。,,Si...
0xd3f14,8,大丈夫？,,Estas bien?
0xd3f2c,10,救急箱…。,,El botiquin...
0xd3f38,10,そうなの？,,En serio?
0xd3f44,10,うーん…。,,Mmm...
0xd3f50,10,ああっ…。,,Aah...!
0xd3f5c,10,…うん…。,,...Si...
0xd3f68,10,やめてよ。,,Basta ya.
0xd3f74,10,えっ……。,,Eh......
0xd3f80,10,そんな…。,,No puede ser...
0xd3f8c,10,手帳だ…。,,Es una libreta...
0xd3f98,10,…足音…。,,...Pasos...
0xd3fa4,10,ダメだ…。,,No sirve...
0xd3fb0,12,なにこれ！？,,Que es esto!?
0xd3fc0,12,・・・・・・,,......
0xd3fd0,12,えっ、どれ？,,"Eh, cual?"
0xd3fe0,12,なんでよ…！,,Por que...!
0xd3ff0,12,知ってるの？,,Lo sabes?
0xd4000,12,まさかね…。,,Sera que no...
0xd4010,12,・・・・・・,,......
0xd4020,12,わかった…。,,Entendido...
0xd4030,12,この空洞…。,,Este hueco...
0xd4040,12,…やった…。,,...Lo logre...
0xd4050,12,時間は違う？,,La hora es distinta?
0xd4060,12,…うん……。,,...Si......
0xd4070,12,…ごめん…。,,...Perdon...
0xd4080,12,どうしたの？,,Que te pasa?
0xd4090,12,文字はどう？,,"Y las letras, que tal?"
0xd40a0,14,よっしゃ……。,,Bien......
0xd40b0,14,何か写ってる？,,Sale algo en la foto?
0xd40c0,14,なんだろう…。,,Que sera esto...
0xd40d0,14,…どうしたの？,,...Que te pasa?
0xd40e0,14,（…ナナシ…）,,(...Nanashi...)
0xd40f0,14,もうやめよっ！,,Ya paremos!
0xd4100,14,あ、そっか…。,,"Ah, ya veo..."
0xd4110,14,題名って同じ？,,El titulo es el mismo?
0xd4120,14,あたしもだよ。,,Yo tambien.
0xd4130,14,数字？どんな？,,Un numero? Cual?
0xd4140,16,うん、今度こそ。,,"Si, esta vez de verdad."
0xd4154,16,知っていますか？,,Lo sabe usted?
0xd4168,16,じゃあ…質問…。,,Bueno...una pregunta...
0xd417c,16,馬鹿にしてない？,,No te estas burlando?
0xd4190,16,おいでください。,,"Por favor, venga."
0xd41a4,16,…集中するの…。,,"...Hay que
concentrarse..."
0xd41b8,16,指を離さないで。,,No sueltes el dedo.
0xd41cc,16,ご、ごめん……。,,"Lo, lo siento......"
0xd41e0,18,この写真…見て…。,,Esta foto...mira...
0xd41f4,18,あ、わかる、それ。,,"Ah, entiendo eso."
0xd4208,18,…さっきと違う…。,,...Es distinto a antes...
0xd421c,18,そ、ならいいけど。,,"Ah, bueno,
esta bien entonces."
0xd4230,18,中に入ってみよう。,,Entremos a ver.
0xd4244,18,（悩んでるのに…）,,"(Y eso que
estoy preocupada...)"
0xd4258,20,じゃあ、もう１回…。,,"Bueno, una vez mas..."
0xd4270,20,…キツネを抱いてる。,,"...Lleva un zorro
en brazos..."
0xd4288,20,あ…もう送ったよね。,,"Ah...ya lo mande, no?"
0xd42a0,20,あっ、肩に背後霊…。,,"Ah, hay un espiritu
en tu hombro..."
0xd42b8,20,それじゃ、始めるよ。,,"Bueno, empecemos."
0xd42d0,20,じゃ、力を抜いて…。,,"Bueno, relajate..."
0xd42e8,20,…レイカ………あっ。,,...Reika.........ah.
0xd4300,20,９…？どういうこと？,,9...? Que quiere decir?
0xd4318,20,なにも起きないよ…。,,No pasa nada...
0xd4330,20,ミズキ、指を離して！,,"Mizuki, suelta el dedo!"
0xd4348,20,神隠しにあうとか…。,,"Como que te lleven
los espiritus..."
0xd4360,20,えっ…どういうこと？,,Eh...que quieres decir?
0xd4378,21,"マジ！？
やばいよ…。",,"En serio!?
Que grave..."
0xd4390,22,もう１回試してみよう。,,"Intentemoslo
una vez mas."
0xd43a8,22,この辺りを叩いてみて。,,"Prueba golpeando por
aqui."
0xd43c0,22,お願い、もうやめよっ。,,"Por favor, ya paremos."
0xd43d8,22,脚、ケガしてるんだ…。,,"Tengo la pierna
lastimada..."
0xd43f0,22,ダメだよ、危ないって！,,"No, es peligroso!"
0xd4408,22,（かくまったようです）,,"(Parece que
te escondieron)"
0xd4420,22,あ…圏外だ。…なんで？,,"Ah...sin señal.
...Por que?"
0xd4438,22,時間的にはそうかもね。,,"Puede que sea
por el horario."
0xd4450,23,"…いい？
指を置いて…。",,"...Lista?
Pon el dedo..."
0xd4468,24,なんで、ミズキのだけ…。,,"Por que solo
la de Mizuki...?"
0xd4484,24,大丈夫よ…落ち着いて…。,,Esta bien...calmate...
0xd44a0,24,（激しく叱責されました）,,"(Te regañaron
con dureza)"
0xd44bc,24,…どうぞ戻ってください。,,"...Por favor, vuelva."
0xd44d8,24,…やっぱり…神隠しに…。,,"...Al final...
se la llevaron
los espiritus..."
0xd44f4,24,ここでやめたら……、ね？,,"Si paramos aqui......,
te parece?"
0xd4510,24,ゼッタイ離しちゃダメよ。,,"Por nada del mundo
sueltes el dedo."
0xd452c,26,こんなメール、初めて見た。,,"Nunca habia visto
un mensaje asi."
0xd4548,26,（少しだけ電波が届いてる）,,(Llega un poco de señal)
0xd4564,26,（…お願い…届いて…！！）,,"(...Por favor...
que llegue...!!)"
0xd4580,26,超やばすぎ…もうダメだ…。,,"Esto es grave...
ya no hay nada
que hacer..."
0xd459c,26,うーん、夕焼けがきれい…。,,"Mmm, que lindo
el atardecer..."
0xd45b8,26,ここから風が来てたんだ…。,,"Asi que el viento
venia de aqui..."
0xd45d4,26,…か…み……か…く…し…？,,"...ka...mi......
ka...ku...shi...?"
0xd45f0,26,わっ、きっとヒトダマだよ。,,"Uy, seguro
es un hitodama."
0xd460c,26,だったら他は同じかなあ…。,,"Si es asi, sera que
los demas son iguales..."
0xd4628,26,（しかも…文字化けしてる）,,"(Ademas...esta
con caracteres raros)"
0xd4644,26,…ううん…なんでもない…。,,...No...nada...
0xd4660,26,じゃ、窓に近づけてみたら？,,"Entonces, por que no
lo acercas a la ventana?"
0xd467c,26,しっ…集中…しないと……。,,"Shh...tengo que
concentrarme......"
0xd4698,26,……ゼッタイやばいって…。,,"...Esto es grave,
de verdad..."
0xd46b4,26,（それは彼女の日記でした）,,(Era su diario)
0xd46d0,27,"・・・・・・
おかしいなあ。",,"......
Que raro."
0xd46ec,27,"…いくよ…。
深呼吸して…。",,"...Vamos...
Respira hondo..."
0xd4708,28,（必死に行っていたようです）,,"(Parece que lo hizo
con desesperacion)"
0xd4728,28,上手く書けなかったみたい…。,,"Parece que no
lo escribi bien..."
0xd4748,28,キツネだからＢでいいじゃん。,,"Como es un zorro,
B esta bien, no?"
0xd4768,28,…神隠しに…あったのですか？,,"...Fue victima de
una desaparicion
misteriosa?"
0xd4788,28,そうなんだけど、最初見た時、,,"Asi es, pero cuando
lo vi por primera vez,"
0xd47a8,28,なにそれ、関係ないと思うよ。,,"Que es eso, creo que
no tiene que ver."
0xd47c8,28,コックリさん…質問します…。,,"Kokkuri-san...
tengo una pregunta..."
0xd47e8,28,写真？日記のような手帳も…。,,"Una foto? Tambien
una libreta tipo diario..."
0xd4808,28,風の音…、そうよ、きっと…。,,"El sonido del viento...,
asi es, seguro..."
0xd4828,28,コックリさんをしてる時って、,,"Cuando estas
haciendo Kokkuri-san,"
0xd4848,28,いま、首筋を誰かに触られた！,,"Recien alguien me toco
la nuca!"
0xd4868,29,"じゃ、始めるよ。
指を置いて。",,"Bueno, empecemos.
Pon el dedo."
0xd4888,30,（１匹のキツネを看病しました）,,"(Cuidaste a un zorro
hasta que se recupero)"
0xd48a8,30,やっぱ昼とは…なにか違うよね。,,"Se nota que de dia
es distinto, no?"
0xd48c8,30,…コックリさん、質問します…。,,"...Kokkuri-san,
tengo una pregunta..."
0xd48e8,30,…わかった、じゃ、最後の質問。,,"...Entendido, bueno,
ultima pregunta."
0xd4908,30,…コックリさん…質問します…。,,"...Kokkuri-san,
tengo una pregunta..."
0xd4948,31,"どっちでもいいから
早く決めて！",,"Da igual cualquiera,
decide rapido!"
0xd4968,31,"もうやだ！
わたし、手離すから。",,"Ya no quiero esto!
Voy a soltar la mano."
0xd4988,32,…でも写ってたらよかったのに…。,,"...Pero hubiera sido
bueno que saliera
en la foto..."
0xd49ac,32,そういうの見抜くの、うまいから。,,"Porque soy buena
para notar esas cosas."
0xd49d0,32,コックリさん、よくわかりました。,,"Kokkuri-san,
entendido
perfectamente."
0xd49f4,32,足音…近づいてるし…増えてるし。,,"Los pasos se acercan...
y son mas..."
0xd4a18,32,とっととサクジョした方がいいよ。,,"Mejor borralo
de una vez."
0xd4a3c,32,結界を張ってるようなものでしょ。,,"Es como poner
una barrera
protectora, no?"
0xd4a60,32,ねえ、もう早く終わらせた方が…。,,"Oye, mejor
terminemos esto
rapido..."
0xd4a84,32,どっちもわりと有名な都市伝説…。,,"Las dos son leyendas
urbanas bastante
conocidas..."
0xd4aa8,33,"静かに…。
他の場所を叩いてみて。",,"Silencio...
Prueba golpeando
otro lugar."
0xd4acc,33,"カナとメグミは…どこに
いますか？",,"Donde estan
Kana y Megumi...?"
0xd4af0,35,"中央のコインを触り続けて
ください。",,"Por favor, sigan tocando
la moneda del centro."
0xd4b14,35,"中央のコインを触り続けて
ください。",,"Por favor, sigan tocando
la moneda del centro."
0xd4b38,35,"うーん、たしか…９ばっかり
ズラリ。",,"Mmm, seguro que
eran puros nueves
seguidos."
0xd4b5c,35,"コレ…、もっと前にもらった
メール。",,"Esto...es un correo
que recibi antes."
0xd4b80,35,"中央のコインを触り続けて
ください。",,"Por favor, sigan tocando
la moneda del centro."
0xd4ba4,35,"とりあえず救急箱の中を見て
みない？",,"Por ahora, por que no
miramos dentro
del botiquin?"
0xd4bc8,35,"調べたい場所をタッチ
してください。",,"Toca el lugar que quieras
revisar."
0xd4bec,35,"調べたい場所をタッチ
してください。",,"Toca el lugar que quieras
revisar."
0xd4c10,35,"ほら、ナナシだって
こう言ってるし。",,"Mira, hasta Nanashi
dice esto."
0xd4c34,37,"ちょっとだけだから。
すぐに戻したし。",,"Es solo un poquito.
Lo devolvi enseguida."
0xd4c5c,37,"この状況だから、前向きに
考えようよ。",,"Dada la situacion,
pensemos en positivo."
0xd4c84,37,"…Ａが鏡で…、
Ｂはキツネに神隠し…。",,"...La A es el espejo...,
la B es el zorro
que se la lleva..."
0xd4cac,37,"だーかーらー！
さっきも選んだでしょ？",,"Te lo dije!
Ya elegimos eso
antes, no?"
0xd4cd4,37,"旧校舎に…
幽霊は写ってないみたい…。",,"En el edificio viejo...
parece que no salio
ningun fantasma..."
0xd4cfc,37,"それと…この読める文字を
並べると…。",,"Y ademas...si ordenas
estas letras legibles..."
0xd4d24,37,"見て…、メモ機能に何か録音
されてる。",,"Mira...hay algo
grabado en las notas."
0xd4d4c,37,"メグミが昨晩、最後に電話をした
人…。",,"La ultima persona
a la que Megumi
llamo anoche..."
0xd4d74,37,"そうなの？
ここ、いつも空白じゃない？",,"En serio?
Esto siempre esta
en blanco, no?"
0xd4d9c,37,"ミズキ、チェンメなんか保存
してるの？",,"Mizuki, estas guardando
correos en cadena?"
0xd4dc4,37,"だって…転送できないしょ、
こわくて。",,"Es que...no puedo
reenviarlo, me da miedo."
0xd4dec,37,"（…なにこれ？
　…屋上で…待つ…？）",,"(...Que es esto?
...Esperar...
en la azotea...?)"
0xd4e14,39,"…ね、花壇のところ見て。
何か光ってる。",,"...Oye, mira
el jardin. Algo
esta brillando."
0xd4e3c,39,"…最後が文字化け…？
わたしのはたしか、",,"...Lo ultimo esta
ilegible...? Lo mio
creo que era,"
0xd4e64,39,"（そして、キツネも殺される
　運命に…）",,"(Y entonces, al zorro
tambien lo espera
la muerte...)"
0xd4e8c,39,"全部終わるまでコインから
離さないでね。",,"No sueltes la moneda
hasta que
terminemos todo."
0xd4eb4,39,"あの看護師の霊…そうとう
やつれていた。",,"Ese espiritu
de enfermera...
se veia muy demacrado."
0xd4edc,39,"…そうだ…あの霊も大切に持って
いた…。",,"...Es verdad...ese
espiritu tambien
llevaba algo preciado..."
0xd4f04,39,"……ねえ……リコ……
……足音が………。",,"...Oye...Riko......
...se oyen pasos........."
0xd4f2c,39,"…コ、コックリさん、
よくわかりました。",,"K-Kokkuri-san,
entendido
perfectamente."
0xd4f54,41,"拡大する位置を下画面か
十字ボタンで選び、",,"Elige donde ampliar con
la pantalla de abajo
o el pad direccional,"
0xd4f80,41,"…じゃ、カナたち、そのウワサを
信じて…。",,"...Entonces, Kana
y los demas creyeron
en ese rumor..."
0xd4fac,41,"（カナから…？
　なんでチェーンメール？）",,"(De Kana...?
Por que un correo
en cadena?)"
0xd4fd8,41,"今…文字が…動いた…！？
どういうこと…？",,"Recien...las letras...
se movieron...!?
Que significa esto...?"
0xd5004,41,"タッチペンで下画面の
壁を叩いてください。",,"Golpea la pared de
la pantalla de abajo
con el lapiz tactil."
0xd5030,41,"あれ？題名にも文字が書かれて
なかった…？",,"Eh? No habia texto
escrito tambien
en el titulo...?"
0xd505c,41,"“Ｆｗ：”の隣に数字が浮かんで
いたのよ。",,"Habia un numero
flotando al lado
de Fw:."
0xd5088,41,"無視すると、ナナシが現れ、闇に
落ちる…。",,"Si lo ignoras,
aparece Nanashi
y caes en la oscuridad..."
0xd50b4,41,"（古い字が多くて読みにくかった
　けど、）",,"(Tenia muchas letras
antiguas y costaba
leerlo, pero,)"
0xd50e0,43,"びっくりして…コインから指が
離れちゃった。",,"Me asuste tanto...
que se me solto
el dedo de la moneda."
0xd510c,43,"“げっ、もうすぐ３時じゃん”って
思ったの。",,"Pense: uy, ya
casi son las 3."
0xd5138,43,"さあ…すぐ消えちゃったから
見間違いかも…。",,"Bueno...desaparecio
rapido, quizas
lo vi mal..."
0xd5164,45,"と…とにかく最後まで…きちんと
やらないと…。",,"En...en fin, hay que
hacerlo bien
hasta el final..."
0xd5194,45,"もし現れましたら、『はい』に
進んでください。",,"Si aparece, por favor
avance hacia el Si."
0xd51c4,45,"だ、だ、大丈夫…。…気のせい…よ
…ははっ…。",,"Es-esta bien...
son imaginaciones
mias...jaja..."
0xd51f4,47,"“正確な未来がわかる。
場所は音楽室”だったよ。",,"Decia: se puede saber
el futuro exacto.
El lugar es la sala
de musica."
0xd5224,47,"うーん。たぶん、それって機種の
違いじゃないの？",,"Mmm. Tal vez eso es
solo una diferencia
de modelo de celular?"
0xd5254,47,"…まだ紙に置いてないのに、
指が汗ばんできた…。",,"...Ni siquiera lo he
puesto en el papel,
y ya me suda el dedo..."
0xd5284,47,"…それって旧校舎でコックリさんを
していた時…？",,"...Eso fue cuando
hacian Kokkuri-san
en el edificio viejo...?"
0xd52b4,47,"（今度は救急箱にあった手帳を
　手に取りました）",,"(Esta vez tomaste
la libreta que
estaba en el botiquin)"
0xd52e4,47,"深夜に合わせ鏡をして
“かごめかごめ”を歌うと、",,"Si a medianoche pones
dos espejos frente
a frente y cantas
Kagome Kagome,"
0xd5314,49,"霊と対話できる…とか、
夜中に狐の嫁入りと思われる",,"puedes hablar
con espiritus. Ademas,
de noche se ve algo
como un kitsune
no yomeiri,"
0xd5348,49,"決定ボタンをタッチするか
Ａボタンを押して下さい。",,"Toca el boton de
aceptar o presiona
el boton A."
0xd537c,49,"（まだ転送できる２４時間の
　期限に間に合うはず）",,"(Todavia deberia
alcanzar el plazo
de 24 horas
para reenviarlo)"
0xd53b0,49,"（しかしキツネの治療に薬を
　使ったことがばれて）",,"(Pero se descubrio
que uso medicina
para curar al zorro,)"
0xd53e4,49,"でも…コックリさんって…
霊との対話なんでしょ…。",,"Pero...Kokkuri-san
es hablar con
los espiritus, no...?"
0xd5418,49,"あたし、ケンガイになると、
すっごい不安になるの。",,"Cuando pierdo la señal,
me da muchisima
ansiedad."
0xd544c,49,"してないよぉ、そんな怖いことする
わけないでしょ。",,"No lo hice, no hay
forma de que haga
algo tan espantoso."
0xd5480,51,"（彼女は、ここで空襲で負傷
　した患者たちの看護を）",,"(Ella, aqui, cuidaba
a los pacientes
heridos en el
bombardeo,)"
0xd54b4,51,"（そして彼女はある時、
　人間と同じように傷ついた）",,"(Y en cierto momento,
ella tambien se hirio
igual que un humano)"
0xd54e8,51,"３人のうち、…メグミとカナの
行方がわかりません…。",,"De las tres,...no se
sabe donde estan
Megumi y Kana..."
0xd551c,53,"（昨晩、カナから送られてきた
　チェーンメールは…、）",,"(El correo en cadena
que envio Kana
anoche era...,)"
0xd5554,53,"これってさ、ナナシからのナゾ
を解くヒントじゃないの。",,"Esto, sabes, no sera
una pista para resolver
el enigma de Nanashi?"
0xd558c,53,"今、中途半端に手を離したら…
…まわりの霊が一斉に…。",,"Si suelto la mano
a medias ahora...
los espiritus de
alrededor todos
de golpe..."
0xd55c4,53,"（ナナシに…会える…なんて…
　ちょっと甘かったかな）",,"(Pensar que podia
conocer a Nanashi...
fue algo ingenuo
de mi parte)"
0xd55fc,55,"“問題”っていうからには、
どっちかが“正解”ってこと？",,"Si le dicen problema,
sera que una de las
dos es la respuesta
correcta?"
0xd5634,55,"もっと壊して穴を広げてみよう。
何かあるかもしれない…。",,"Rompamos mas y
agrandemos el hueco.
Quizas haya algo..."
0xd566c,55,"そういえば…文字の大きさや形が
ビミョーに違ったような。",,"Ahora que lo pienso...
el tamaño y la forma
de las letras se veian
un poco distintos."
0xd56a4,55,"（しかし看護師は思いあまって
　キツネを校舎のどこかに）",,"(Pero la enfermera,
sin poder soportarlo,
escondio al zorro
en algun lugar
del colegio,)"
0xd56dc,55,"あ…そういえば、メールを見た時は
まだ２時台だったはず。",,"Ah...ahora que
lo pienso, cuando vi
el correo aun
eran como las 2."
0xd5714,55,"昨日、旧校舎でコックリさんをした
アリサ、メグミ、カナを",,"Ayer, a Arisa, Megumi
y Kana, que hicieron
Kokkuri-san en el
edificio viejo,"
0xd574c,55,"（カナからのチェーンメールだって
　どうしたらいいか、）",,"(Sobre el correo en
cadena de Kana,
que hacer con eso,)"
0xd5784,57,"たくさんのヒトダマを見た時、
“とおりゃんせ”を歌わないと",,"Cuando ves muchos
hitodama, si no
cantas Toryanse,"
0xd57c0,59,"ね、ひょっとして、コックリさんの
こと、キツネの霊だからって",,"Oye, no sera que
lo de Kokkuri-san,
como es un espiritu
zorro,"
0xd57fc,59,"もしも、カナが何か危険を感じて、
急にメールを転送したら…。",,"Si Kana sintio algun
peligro y de repente
reenvio el correo..."
0xd5838,10,ひぃっ…。,,Hii...
0xd5844,12,よかった…。,,Que alivio...
0xd5854,16,よ…よかった…。,,Q-que alivio...
0xd5868,20,何にも聞こえない…。,,No se oye nada...
0xd5880,24,うわ…ヤバイってコレ…。,,Uy...esto es grave...
0xd589c,26,ユーレイがいる証拠でしょ？,,"Eso es prueba de
que hay un
fantasma, no?"
0xd58b8,33,"あ。
でもいちおー登録しといたら？",,"Ah.
Pero por que no lo
guardas por si acaso?"
0xd58dc,33,"……ノイズ…？
いや、何かの声…？",,"...Ruido...?
No, es como
una voz...?"
0xd5900,39,"あとで確認すればいいから、
もう行こう？",,"Podemos revisarlo
despues, vamonos ya?"
0xd5928,41,"なにか写ってたら
どうしようかと思った…。",,"Pense que haria si
salia algo en la foto..."
0xd5954,6,さあ？,,Quien sabe?
0xd595c,6,ほら。,,Mira.
0xd5964,6,ひっ。,,Hii.
0xd596c,6,さあ？,,Quien sabe?
0xd5974,6,はっ！,,Ah!
0xd597c,6,マジ？,,En serio?
0xd5984,6,ひっ。,,Hii.
0xd598c,6,さあ？,,Quien sabe?
0xd5994,6,うん。,,Si.
0xd599c,6,うん。,,Si.
0xd59a4,6,警察？,,La policia?
0xd59ac,6,マジ？,,En serio?
0xd59b4,6,楽譜？,,Una partitura?
0xd59bc,8,うん…。,,Si...
0xd59c8,8,そうだ！,,Es cierto!
0xd59d4,8,レイカに,,A Reika
0xd59e0,8,えっ！？,,Eh!?
0xd59ec,8,…うん。,,...Si.
0xd59f8,8,…はい。,,...Si.
0xd5a04,8,アリサ！,,Arisa!
0xd5a10,8,いやあ！,,No!
0xd5a1c,8,アリサ！,,Arisa!
0xd5a28,8,レイカに,,A Reika
0xd5a34,8,だーめ。,,Noo.
0xd5a40,8,うん…。,,Si...
0xd5a4c,8,はっ…。,,Ah...
0xd5a58,8,“いま”,,"""ahora"""
0xd5a70,8,ホント？,,En serio?
0xd5a7c,8,…カナ？,,...Kana?
0xd5a88,10,そうだね。,,Es cierto.
0xd5a94,10,ひぃっ…。,,Hii...
0xd5aa0,10,うーん…。,,Mmm...
0xd5aac,10,閉め忘れ？,,Se le olvido cerrar?
0xd5ab8,10,まさか…。,,No puede ser...
0xd5ac4,10,うーん…。,,Mmm...
0xd5ad0,10,カナ……。,,Kana......
0xd5adc,10,保健室…。,,La enfermeria...
0xd5ae8,10,そうだね。,,Es cierto.
0xd5af4,10,リコ……。,,Riko......
0xd5b00,10,やめなよ。,,Basta ya.
0xd5b0c,10,いや……。,,No......
0xd5b18,10,閉め忘れ？,,Se le olvido cerrar?
0xd5b24,10,そんな…。,,No puede ser...
0xd5b30,10,えっ……。,,Eh......
0xd5b48,10,よかった。,,Que alivio.
0xd5b54,10,うーん…。,,Mmm...
0xd5b60,10,カナ……。,,Kana......
0xd5b6c,10,いやああ！,,Noooo!
0xd5b78,10,はいはい。,,"Si, si."
0xd5b84,10,う、うん。,,S-si.
0xd5b90,10,ごめん…。,,Perdon...
0xd5b9c,10,お願い…。,,Por favor...
0xd5ba8,10,わかった。,,Entendido.
0xd5bb4,10,…うん…。,,...Si...
0xd5bc0,10,……カナ？,,......Kana?
0xd5bcc,10,…開いた。,,...Se abrio.
0xd5bd8,10,コインは？,,Y la moneda?
0xd5be4,12,な、なに！？,,Q-que!?
0xd5bf4,12,…ナナシ…。,,...Nanashi...
0xd5c04,12,そうかなあ？,,Sera eso?
0xd5c14,12,都市伝説系？,,Del tipo leyenda urbana?
0xd5c24,12,送り主は…。,,El remitente es...
0xd5c34,12,カガミ　リコ,,Kagami Riko
0xd5c44,12,お願い！！！,,Por favor!!!
0xd5c54,12,バカバカしい,,Que ridiculo
0xd5c64,12,どこ行くの？,,A donde vas?
0xd5c74,12,うーん……。,,Mmm......
0xd5c84,12,トイレ…ね。,,Al baño...ya veo.
0xd5c94,12,どうしたの？,,Que te pasa?
0xd5ca4,12,予定表……。,,El horario......
0xd5cb4,12,そうだね…。,,Tienes razon...
0xd5cc4,12,あたしも…。,,Yo tambien...
0xd5cd4,12,また、鏡…。,,"Otra vez, el espejo..."
0xd5ce4,12,お願い……。,,Por favor......
0xd5cf4,12,あたしも…。,,Yo tambien...
0xd5d04,12,……そんな。,,......No puede ser.
0xd5d14,12,あ、レイカ？,,"Ah, Reika?"
0xd5d24,12,どうしたの？,,Que te pasa?
0xd5d34,12,…ごめん…。,,...Perdon...
0xd5d44,12,なぜって…。,,Es que...por que...
0xd5d54,12,えっ、どれ？,,"Eh, cual?"
0xd5d64,12,あれ？先生？,,Eh? Profesora?
0xd5d74,12,どうしたの？,,Que te pasa?
0xd5d84,12,ゴミが……。,,La basura......
0xd5d94,12,入ってみる？,,Entramos?
0xd5da4,12,犬の漢字…。,,El kanji de perro...
0xd5db4,12,入ってみる？,,Entramos?
0xd5dc4,12,どうしよう！,,Que hacemos!
0xd5dd4,14,やだ…マジで？,,No...en serio?
0xd5de4,14,理科室ね……。,,El laboratorio......
0xd5e04,14,もう一度リコに,,Otra vez a Riko
0xd5e14,14,…誰…なの…？,,...Quien...eres...?
0xd5e24,14,イズミ　レイカ,,Izumi Reika
0xd5e34,14,カンベンして。,,Ya dejame en paz.
0xd5e44,14,誰か！　誰か！,,Alguien! Alguien!
0xd5e54,14,…あたし……。,,...Yo......
0xd5e64,14,よかった……。,,Que alivio......
0xd5e74,14,…どうしたの？,,...Que te pasa?
0xd5e84,14,そうだね……。,,Es cierto......
0xd5e94,14,もしかして…、,,"Sera que...,"
0xd5eb4,14,花子さぁぁん。,,Hanako-saaan.
0xd5ec4,14,それもダメ…。,,Eso tampoco sirve...
0xd5ed4,14,…鍵、大丈夫？,,"...La llave, esta bien?"
0xd5ee4,14,もう一度リコに,,Otra vez a Riko
0xd5ef4,14,ダメ！　ダメ！,,No! No!
0xd5f04,14,…そうかなあ？,,...Sera eso?
0xd5f14,14,誰か！　誰か！,,Alguien! Alguien!
0xd5f24,14,やだ…マジで？,,No...en serio?
0xd5f34,14,もしかして…、,,"Sera que...,"
0xd5f44,14,…どうしたの？,,...Que te pasa?
0xd5f54,14,あ、…うん…。,,"Ah,...si..."
0xd5f64,14,今の、ナニ…？,,Que fue eso...?
0xd5f74,14,用意がいいね。,,Que preparada estas.
0xd5f84,14,あっ、そうか。,,"Ah, ya veo."
0xd5f94,16,どうする、カナ？,,"Que hacemos, Kana?"
0xd5fa8,16,ど、どうしよう。,,Q-que hacemos.
0xd5fbc,16,いいんじゃない？,,No esta bien?
0xd5fd0,16,鏡があるのは…。,,El del espejo es...
0xd5fe4,16,ノックしてみる？,,Probamos tocando?
0xd5ff8,16,ね、これって…。,,"Oye, esto sera...?"
0xd600c,16,カナにまかせるよ,,Se lo dejo a Kana
0xd6020,16,こわいんでしょ。,,"Tienes miedo, no."
0xd6034,16,えっ、しないよ。,,"Eh, no lo hare."
0xd6048,16,花子さんなんか、,,"Lo de Hanako-san,"
0xd605c,16,早く逃げなきゃ！,,Hay que huir rapido!
0xd6070,16,どうする、カナ？,,"Que hacemos, Kana?"
0xd6084,16,鍵がかかってる。,,Esta con llave.
0xd6098,16,なにしてんだろ？,,Que estara haciendo?
0xd60ac,16,そうだ！　電気！,,Es cierto! La luz!
0xd60c0,16,どうしよう……。,,Que hacemos......
0xd60d4,16,鍵がかかってる。,,Esta con llave.
0xd60e8,16,アリサがやりなよ,,"Hazlo tu, Arisa"
0xd60fc,16,鍵がかかってる。,,Esta con llave.
0xd6110,16,自業自得でしょ。,,Eso te lo buscaste tu.
0xd6124,16,…助かったの…？,,...Nos salvamos...?
0xd6138,16,鍵がかかってる。,,Esta con llave.
0xd614c,16,２階と同じ…か。,,"Igual que en
el segundo piso..."
0xd6160,16,昼間書いたんだ。,,Lo escribi de dia.
0xd6174,16,しょうがないなあ,,No hay de otra.
0xd6188,18,幼稚園の頃だっけ？,,"Era cuando estabamos
en el jardin infantil?"
0xd619c,18,うん、わかった…。,,"Si, entendido..."
0xd61b0,18,地下もあるんだ…。,,"Tambien hay
un subterraneo..."
0xd61c4,18,え、どういう意味？,,"Eh, que quieres decir?"
0xd61d8,18,お願い！　助けて！,,Por favor! Ayuda!
0xd61ec,18,水…使えるんだね。,,"Asi que el agua
funciona."
0xd6200,18,お願い！　助けて！,,Por favor! Ayuda!
0xd6214,18,じゃあ…友達……。,,Entonces...amiga......
0xd6228,18,水…使えるんだね。,,"Asi que el agua
funciona."
0xd623c,18,早く外に出ようよ！,,"Salgamos rapido
de aqui!"
0xd6250,18,水…使えるんだね。,,"Asi que el agua
funciona."
0xd6264,18,今…旧校舎から…。,,"Recien...desde el
edificio viejo..."
0xd6278,18,やっぱり花子さん。,,"Al final si es
Hanako-san."
0xd628c,18,宿直の当番表……？,,"El horario de
guardia nocturna......?"
0xd62a0,18,地図なんかあるの？,,Hay algun mapa?
0xd62b4,18,そんなことないよ。,,Eso no es cierto.
0xd62c8,18,んじゃ、あたしが。,,"Bueno, yo lo hago."
0xd62dc,18,いいよ、やってみよ,,"Bueno, intentemoslo"
0xd62f0,18,退散してもらうの。,,Que se vaya de aqui.
0xd6304,18,それ、なんだっけ？,,"Eso, que era?"
0xd6318,18,いいよ、あたしが。,,"Bueno, yo lo hago."
0xd632c,18,…ちょっと待って。,,...Espera un poco.
0xd6340,20,わ、分かんないよ…。,,N-no se...
0xd6358,20,えっ、どういう意味？,,"Eh, que quieres decir?"
0xd6370,20,…そうだ……鏡……。,,"...Es cierto......
el espejo......"
0xd6388,20,なんで割れてるの！？,,Por que esta roto!?
0xd63a0,20,“ブンシンさま”で！,,Con Bunjin-sama!
0xd63b8,20,ねえ、早く行こうよ。,,"Oye, vamonos rapido."
0xd63d0,20,絶対なんか出そう…。,,"Seguro que va
a aparecer algo..."
0xd63e8,20,やっぱり帰ろうよ…。,,"Mejor volvamos
a casa..."
0xd6400,20,マジやばいらしいよ。,,Dicen que es muy grave.
0xd6418,20,やめてよ…そんな…。,,Basta...no digas eso...
0xd6430,20,早くここから出よう！,,Salgamos de aqui rapido!
0xd6448,20,それもいっぱい……。,,"Eso tambien,
bastante......"
0xd6460,20,なんで割れてるの！？,,Por que esta roto!?
0xd6478,20,なんで割れてるの！？,,Por que esta roto!?
0xd6490,20,へー、用意がいいね。,,"Ah, que preparada."
0xd64a8,20,とにかく早くしよっ。,,"En fin, apuremonos."
0xd64c0,20,アレって楽譜あるの？,,Eso tiene partitura?
0xd64d8,20,でも、アリサが……。,,"Pero, Arisa......"
0xd64f0,20,じゃ、担任のハヤシ？,,"Entonces, el profesor
Hayashi?"
0xd6508,20,なんで割れてるの！？,,Por que esta roto!?
0xd6520,20,じゃあ、いいじゃん。,,"Bueno, entonces
esta bien."
0xd6538,20,なんで割れてるの！？,,Por que esta roto!?
0xd6550,20,なんで割れてるの！？,,Por que esta roto!?
0xd6568,20,ダメ…つながらない。,,No sirve...no se conecta.
0xd6580,20,はがれないよぉ……。,,No se despega......
0xd6598,20,これ、何のスイッチ？,,"Este interruptor,
para que es?"
0xd65b0,20,叩けばいいんでしょ。,,"Solo hay que
golpearlo, no."
0xd65c8,20,あれ？開いてる……。,,Eh? Esta abierto......
0xd65e0,20,さ、音楽室に行くよ。,,"Vamos a la sala
de musica."
0xd65f8,20,ね、早く済ませよっ。,,"Oye, terminemos rapido."
0xd6610,20,でも、アリサが……。,,"Pero, Arisa......"
0xd6628,21,"アリサ？
どうしたの？",,"Arisa?
Que te pasa?"
0xd6640,21,"桐塚高等学校
放課後…",,"Colegio Kirizuka
Despues de clases..."
0xd6658,22,…ブンシンさま…ね…。,,"...Bunjin-sama...
claro..."
0xd6670,22,えっ！？あたしもっ！？,,Eh!? Yo tambien!?
0xd6688,22,へへ、バッチリでしょ。,,"Jeje, quedo perfecto."
0xd66a0,22,やばい！　やばいよ！！,,"Esto es grave!
Es grave!!"
0xd66b8,22,目じゃないくらい……。,,Mucho mas que eso......
0xd66d0,22,鏡……早く、鏡を……。,,"El espejo......
rapido, el espejo..."
0xd66e8,22,で、音楽室はどこなの？,,"Y bueno, donde
esta la sala de musica?"
0xd6700,22,ネコふんじゃったとか？,,"Sera esa de
Pise a un gato?"
0xd6718,22,…なんだ、鏡じゃん…。,,"...Ah, es solo
un espejo..."
0xd6730,22,早く音楽室に行こうよ。,,"Vamos rapido a
la sala de musica."
0xd6748,22,どうぞおいでください。,,"Por favor, venga."
0xd6760,22,ダメ……開かない……。,,"No sirve......
no se abre......"
0xd6778,22,２番目の個室に向かって,,"Dirigiendose al
segundo cubiculo"
0xd6790,22,あ…、カナ…待って…。,,Ah...Kana...espera...
0xd67a8,22,あれ？　メールだ……。,,Eh? Es un correo......
0xd67c0,22,マタサケオンナでしょ。,,"Es lo de la mujer
de la boca rasgada, no?"
0xd67d8,22,…なんか違くない…？？,,"...No es raro
esto...??"
0xd67f0,22,あたしに言われても…。,,"Aunque me lo
digas a mi..."
0xd6808,22,…なに…？　なんなの？,,...Que...? Que es esto?
0xd6820,22,音楽室でしょ、音楽室。,,"La sala de musica,
la sala de musica."
0xd6838,22,…なに…？　なんなの？,,...Que...? Que es esto?
0xd6850,22,音楽室って何階だっけ？,,"En que piso era
la sala de musica?"
0xd6868,22,３階よ。３階の一番奥。,,"En el tercer piso.
Al fondo del todo."
0xd6880,22,別のところを探そう…。,,"Busquemos en
otro lugar..."
0xd6898,22,音楽室に着いたけど…。,,"Llegamos a la sala
de musica, pero..."
0xd68b0,22,あれ？　開いてる……。,,Eh? Esta abierto......
0xd68c8,22,ここ…だよね…音楽室。,,"Aqui es...
la sala de musica, no."
0xd68e0,22,…じゃあ、始めますか。,,"...Bueno,
empezamos?"
0xd68f8,24,予定とかも書いてあるね。,,"Tambien esta
escrito el horario."
0xd6914,24,あと、シャーペンでする、,,"Ademas, hacerlo
con lapiz mecanico,"
0xd6930,24,とにかく、急がないと…！,,"En fin, hay que
apurarse...!"
0xd694c,24,向こうにはまだカナが…。,,"Kana todavia
esta alla..."
0xd6968,24,早く鏡を探さなくちゃ…。,,"Hay que buscar
el espejo rapido..."
0xd6984,24,まさか、落としちゃった？,,"No puede ser,
se te cayo?"
0xd69a0,24,その時の…壁のシミが…。,,"En ese momento...
la mancha en la pared..."
0xd69bc,24,あなたのうしろにいるの。,,Esta detras de ti.
0xd69d8,24,今まで、工事を始めると、,,"Hasta ahora, cada
vez que empieza
una obra,"
0xd69f4,24,ゼッタイ何かいるんだよ。,,"Seguro que hay
algo ahi."
0xd6a10,24,（鏡……早く、鏡を……）,,"(El espejo......
rapido, el espejo......)"
0xd6a2c,24,と、とにかく早く出よう！,,"En...en fin,
salgamos rapido!"
0xd6a48,24,そんな…開かないよぉ…。,,"No puede ser...
no se abre..."
0xd6a64,24,ダメ……ここは開かない。,,"No sirve......
esto no se abre."
0xd6a80,24,そうだ…あたしも…昔…。,,"Es cierto...
yo tambien...
hace tiempo..."
0xd6a9c,24,階段がふさがれてる……。,,"Las escaleras
estan bloqueadas......"
0xd6ab8,24,…壊れてるだけでしょ…？,,"...Solo esta
roto, no...?"
0xd6ad4,24,頼りになるのは…どっち？,,"En cual podemos
confiar...?"
0xd6af0,24,誰かが隠れていたりして。,,"Tal vez alguien
esta escondido."
0xd6b0c,24,えっ、なんで旧校舎に…。,,"Eh, por que en el
edificio viejo...?"
0xd6b28,24,うしろに……誰かが……。,,"Detras de mi......
alguien......"
0xd6b44,24,…壁の…水道管…の音…？,,"...El sonido...
de la cañeria
de la pared...?"
0xd6b60,24,…壁の…水道管…の音…？,,"...El sonido...
de la cañeria
de la pared...?"
0xd6b7c,24,あ、古い楽譜が残ってる。,,"Ah, quedo una
partitura vieja."
0xd6b98,25,"うん。
図書室で見つけた。",,"Si.
La encontre en
la biblioteca."
0xd6bb4,25,"馬鹿ね！
何をやってるの！",,"Que tonta!
Que estas
haciendo!"
0xd6bd0,26,…江戸川線、自殺多いよね。,,"...En la linea
Edogawa hay muchos
suicidios, no?"
0xd6bec,26,とにかく鏡を探さなきゃ…。,,"En fin, hay que
buscar el espejo..."
0xd6c08,26,昨日の深夜だったんでしょ？,,"Fue anoche muy
tarde, no?"
0xd6c24,26,そんな…閉じこめられた…？,,"No puede ser...
estamos encerradas...?"
0xd6c40,26,最近、多いよね、チェンメ。,,"Ultimamente hay
muchos correos
en cadena."
0xd6c5c,26,もうキモいし、しつこいし。,,"Ya da asco,
y es insistente."
0xd6c78,26,動かされている感じだった。,,"Se sentia como si
lo movieran."
0xd6c94,26,やっぱり…開かないよぉ…。,,"Como pense...
no se abre..."
0xd6cb0,26,もう使えないだろうけど…。,,"Ya no debe
servir, pero..."
0xd6ccc,26,とにかく誰か…、誰か……。,,"En fin, alguien...
alguien......"
0xd6ce8,26,ダメ…うまくつながらない。,,"No sirve...no
se conecta bien."
0xd6d04,26,…実は…コックリさんを…。,,"...La verdad...
Kokkuri-san..."
0xd6d20,26,３階の一番奥ね。分かった。,,"Al fondo del
tercer piso.
Entendido."
0xd6d3c,26,わかるよね。指でなぞるの。,,"Entiendes, no.
Siguelo con el dedo."
0xd6d58,26,もしも近くに鏡があるなら、,,"Si por casualidad
hay un espejo cerca,"
0xd6d74,27,"あ、あれ……？
鍵がない…。",,"Ah, que raro......?
No esta la llave..."
0xd6d90,28,いろいろ言い方が違うでしょ。,,"Hay varias formas
de decirlo, no."
0xd6db0,28,とりあえず、鏡を探さなきゃ。,,"Por ahora, hay que
buscar el espejo."
0xd6dd0,28,トイレと廊下の姿見…他は…。,,"El del baño y el
espejo del pasillo...
los demas son..."
0xd6df0,28,ええっ、なんで開かないの！？,,"Eh, por que no
se abre!?"
0xd6e10,28,で、あわてて口から出したら、,,"Y cuando lo saque
de la boca de golpe,"
0xd6e30,28,あの使われていない古い校舎、,,"Ese viejo edificio
en desuso,"
0xd6e50,28,あ、開かない！！　なんで！？,,"Ah, no se abre!!
Por que!?"
0xd6e70,28,地図を見ると、３階らしいよ。,,"Viendo el mapa,
parece que es
el tercer piso."
0xd6e90,28,とにかく、３階に行ってみよ。,,"En fin, vamos a
probar en el
tercer piso."
0xd6eb0,28,…ダメ…もう、走れないよ…。,,"...No puedo...
ya no puedo
correr mas..."
0xd6ed0,28,なんか薬品のようなにおい…。,,"Hay un olor como
a quimicos..."
0xd6ef0,28,ウワサがあった気がする……。,,"Siento que habia
un rumor......"
0xd6f10,28,どうしよう…このままじゃ…。,,"Que hacemos...
asi como estamos..."
0xd6f30,28,昔、花子さん、流行ったよね。,,"Antes, lo de
Hanako-san
era famoso."
0xd6f50,28,でも、どこにかければいいの？,,"Pero, a donde
llamo?"
0xd6f70,28,この教室の鍵ならあるけど…。,,"Tengo la llave
de esta sala,
pero..."
0xd6f90,28,なら、開ける必要ないじゃん。,,"Entonces no hay
necesidad de
abrirla."
0xd6fb0,28,フフッ…あたし、き・れ・い？,,"Jeje...soy...
l-i-n-d-a?"
0xd6fd0,28,友達から…聞いたんだけど…。,,"Me lo conto
una amiga..."
0xd6ff0,28,何度洗っても消えないって…。,,"Dicen que por mas
que lo laves, no
se borra..."
0xd7010,28,わ…わかった…、ありがとう。,,"E-entendido...
gracias."
0xd7030,30,いや…、どうすればいいの……。,,"No se......
que deberia
hacer......"
0xd7050,30,と…とにかく、ここから出よう！,,"En...en fin,
salgamos de aqui!"
0xd7070,30,ダメ。鍵がなくて開けられない。,,"No sirve. No hay
llave, no se
puede abrir."
0xd7090,30,駅前のカラオケボックスって…。,,"Lo del karaoke
frente a la
estacion..."
0xd70b0,30,チェーンメールの呪いじゃない？,,"No sera la
maldicion del
correo en cadena?"
0xd70d0,30,約束通り転送しなかったから…。,,"Porque no lo
reenvie como
prometi..."
0xd70f0,30,なんか、空気がよどんでない…？,,"No sientes que
el aire esta
viciado...?"
0xd7110,30,アリサの背中に字を書かなきゃ！,,"Hay que escribir
letras en la
espalda de Arisa!"
0xd7130,30,なんか、ヘンなにおい…しない？,,"No sientes un
olor raro...?"
0xd7150,30,ブンシンさま…ブンシンさま…、,,"Bunjin-sama...
Bunjin-sama...,"
0xd7170,30,風の音とか、気のせいじゃない？,,"No sera solo tu
imaginacion, como
el sonido del viento?"
0xd7190,30,ゴミくらいちゃんと片付けてよ。,,"Al menos ordena
bien la basura."
0xd71b0,30,風の音とか、気のせいじゃない？,,"No sera solo tu
imaginacion, como
el sonido del viento?"
0xd71d0,30,あんな、メール信じるなんて…。,,"Creer en un correo
asi..."
0xd71f0,30,やっぱり…なにも…起きない…？,,"Como pense...
no pasa nada...?"
0xd7210,30,真ん中あたりでいいんじゃない。,,"Como que en el
medio esta bien."
0xd7230,30,コックリさんの呪いを解くには、,,"Para romper la
maldicion de
Kokkuri-san,"
0xd7250,32,…そういえば…友達が見たって…。,,"...Ahora que
lo pienso...una
amiga dijo que
lo vio..."
0xd7274,32,やってみるしかないんじゃないの？,,"No queda otra que
intentarlo, no?"
0xd7298,32,まさか…これもコックリさんの！？,,"No puede ser...
esto tambien es de
Kokkuri-san!?"
0xd72bc,32,そりゃずっと使われていないから。,,"Es que hace mucho
que no se usa."
0xd72e0,32,そっちに行ってる場合じゃないよ！,,"No es momento de
ir para alla!"
0xd7304,32,まだ、音楽室に行ってないでしょ？,,"Todavia no hemos
ido a la sala de
musica, no?"
0xd7328,32,圏外にならないうちに早くかけて。,,"Llama rapido antes
de que se pierda
la señal."
0xd734c,32,ははっ、ちょっと期待しちゃった。,,"Jaja, me hice
un poco de ilusiones."
0xd7370,32,なんか、昔の映画のセットみたい。,,"Es como el set
de una pelicula
vieja."
0xd7394,32,コックリさんには関係ないでしょ？,,"No tiene que ver
con Kokkuri-san, no?"
0xd73b8,32,それより、早く音楽室に行こうよ。,,"Mejor, vamos rapido
a la sala de musica."
0xd73dc,32,ねえメグミ、もう音楽室に行こう。,,"Oye Megumi, vamos
ya a la sala de
musica."
0xd7400,32,…あたしは聞こえなかったけど…。,,"...Yo no lo
escuche, pero..."
0xd7424,32,たしかに、聞こえたんだけどなあ。,,"Yo si lo escuche,
de verdad."
0xd7448,32,…あたしは聞こえなかったけど…。,,"...Yo no lo
escuche, pero..."
0xd746c,32,たしかに、聞こえたんだけどなあ。,,"Yo si lo escuche,
de verdad."
0xd7490,32,どこらへんでコックリさんをやる？,,"Por donde hacemos
lo de Kokkuri-san?"
0xd74b4,32,外に出て、誰かに助けてもらおう！,,"Salgamos y que
alguien nos ayude!"
0xd74d8,35,"“コックリさん”で、いいん
だよね？",,"Con Kokkuri-san
esta bien, no?"
0xd74fc,35,"ブンシンさまの方がいいかな
って…。",,"Pense que tal vez
Bunjin-sama seria
mejor..."
0xd7520,35,"あと、トイレに洗面台も
あったはず。",,"Ademas, deberia
haber un lavamanos
en el baño."
0xd7544,35,"とにかく、出られるところを
探そう！",,"En fin, busquemos
por donde salir!"
0xd7568,35,"そんなとこ行ってる場合じゃ
ないよ！",,"No es momento de
ir a ese lugar!"
0xd758c,35,"多分廊下の電気のスイッチじゃ
ない？",,"No sera el
interruptor de la
luz del pasillo?"
0xd75b0,35,"目的は音楽室でしょ？
早く行こうよ。",,"El objetivo es la
sala de musica, no?
Vamos rapido."
0xd75d4,35,"目的は音楽室でしょ？
早く行こうよ。",,"El objetivo es la
sala de musica, no?
Vamos rapido."
0xd75f8,35,"目的は音楽室でしょ？
早く行こうよ。",,"El objetivo es la
sala de musica, no?
Vamos rapido."
0xd761c,35,"えーと、どこに行けば
いいんだっけ？",,"A ver, a donde
teniamos que ir?"
0xd7640,35,"まだコックリさんをしてない
でしょ。",,"Todavia no hemos
hecho Kokkuri-san."
0xd7664,37,"ほら、コックリさんって
学校によって、",,"Mira, lo de
Kokkuri-san,
segun el colegio,"
0xd768c,37,"より位の高い霊を呼び出すん
だったら、",,"Si vas a invocar
a un espiritu de
mayor rango,"
0xd76b4,37,"カナまでおかしくなっちゃう
なんて…。",,"Que hasta Kana
se pusiera rara..."
0xd76dc,37,"じゃあ、コックリさんでやって
みよう。",,"Bueno, intentemos
con Kokkuri-san."
0xd7704,37,"ほら、のりの養殖って
海でするでしょ？",,"Mira, el cultivo
de alga nori se
hace en el mar, no?"
0xd772c,37,"“もしもし…、
　あたし、みっちゃん”",,"Aloo...,
soy yo, Micchan"
0xd7754,37,"ね、コックリさんのメールが
きたの…、",,"Oye, llego un
correo de
Kokkuri-san..."
0xd777c,37,"もういいでしょ？
早く音楽室に行こう。",,"Ya esta bien, no?
Vamos rapido a la
sala de musica."
0xd77a4,37,"お願い、アリサ、協力して！
メグミも！",,"Por favor, Arisa,
ayudame! Megumi
tambien!"
0xd77cc,37,"ちょっと待ってメグミ！
どこ行くの！？",,"Espera Megumi!
A donde vas!?"
0xd77f4,37,"よかった！
あたし、あたしよ、メグミ。",,"Que alivio!
Soy yo, soy yo,
Megumi."
0xd781c,37,"叩く時に、おまじないって
あったっけ？",,"Habia algun
conjuro para
cuando se golpea?"
0xd7844,37,"ねえ、メグミ、先に音楽室に
行こうよ。",,"Oye Megumi, vamos
primero a la sala
de musica."
0xd786c,37,"やっと、あった…。さ、早く中に
入ろ。",,"Por fin, la
encontre...vamos,
entremos rapido."
0xd7894,39,"やり方は、コックリさんと同じ
なんだし。",,"El metodo es el
mismo que
Kokkuri-san."
0xd78bc,39,"じゃあ、まずブンシンさまでやって
みる。",,"Bueno, primero
probemos con
Bunjin-sama."
0xd78e4,39,"線路に飛び込んだ人を…轢いた
電車……。",,"El tren que
atropello a la
persona que salto
a las vias......"
0xd790c,39,"夜…ベッドの下を覗かない方が
いいよ…。",,"De noche...mejor
no mires debajo
de la cama..."
0xd7934,39,"いつまでたっても取り壊されない
でしょ？",,"Nunca lo terminan
de demoler, no?"
0xd795c,39,"地下に音楽室はないよ。
早く３階に行こ。",,"No hay sala de
musica en el
subterraneo. Vamos
al tercer piso."
0xd7984,39,"地下に音楽室はないよ。
早く３階に行こ。",,"No hay sala de
musica en el
subterraneo. Vamos
al tercer piso."
0xd79ac,39,"あ、そっか……。
たしかに外に出れば…。",,"Ah, ya veo......
Es cierto que si
salimos..."
0xd79d4,39,"メグミの声で、心臓が止まるかと
思った。",,"Con la voz de Megumi,
pense que se me
paraba el corazon."
0xd79fc,39,"あ、ケータイ。柱が１本だけ
立ってるよ！",,"Ah, el celular.
Solo hay una
barra de señal!"
0xd7a24,41,"すごい安いけど、使わない方が
いいみたい。",,"Es muy barato,
pero parece que
es mejor no usarlo."
0xd7a50,41,"ね、“ひとりかくれんぼ”って、
知ってる？",,"Oye, conoces lo
de Hitori
Kakurenbo?"
0xd7a7c,41,"そう。なんかうまくいきそうな気が
するの。",,"Si. Siento que
de alguna forma
va a salir bien."
0xd7aa8,41,"実は今、バイト先で２人から
告られてるの。",,"La verdad, ahora
dos chicos del
trabajo se me
declararon."
0xd7ad4,41,"怪談話に詳しい加賀美莉子
“カガミリコ”。",,"Kagami Riko,
experta en
historias de terror."
0xd7b00,41,"…今、うしろで『はぁぁぁい』って
声が…。",,"...Recien, detras
de mi, se oyo una
voz decir
Siii..."
0xd7b2c,41,"…今、うしろで『はぁぁぁい』って
声が…。",,"...Recien, detras
de mi, se oyo una
voz decir
Siii..."
0xd7b58,41,"どこから、かけているの？
ひどいノイズ…。",,"De donde llamas?
Hay mucho
ruido..."
0xd7b84,41,"ね…、２番目の個室のドア、
閉まってるよ。",,"Oye...la puerta
del segundo
cubiculo esta
cerrada."
0xd7bb0,41,"まさか…あのチェーンメールを
実行したの？",,"No puede ser...
hiciste lo del
correo en cadena?"
0xd7bdc,41,"普通にトントンって叩けば
いいんじゃない？",,"No basta con
golpear normal,
toc-toc?"
0xd7c08,41,"背中を映したまま、自分で書いても
大丈夫。",,"Esta bien
escribirlo tu
misma mientras ves
tu espalda reflejada."
0xd7c34,41,"お互いの背中に犬の文字を書けば
いいって！",,"Dicen que basta
con escribirse el
kanji de perro en
la espalda mutuamente!"
0xd7c60,43,"エンジェルさんとか、
キューピッドさまとか。",,"Como Angel-san,
o Cupido-sama."
0xd7c8c,43,"のりの中に…髪の毛が
混ざってたんだって…。",,"Dicen que se
mezclo pelo
con el alga..."
0xd7cb8,43,"…ゼッタイ、水死体の髪が
混ざったんだよ…。",,"...Seguro que era
pelo de un
ahogado..."
0xd7ce4,43,"でも…あの時は…何かが
足りなかったんだ…。",,"Pero...en ese
momento...faltaba
algo..."
0xd7d10,43,"下校前に職員室からこっそり借りて
きたから。",,"Porque lo tome
a escondidas de
la sala de
profesores."
0xd7d3c,43,"倉庫……？
この先に音楽室はなさそうだね…。",,"Una bodega......?
No parece que haya
sala de musica
mas alla..."
0xd7d68,43,"呼ぶって言っても、ケータイ使え
ないし……。",,"Aunque diga que
llame a alguien,
no puedo usar el
celular......"
0xd7d94,43,"そこは理科室でしょ？
早く音楽室に行こうよ。",,"Eso es el
laboratorio, no?
Vamos rapido a la
sala de musica."
0xd7dc0,45,"鏡で背中を映して、自分で犬の
漢字を書けば…！",,"Si reflejas tu
espalda en el
espejo y escribes
el kanji tu misma...!"
0xd7df0,45,"そんな…！紫のペンキで…
塗りつぶされてる…。",,"No puede ser...!
Esta cubierto de
pintura morada..."
0xd7e20,45,"どれも“ナナシからのメール”って
ヤツでしょ？",,"Todos son eso de
correo de
Nanashi, no?"
0xd7e50,45,"えっ、まさか、このチェンメ…
実行するつもり？",,"Eh, no puede ser,
piensas hacer lo
de este correo
en cadena...?"
0xd7e80,45,"チェンメの実行なんて、バレたら
恥ずかしいし。",,"Si se sabe que
hice lo del correo
en cadena, seria
vergonzoso."
0xd7eb0,45,"さっきの薬品のにおいって、
ここからじゃない？",,"El olor a quimicos
de antes, no sera
de aqui?"
0xd7ee0,45,"あたしのは、圏外のまま…。
でも、よかった…。",,"El mio sigue sin
señal...pero,
que alivio..."
0xd7f10,45,"旧校舎なんだよ！？
電気なんて止められてるよ！",,"Es el edificio
viejo!? La luz
esta cortada!"
0xd7f40,47,"カナって、ナナシのメールを信じて
実行したのに、",,"Kana creyo en el
correo de Nanashi
y lo hizo, pero,"
0xd7f70,47,"今からでも６人に転送すれば、
呪いが解けるかも。",,"Si lo reenvias a
6 personas ahora,
tal vez se rompa
la maldicion."
0xd7fa0,47,"旧校舎の中じゃ使えなくても、
外なら使えるって！",,"Aunque no funcione
dentro del edificio
viejo, afuera si
funciona!"
0xd7fd0,47,"じゃあ、互いの背中に“犬”の
漢字を書くことね。",,"Entonces, hay que
escribirse el kanji
de perro en la
espalda mutuamente."
0xd8000,49,"鏡があるとすれば…姿見……。
そうだ、廊下の姿見！",,"Si hay un espejo...
de cuerpo entero......
Es cierto, el del
pasillo!"
0xd8034,49,"ブンシンさまかぁ。
あたしの小学校でも流行ったよ。",,"Bunjin-sama, eh.
Tambien era famoso
en mi primaria."
0xd8068,49,"ううん、その時だけ…なんか
得体の知れないモノに、",,"No, solo en ese
momento...por algo
desconocido,"
0xd809c,49,"さすがにこのダンボールの山を
上りたくはないなあ。",,"La verdad no
quiero subir esta
montaña de cajas."
0xd80d0,49,"霊感に強いってウワサの泉レイカ
“イズミレイカ”。",,"Izumi Reika, dicen
que tiene fuerte
sensibilidad
espiritual."
0xd8104,49,"お願い…旧校舎から抜け出せなく
なっちゃったの…。",,"Por favor...ya no
podemos salir del
edificio viejo..."
0xd8138,49,"別にいいけど、先に音楽室に行って
からにしようよ。",,"No hay problema,
pero hagamoslo
despues de ir a la
sala de musica."
0xd816c,49,"別にいいけど、先に音楽室に行って
からにしようよ。",,"No hay problema,
pero hagamoslo
despues de ir a la
sala de musica."
0xd81a0,49,"コックリさんはキツネの霊だから
苦手な犬を使って、",,"Como Kokkuri-san
es un espiritu
zorro, usando un
perro, que le teme,"
0xd81d4,51,"コックリさんって、たしか狐の霊を
呼び出すんでしょ。",,"Kokkuri-san, creo
que invoca a un
espiritu zorro."
0xd8208,51,"その車両になにかがいっぱい、
はりついていたって…。",,"Dicen que ese
vagon tenia algo
pegado por todos
lados..."
0xd823c,51,"じゃあ、まだ約束の１日がたって
いないかもしれない。",,"Entonces, tal vez
no ha pasado el
dia prometido."
0xd8270,51,"２階に上がったら、ますます
出られなくなっちゃうよ！",,"Si subimos al
segundo piso, sera
aun mas dificil
salir!"
0xd82a4,51,"楽譜はもういいから、早く
コックリさんしちゃおうよ。",,"Ya dejemos la
partitura, hagamos
Kokkuri-san rapido."
0xd82d8,51,"向こうの廊下にも階段あったよね？
そっちから行こう。",,"Habia una escalera
en el otro pasillo,
no? Vamos por ahi."
0xd830c,51,"リコなら、学校の近所に住んで
いるし、コックリさんの",,"Si es Riko, vive
cerca del colegio,
y lo de Kokkuri-san"
0xd8340,51,"メールにも興味津々だったから、
駆けつけてくれそう。",,"tambien le
interesaba mucho,
asi que seguro
viene corriendo."
0xd8374,51,"電気をつければ、外の人が気づいて
くれるんじゃない？",,"Si prendemos la
luz, no se daran
cuenta los de
afuera?"
0xd83a8,53,"あたしの小学校だと、呼び出す
のが“ブンシンさま”で、",,"En mi primaria,
a quien se invoca
es a Bunjin-sama, y"
0xd83e0,53,"その方が、人間の霊を呼び出すから
安全だって言われた。",,"Decian que eso era
mas seguro porque
invoca a un
espiritu humano."
0xd8418,53,"あそこ、昔火事があって何人か
焼け死んでるんだって…。",,"Dicen que ahi hubo
un incendio hace
tiempo y murieron
quemadas varias
personas..."
0xd8450,53,"…コンビニで買ったおにぎり、
ヘンな味がしたらしいの。",,"...Dicen que el
onigiri que
compraron en la
tienda sabia raro."
0xd8488,53,"それでどっちを選んでいいか、
悩んでるの……、だから！",,"Por eso no se cual
elegir......, por
eso!"
0xd84c0,53,"『花子さ〜ん』って、声をかけると
返事が来るんだよね。",,"Si llamas diciendo
Hanako-saaan, te
responden."
0xd84f8,53,"さっき階段で、アリサが聞いた
声って、これじゃないの？",,"La voz que Arisa
oyo hace un rato en
la escalera, no
sera esta?"
0xd8530,53,"さっき階段で、アリサが聞いた声
って、これじゃないの？",,"La voz que Arisa
oyo hace un rato en
la escalera, no
sera esta?"
0xd8568,55,"もう一度、玄関を確かめてみよう。
きっと外に出られるよ！",,"Revisemos la
entrada una vez
mas. Seguro que
podemos salir!"
0xd85a0,55,"でもチェンメを実行するんだから、
コックリさんのままで、",,"Pero como vamos a
hacer lo del correo,
sigamos con
Kokkuri-san,"
0xd85d8,55,"だから、もう１回ちゃんと
やってみたいの、コックリさん。",,"Por eso quiero
hacer bien
Kokkuri-san una vez
mas."
0xd8610,55,"あたしたちだけじゃ無理だよ！
誰か詳しい人を呼ばなきゃ！",,"No podemos solas!
Hay que llamar a
alguien que sepa!"
0xd8648,55,"もしおいでになられましたら、
「はい」へお進みください。",,"Si ya ha llegado,
avance hacia el Si."
0xd8680,55,"…コックリさんをしていたって
ことは、他に人がいるのね？",,"...Si estaban
haciendo
Kokkuri-san, hay
otras personas, no?"
0xd86b8,57,"必ず関係者にトラブルや災難が
降りかかって、中止になるの。",,"Siempre les caen
problemas o
desgracias a los
que participan, y
se cancela."
0xd86f4,57,"そういえばナナシのメールに、
この校舎が昔、病院だったって",,"Ahora que lo
pienso, el correo
de Nanashi decia
que este edificio
era un hospital,"
0xd8730,59,"でもさ、あのチェンメの中に、
たまに『へえ』っていうのない？",,"Pero sabes, no tiene
a veces como un
'ah, en serio?'
esa cadena de mails?"
0xd876c,59,"コックリさんはどこでしたって、
低級な霊しか集まらないのよ。",,"No importa donde
se haga
Kokkuri-san, solo
se juntan
espiritus de bajo
nivel."
0xd87a8,65,"だって、昔やったコックリさんって
最低でも、３人は必要だったのよ。",,"Es que, el
Kokkuri-san de
antes necesitaba
por lo menos 3
personas."
0xd885c,6,本当？,,En serio?
0xd8864,6,あっ！,,Ah!
0xd886c,6,カナ！,,Kana!
0xd887c,6,えっ？,,Eh?
0xd8884,6,うん。,,Si.
0xd888c,6,なに？,,Que?
0xd88ac,6,ワナ？,,Una trampa?
0xd88b4,6,うん。,,Si.
0xd88bc,6,あっ。,,Ah.
0xd88c4,6,うん。,,Si.
0xd88cc,6,そう？,,En serio?
0xd88d4,6,こう？,,Asi?
0xd88dc,6,うん。,,Si.
0xd88e4,6,うん。,,Si.
0xd88ec,6,うん。,,Si.
0xd88f4,6,ダメ！,,No!
0xd88fc,6,あっ！,,Ah!
0xd8904,6,あっ！,,Ah!
0xd890c,6,えっ？,,Eh?
0xd8914,6,カナ！,,Kana!
0xd8924,6,うん。,,Si.
0xd892c,6,うん。,,Si.
0xd8934,6,うん。,,Si.
0xd893c,6,カナ！,,Kana!
0xd8944,6,ひぃ！,,Hii!
0xd894c,6,同じ？,,Igual?
0xd8954,6,霊感？,,Sexto sentido?
0xd895c,6,さあ？,,Quien sabe?
0xd897c,6,うん。,,Si.
0xd8984,6,あっ！,,Ah!
0xd898c,6,うん。,,Si.
0xd8994,6,校庭！,,El patio!
0xd89a4,6,えっ？,,Eh?
0xd89ac,6,写メ？,,Una foto?
0xd89bc,6,あっ。,,Ah.
0xd89cc,6,うん。,,Si.
0xd89d4,6,うん。,,Si.
0xd89dc,6,カナ！,,Kana!
0xd89e4,6,カナ！,,Kana!
0xd89ec,6,ねえ。,,Oye.
0xd89f4,6,ひっ。,,Hii.
0xd89fc,6,そう。,,Asi es.
0xd8a04,6,あっ。,,Ah.
0xd8a0c,6,うん。,,Si.
0xd8a14,6,反省。,,Reflexion.
0xd8a1c,6,えっ？,,Eh?
0xd8a24,6,うん。,,Si.
0xd8a2c,6,へえ。,,Vaya.
0xd8a34,6,うん。,,Si.
0xd8a3c,6,じゃ。,,Bueno.
0xd8a44,6,うん。,,Si.
0xd8a4c,6,うん。,,Si.
0xd8a54,8,ホント？,,En serio?
0xd8a60,8,うん…。,,Si...
0xd8a78,8,さあ…。,,Quien sabe...
0xd8a84,8,うそ…。,,No puede ser...
0xd8a90,8,リコ…。,,Riko...
0xd8a9c,8,でしょ？,,No?
0xd8aa8,8,同じ階？,,El mismo piso?
0xd8ab4,8,うん…。,,Si...
0xd8ac0,8,リコ…。,,Riko...
0xd8acc,8,そだね。,,Es cierto.
0xd8ae4,8,えっ…。,,Eh...
0xd8af0,8,でも…。,,Pero...
0xd8afc,8,姿見…。,,El espejo...
0xd8b08,8,カナ…。,,Kana...
0xd8b44,8,ひっ…。,,Hii...
0xd8b5c,8,防空壕？,,"Un refugio
antiaereo?"
0xd8b68,8,あった！,,Lo encontre!
0xd8b74,8,いやあ！,,No!
0xd8b98,8,わかった,,Entendido
0xd8bb0,8,ひっ…。,,Hii...
0xd8bc8,8,…あれ？,,...Eh?
0xd8bd4,8,ホント？,,En serio?
0xd8bec,8,じゃあ。,,Bueno.
0xd8bf8,8,私も！？,,Yo tambien!?
0xd8c04,8,ホント？,,En serio?
0xd8c28,8,さあ…。,,Quien sabe...
0xd8c34,8,うん…。,,Si...
0xd8c40,8,お願い！,,Por favor!
0xd8c4c,8,えっ…。,,Eh...
0xd8c58,8,うん…。,,Si...
0xd8c70,8,うん…。,,Si...
0xd8c88,8,行こう。,,Vamos.
0xd8c94,8,どこ…？,,Donde...?
0xd8cac,8,そうね。,,Es cierto.
0xd8cd0,8,カナ…。,,Kana...
0xd8cdc,8,手鏡…。,,Espejo de mano...
0xd8ce8,8,カナ…。,,Kana...
0xd8cf4,8,カナ…。,,Kana...
0xd8d00,8,うわっ！,,Uy!
0xd8d0c,8,でしょ。,,No?
0xd8d18,8,動物…。,,Un animal...
0xd8d24,8,へえ…。,,Ah...
0xd8d30,8,また…。,,Otra vez...
0xd8d3c,8,カナ…。,,Kana...
0xd8d54,8,呪い…？,,Una maldicion...?
0xd8d60,8,（はっ）,,(Ha)
0xd8d6c,8,うん…。,,Si...
0xd8d78,8,シセン？,,La mirada...?
0xd8d84,8,リコ…。,,Riko...
0xd8d90,8,ごめん。,,Perdon.
0xd8d9c,8,ひっ…。,,Hii...
0xd8da8,8,うそ…。,,No puede ser...
0xd8db4,8,そうね。,,Es cierto.
0xd8dc0,8,姿見…。,,El espejo...
0xd8de4,8,いやあ！,,No!
0xd8df0,8,カナ…。,,Kana...
0xd8e08,8,アリサ！,,Arisa!
0xd8e14,8,鬼門よ。,,"Es el punto
maldito."
0xd8e20,8,なんで。,,Por que.
0xd8e2c,8,そう…。,,Asi es...
0xd8e38,8,あるの。,,Si hay.
0xd8e44,8,当番表？,,"El horario de
turnos?"
0xd8e50,8,待って。,,Espera.
0xd8e5c,8,カナ…。,,Kana...
0xd8e68,8,かもね。,,Puede ser.
0xd8e74,8,あれ…。,,Eh...
0xd8e98,8,へえ…。,,Ah...
0xd8ea4,8,カナ…。,,Kana...
0xd8eb0,8,カナ…！,,Kana...!
0xd8ebc,8,でも…。,,Pero...
0xd8ec8,8,でもさ、,,"Pero sabes,"
0xd8eec,8,ええっ。,,Eeh.
0xd8ef8,8,…廊下？,,El pasillo?
0xd8f04,8,まあね。,,Mas o menos.
0xd8f10,8,リコ…。,,Riko...
0xd8f1c,8,また…。,,Otra vez...
0xd8f28,8,まあね。,,Mas o menos.
0xd8f40,8,あった！,,Lo encontre!
0xd8f4c,8,実はさ、,,"La verdad,"
0xd8f58,10,おはよっ！,,Buenos dias!
0xd8f64,10,たぶん…。,,Tal vez...
0xd8f70,10,そうなの？,,En serio?
0xd8f7c,10,それは…。,,Eso es...
0xd8f88,10,開かない？,,No se abre?
0xd8f94,10,はっ……。,,Ha......
0xd8fa0,10,そうね…。,,Es cierto...
0xd8fac,10,ひっ……。,,Hii......
0xd8fc4,10,わたしが？,,Yo?
0xd8fd0,10,キツネ！？,,Un zorro!?
0xd8fdc,10,どうだか。,,Quien sabe.
0xd8fe8,10,…うん…。,,...Si...
0xd8ff4,10,そうね…。,,Es cierto...
0xd9000,10,防空壕…。,,"El refugio
antiaereo..."
0xd900c,10,あやまる。,,Me disculpo.
0xd9018,10,どうする？,,Que hacemos?
0xd9024,10,うっ……。,,Uh......
0xd9030,10,そうね…。,,Es cierto...
0xd903c,10,汚い字…。,,Letra fea...
0xd9048,10,地下か…。,,El subterraneo...
0xd9054,10,おはよっ！,,Buenos dias!
0xd906c,10,…うん…。,,...Si...
0xd9078,10,チェンメ？,,Correo en cadena?
0xd9084,10,やってみる,,Voy a intentarlo
0xd9090,10,へいへい。,,"Si, si."
0xd90b4,10,そうなの？,,En serio?
0xd90c0,10,ねえ……。,,Oye......
0xd90cc,10,あるかな？,,Habra?
0xd90d8,10,…だから？,,Y entonces?
0xd90e4,10,そうなの？,,En serio?
0xd90f0,10,あちゃ…。,,Uy...
0xd90fc,10,あるかな？,,Habra?
0xd9114,10,えっ……。,,Eh......
0xd9120,10,ダメだ…。,,No sirve...
0xd912c,10,そうね…。,,Es cierto...
0xd9150,10,やったね！,,Lo logramos!
0xd915c,10,あっ……。,,Ah......
0xd9168,10,地図……。,,El mapa......
0xd9174,10,うん……。,,Si......
0xd9180,10,待って…。,,Espera...
0xd918c,10,着メロ…。,,"El tono de
llamada..."
0xd91a4,10,地図……。,,El mapa......
0xd91b0,10,やめておく,,Mejor no
0xd91bc,10,あ、いや。,,"Ah, no."
0xd91c8,10,…ないよ。,,...No hay.
0xd91d4,10,まだ不安？,,Todavia nerviosa?
0xd91e0,10,そうなの？,,En serio?
0xd91ec,10,ダメだ…。,,No sirve...
0xd91f8,10,そんな…。,,No puede ser...
0xd9204,10,ね、見て。,,"Oye, mira."
0xd9210,10,そうなの？,,En serio?
0xd921c,10,えっ……。,,Eh......
0xd9228,10,わたしが？,,Yo?
0xd9240,10,不発弾よ。,,"Es una bomba
sin detonar."
0xd924c,10,そっか…。,,Ya veo...
0xd9258,10,やめて…。,,Basta...
0xd9264,10,…えっ…。,,...Eh...
0xd9270,10,…やだ…。,,...No quiero...
0xd927c,10,わたしが？,,Yo?
0xd9288,10,ホントに？,,En serio?
0xd9294,10,でもさ…。,,Pero sabes...
0xd92a0,10,あいた…。,,Auch...
0xd92ac,10,よかった。,,Que alivio.
0xd92b8,10,キツネ！？,,Un zorro!?
0xd92c4,10,よかった。,,Que alivio.
0xd92d0,10,オッケー。,,Okey.
0xd92dc,10,…ホント？,,...En serio?
0xd92e8,10,アリサ…？,,Arisa...?
0xd9300,10,おはよー。,,Buenos dias.
0xd930c,10,それは…。,,Eso es...
0xd9318,10,…上の階？,,"...El piso de
arriba?"
0xd9324,10,さあ……。,,Quien sabe......
0xd9330,10,ケータイ！,,El celular!
0xd933c,10,そうだね。,,Es cierto.
0xd9348,10,…ごめん。,,...Perdon.
0xd9354,10,やろうよ。,,Hagamoslo.
0xd9360,10,（カナ…）,,(Kana...)
0xd936c,10,…ないよ。,,...No hay.
0xd9378,10,そんな…。,,No puede ser...
0xd9384,10,せっかく、,,"Con lo que costo,"
0xd9390,10,やったね！,,Lo logramos!
0xd939c,10,ええっ…。,,Eeh...
0xd93a8,10,看護師…。,,La enfermera...
0xd93b4,10,過去の…。,,Del pasado...
0xd93c0,10,そうなの？,,En serio?
0xd93d8,10,ごめん…。,,Perdon...
0xd93e4,10,理科室…。,,El laboratorio...
0xd93f0,10,わたしが？,,Yo?
0xd93fc,10,…資料室。,,"...La sala de
archivos."
0xd9408,10,……倉庫？,,......Una bodega?
0xd9414,10,あ、うん。,,"Ah, si."
0xd9420,10,そうね…。,,Es cierto...
0xd942c,10,やってみる,,Voy a intentarlo
0xd9438,10,地図……。,,El mapa......
0xd9444,10,体重計だ。,,Es una pesa.
0xd9450,10,ええっ…。,,Eeh...
0xd945c,10,足音が…。,,Los pasos...
0xd9468,10,がらん…。,,Un eco vacio...
0xd9474,10,また……。,,Otra vez......
0xd9480,10,不発弾…。,,"Una bomba
sin detonar..."
0xd948c,10,やめておく,,Mejor no
0xd9498,10,はいはい。,,"Si, si."
0xd94a4,10,ミズキ…。,,Mizuki...
0xd94b0,10,やだ……。,,No quiero......
0xd94bc,10,…リコ…。,,...Riko...
0xd94c8,12,あ、ミズキ。,,"Ah, Mizuki."
0xd94d8,12,やめなよ…。,,Basta ya...
0xd94e8,12,…アリサ…？,,...Arisa...?
0xd94f8,12,え、なんで？,,"Eh, por que?"
0xd9508,12,出口って…。,,La salida...
0xd9518,12,でしょうね。,,Seguramente.
0xd9528,12,ね、これ…。,,"Oye, esto..."
0xd9538,12,……たぶん。,,......Tal vez.
0xd9548,12,…キツネ…？,,...Un zorro...?
0xd9558,12,そうかもね。,,Puede ser.
0xd9568,12,いやああ…。,,Noooo...
0xd9578,12,２時ぐらい？,,Como a las 2?
0xd9588,12,コトダマ…。,,Kotodama...
0xd9598,12,風の抜け道？,,"Un paso de
aire?"
0xd95a8,12,どうしたの？,,Que te pasa?
0xd95b8,12,とおりゃんせ,,Toryanse
0xd95c8,12,…ミズキ…。,,...Mizuki...
0xd95d8,12,あったぁ…！,,Lo encontre...!
0xd95e8,12,どうしたの？,,Que te pasa?
0xd95f8,12,さてと……。,,Bueno......
0xd9608,12,…声？誰の？,,"...Una voz?
De quien?"
0xd9618,12,大丈夫だよ。,,Esta bien.
0xd9628,12,どうしたの？,,Que te pasa?
0xd9638,12,どうしたの？,,Que te pasa?
0xd9648,12,そうかなあ？,,Sera eso?
0xd9658,12,ね、ミズキ。,,"Oye, Mizuki."
0xd9668,12,どうしたの？,,Que te pasa?
0xd9678,12,…神隠し…。,,"...Desaparicion
misteriosa..."
0xd9688,12,…まあね…。,,...Mas o menos...
0xd9698,12,よかった…。,,Que alivio...
0xd96a8,12,どうしたの？,,Que te pasa?
0xd96b8,12,なるほどね。,,Ya veo.
0xd96c8,12,あ……うん。,,Ah......si.
0xd96d8,12,え？トイレ？,,Eh? El baño?
0xd96e8,12,たぶん…ね。,,Tal vez...
0xd96f8,12,どうしたの？,,Que te pasa?
0xd9708,12,…足音が…。,,...Los pasos...
0xd9718,12,メグミじゃ…,,No sera Megumi...
0xd9728,12,……ごめん。,,......Perdon.
0xd9738,12,キツネが…。,,Un zorro...
0xd9748,12,……下の階？,,"......El piso de
abajo?"
0xd9758,12,乗ってみる？,,Nos subimos?
0xd9768,12,どんな雑誌？,,"Que tipo de
revista?"
0xd9788,12,……ごめん。,,......Perdon.
0xd9798,12,大丈夫だよ。,,Esta bien.
0xd97a8,12,…ふぅ……。,,...Fiu......
0xd97b8,12,…まさか…。,,...No puede ser...
0xd97c8,12,当然でしょ。,,Obvio que si.
0xd97d8,12,あ、ミズキ。,,"Ah, Mizuki."
0xd97e8,12,キツネが…。,,Un zorro...
0xd97f8,12,どうしたの？,,Que te pasa?
0xd9808,12,に、逃げよ！,,H-huyamos!
0xd9818,12,ううっ……。,,Uhh......
0xd9828,12,どうしたの？,,Que te pasa?
0xd9838,12,ホントだ…。,,Es verdad...
0xd9848,12,…留守電…。,,...El contestador...
0xd9858,12,ね、お願い！,,"Oye, por favor!"
0xd9868,12,壊れてる…？,,Esta roto...?
0xd9878,12,よかった…。,,Que alivio...
0xd9888,12,戦前かな…。,,"Sera de antes
de la guerra..."
0xd9898,12,え……なに？,,Eh......que?
0xd98a8,12,別の空間…。,,"Un espacio
distinto..."
0xd98b8,12,ね、お願い。,,"Oye, por favor."
0xd98c8,12,どうしたの？,,Que te pasa?
0xd98d8,12,…うそ……。,,...No puede ser......
0xd98e8,12,どうしたの？,,Que te pasa?
0xd98f8,12,“ホント？”,,En serio?
0xd9908,12,………動物？,,..........Un animal?
0xd9918,12,…消えた…？,,...Desaparecio...?
0xd9928,12,やめてよ…。,,Basta ya...
0xd9938,12,…カナのだ。,,...Es de Kana.
0xd9948,12,なに…今の。,,Que fue eso...
0xd9958,12,…ミズキ…。,,...Mizuki...
0xd9968,12,キツネが…。,,Un zorro...
0xd9978,12,…はいはい。,,"...Si, si."
0xd9988,12,この鳴き声…,,Este sonido...
0xd9998,12,誰よ、それ。,,Quien es esa.
0xd99a8,12,どうしたの？,,Que te pasa?
0xd99b8,12,ごめん……。,,Perdon......
0xd99c8,12,ね…あれ…。,,Oye...eso...
0xd99d8,12,ケータイで？,,En el celular?
0xd99e8,12,くわしいね。,,Sabes bastante.
0xd99f8,12,あ、リコっ。,,"Ah, Riko."
0xd9a08,12,どうしたの？,,Que te pasa?
0xd9a18,12,どうしたの？,,Que te pasa?
0xd9a28,12,なんで紫色？,,Por que morado?
0xd9a38,12,キツネが…。,,Un zorro...
0xd9a48,12,そのまま帰る,,Volver asi sin mas
0xd9a58,12,早くやろうよ,,"Hagamoslo
rapido"
0xd9a68,12,やめた方が…,,Mejor no...
0xd9a78,12,水道管かな？,,Sera la cañeria?
0xd9a88,12,ありがとう。,,Gracias.
0xd9a98,12,神隠し……。,,"Desaparicion
misteriosa......"
0xd9aa8,12,意外だね…。,,Que sorpresa...
0xd9ab8,12,かごめかごめ,,Kagome Kagome
0xd9ac8,12,……ここは？,,......Y aqui?
0xd9ad8,14,そうとしか…。,,"No puede ser
otra cosa..."
0xd9ae8,14,うん、ごめん。,,"Si, perdon."
0xd9af8,14,あとはカナ…。,,Falta Kana...
0xd9b08,14,…開かない…。,,...No se abre...
0xd9b18,14,どういうこと？,,Que quieres decir?
0xd9b28,14,そういえば…。,,"Ahora que lo
pienso..."
0xd9b38,14,メグミじゃ…。,,No sera Megumi...
0xd9b48,14,間違いないよ。,,No hay duda.
0xd9b58,14,近くって……？,,"Cerca, dices......?"
0xd9b68,14,わかんない…。,,No se...
0xd9b78,14,わかった……。,,Entendido......
0xd9b98,14,なにこれ……。,,Que es esto......
0xd9ba8,14,そうみたい…。,,Parece que si...
0xd9bb8,14,…あ、はい…。,,"...Ah, si..."
0xd9bc8,14,ね、ミズキ…。,,"Oye, Mizuki..."
0xd9bd8,14,うう…ん……。,,Mmm......
0xd9be8,14,じゃ、１回だけ,,"Bueno, solo
una vez"
0xd9bf8,14,どういうこと？,,Que quieres decir?
0xd9c08,14,カナの携帯は？,,"Y el celular
de Kana?"
0xd9c18,14,…ね、ミズキ。,,"...Oye, Mizuki."
0xd9c28,14,えっ…なに…！,,Eh...que...!
0xd9c38,14,調べてみよう。,,Investiguemos.
0xd9c48,14,すごいじゃん！,,Que increible!
0xd9c58,14,もう一度……。,,Una vez mas......
0xd9c68,14,じゃ、本物…？,,"Entonces, es
real...?"
0xd9c78,14,リコ、録音して,,"Riko, graba"
0xd9c88,14,はっ……カナ！,,Ha......Kana!
0xd9c98,14,はっ……カナ！,,Ha......Kana!
0xd9ca8,14,そうかなあ…。,,Sera eso...
0xd9cb8,14,“そうなの？”,,En serio?
0xd9cc8,14,廊下に何が…？,,"Que hay en el
pasillo...?"
0xd9cd8,14,え、いいけど。,,"Eh, esta bien."
0xd9ce8,14,そうだけどさ。,,"Es cierto,
pero..."
0xd9cf8,14,万事休すか…。,,Sera el fin...
0xd9d08,14,はっ…レイカ！,,Ah...Reika!
0xd9d18,14,もう少し考えて,,"Piensa un poco
mas"
0xd9d28,14,かもしれない。,,Puede que si.
0xd9d38,14,どういうこと？,,Que quieres decir?
0xd9d48,14,…ね、地下は？,,"...Oye, y el
subterraneo?"
0xd9d58,14,えっ…なに…！,,Eh...que...!
0xd9d68,14,倉庫からだよ。,,"Viene de la
bodega."
0xd9d78,14,これ、配電盤？,,"Esto es el
tablero electrico?"
0xd9d88,14,新校舎の屋上！,,"La azotea del
edificio nuevo!"
0xd9d98,14,方法はないの？,,"No hay alguna
forma?"
0xd9da8,14,防空壕…かな。,,"Sera el refugio
antiaereo..."
0xd9db8,14,ちょっと待って,,Espera un poco
0xd9dc8,14,…苦しいよ…。,,"...Me cuesta
respirar..."
0xd9de8,14,…そうなの…？,,...En serio...?
0xd9df8,14,旧校舎の地下！,,"El subterraneo
del edificio viejo!"
0xd9e08,14,いつのまに…。,,Desde cuando...
0xd9e18,14,１階ってこと？,,"Te refieres al
primer piso?"
0xd9e28,14,……やめとく。,,......Mejor no.
0xd9e38,14,私は行かない！,,Yo no voy!
0xd9e48,14,そうなんだ…。,,Ya veo...
0xd9e58,14,……やっぱり。,,......Lo sabia.
0xd9e68,14,…どうしたの？,,...Que te pasa?
0xd9e78,14,ね、これ見て。,,"Oye, mira esto."
0xd9e88,14,鏡を持ってる？,,Tienes un espejo?
0xd9e98,14,水…？…下水？,,"Agua...?
...Alcantarilla?"
0xd9ea8,14,もう帰ろうよ。,,Volvamos ya.
0xd9eb8,14,ここの鏡も…。,,"El espejo de
aqui tambien..."
0xd9ec8,14,えっ、ここで？,,"Eh, aqui?"
0xd9ed8,14,はっ……カナ！,,Ha......Kana!
0xd9ee8,14,…ね、地下は？,,"...Oye, y el
subterraneo?"
0xd9ef8,14,あ、ホントだ。,,"Ah, es verdad."
0xd9f08,14,そうだよね…。,,Es cierto...
0xd9f18,14,やっぱりカナ…,,"Al final, Kana..."
0xd9f28,14,あちこち……。,,"Por todos
lados......"
0xd9f38,14,えっ…なに…！,,Eh...que...!
0xd9f48,14,がんばろうよ。,,"Sigamos
intentando."
0xd9f58,14,待ってミズキ。,,"Espera, Mizuki."
0xd9f78,14,じゃ、本物…？,,"Entonces, es
real...?"
0xd9f88,14,いいじゃない。,,No esta mal.
0xd9f98,14,ここ…屋上…？,,"Esto...la
azotea...?"
0xd9fa8,14,気にしないで。,,No te preocupes.
0xd9fb8,14,…開かない…。,,...No se abre...
0xd9fc8,14,声がする…誰？,,"Se oye una voz...
Quien es?"
0xd9fd8,14,…ね、地下は？,,"...Oye, y el
subterraneo?"
0xd9fe8,14,大丈夫だって。,,"Te digo que
esta bien."
0xd9ff8,14,どういうこと？,,Que quieres decir?
0xda008,14,……旧校舎…。,,"......El edificio
viejo..."
0xda018,14,あると思うの。,,Creo que hay.
0xda028,14,はくせい……？,,"Un animal
disecado......?"
0xda038,14,戦前のもの…。,,"Algo de antes
de la guerra..."
0xda048,14,音楽室から…？,,"Desde la sala
de musica...?"
0xda058,14,わからない…。,,No se...
0xda068,14,鏡が紫色に…。,,"El espejo se puso
morado..."
0xda078,14,そうします…。,,Asi lo hare...
0xda088,14,ここの鏡も…。,,"El espejo de
aqui tambien..."
0xda098,14,ここの鏡も…。,,"El espejo de
aqui tambien..."
0xda0a8,14,いいじゃない。,,No esta mal.
0xda0b8,14,えっ…なに…！,,Eh...que...!
0xda0c8,14,そうこなきゃ。,,Asi se hace.
0xda0d8,14,そうなんだ…。,,Ya veo...
0xda0e8,14,…コイン…だ。,,...Es la moneda.
0xda0f8,14,…失礼なヤツ…,,"...Que tipo mas
grosero..."
0xda108,14,じゃ、本物…？,,"Entonces, es
real...?"
0xda118,14,えっ、なにを？,,"Eh, que cosa?"
0xda128,14,じゃ、本物…？,,"Entonces, es
real...?"
0xda138,14,また着メロだ！,,"Otra vez el tono
de llamada!"
0xda148,14,すいません…。,,Disculpen...
0xda158,14,はっ……カナ！,,Ha......Kana!
0xda168,14,これは仮の姿。,,"Esta es una
forma temporal."
0xda178,16,…聞こえたよね？,,"...Lo escuchaste,
no?"
0xda18c,16,リコ、録音して。,,"Riko, graba."
0xda1a0,16,カンベンして…。,,"Ya dejame en
paz..."
0xda1b4,16,しっかりしてよ。,,Ponte las pilas.
0xda1c8,16,…あの鳴き声…。,,...Ese sonido...
0xda1dc,16,あ、そっか……。,,"Ah, ya veo......"
0xda1f0,16,やっぱりカナ…。,,"Al final, Kana..."
0xda204,16,そうだったんだ。,,Asi que era eso.
0xda218,16,もう帰ろうよ…。,,Volvamos ya...
0xda22c,16,ひょっとして…。,,Sera que...?
0xda240,16,…旧校舎…か…。,,"...El edificio
viejo..."
0xda254,16,……わかった…。,,......Entendido...
0xda268,16,……無いみたい。,,"......Parece que
no hay."
0xda27c,16,（掲示板……か）,,"(El pizarron......
eh)"
0xda290,16,あったでしょ…。,,"Si habia, no?"
0xda2a4,16,こんな時間に…。,,A esta hora...
0xda2b8,16,…音楽室のまま。,,"...Sigue siendo
la sala de musica."
0xda2cc,16,何が違うわけ？？,,"En que se
diferencia??"
0xda2e0,16,なる早できてよ！,,"Ven lo antes
posible!"
0xda2f4,16,この写真、見て。,,Mira esta foto.
0xda308,16,…その…実は…。,,"...Este...la
verdad..."
0xda31c,16,うーん……あっ。,,Mmm......Ah.
0xda330,16,えっ、どうして？,,"Eh, por que?"
0xda344,16,タチが悪いのよ。,,Es de mal gusto.
0xda358,16,知らなかった…。,,No lo sabia...
0xda36c,16,どういうこと…？,,"Que quieres
decir...?"
0xda380,16,（……旧校舎…）,,"(......El edificio
viejo...)"
0xda3a8,16,あはは、ごめん。,,"Jaja, perdon."
0xda3bc,16,えーっ、なんで？,,"Eeh, por que?"
0xda3d0,16,３階の……どこ？,,"El tercer piso......
Donde?"
0xda3e4,16,…帰ろっかな…。,,"...Mejor me
voy..."
0xda3f8,16,リコ、どうする？,,"Riko, que hacemos?"
0xda40c,16,その時は………。,,En ese caso.......
0xda420,16,それにしても…。,,Aun asi...
0xda434,16,ウワサだし……。,,"Es solo un
rumor......"
0xda448,16,そうだったんだ。,,Asi que era eso.
0xda45c,16,えっ？１人で…？,,Eh? Sola...?
0xda470,16,リコはどう思う？,,Que piensa Riko?
0xda484,16,どういうこと…？,,"Que quieres
decir...?"
0xda498,16,…霊感…ねえ…。,,"...Sexto
sentido...eh..."
0xda4ac,16,それじゃないよ。,,No es eso.
0xda4c0,16,ちょっと待って。,,Espera un poco.
0xda4d4,16,「とおりゃんせ」,,Toryanse
0xda4e8,16,その時は………。,,En ese caso.......
0xda4fc,16,待ってるからね！,,"Te voy a estar
esperando!"
0xda510,16,聞いて、聞いて！,,"Escucha, escucha!"
0xda524,16,うーん、Ｂで！！,,"Mmm, con la B!!"
0xda538,16,タチが悪いのよ。,,Es de mal gusto.
0xda54c,16,１つだけだけど。,,"Solo una, eso si."
0xda560,16,「かごめかごめ」,,Kagome Kagome
0xda574,16,そう…だけど…。,,Si...pero...
0xda588,16,見て、校舎が…。,,"Mira, el
edificio..."
0xda59c,16,幽霊じゃないの？,,"No sera un
fantasma?"
0xda5b0,16,先生を信頼して。,,"Confien en la
profesora."
0xda5c4,16,…どういうこと？,,...Que quieres decir?
0xda5d8,16,すごいホコリ…。,,Que polvo...
0xda5ec,16,……なに、今の？,,......Que fue eso?
0xda600,16,タチが悪いのよ。,,Es de mal gusto.
0xda614,16,えっ？なにそれ。,,Eh? Que es eso.
0xda628,16,私はしなかった。,,Yo no lo hice.
0xda63c,16,鍵がかかってる。,,Esta con llave.
0xda650,16,“どうしたの？”,,Que te pasa?
0xda664,16,上からじゃない？,,"No sera de
arriba?"
0xda678,16,タチが悪いのよ。,,Es de mal gusto.
0xda68c,16,ちょっと不安が…,,"Tengo un poco
de miedo..."
0xda6a0,16,“あたしもだよ”,,Yo tambien
0xda6c8,16,なんで、ここに。,,"Por que, aqui."
0xda6dc,16,しっかりしてよ。,,Ponte las pilas.
0xda6f0,16,旧校舎を見てみる,,"Voy a revisar el
edificio viejo"
0xda704,16,チェーンメール？,,Correo en cadena?
0xda718,16,１つだけだけど。,,"Solo una, eso si."
0xda72c,16,“倉庫からだよ”,,"Viene de la
bodega"
0xda740,16,…失礼なヤツ…。,,"...Que tipo mas
grosero..."
0xda754,16,まだ、鳴るんだ。,,Todavia suena.
0xda768,16,でも、さっき…。,,"Pero, hace un
rato..."
0xda77c,16,この旧校舎が…。,,"Este edificio
viejo..."
0xda790,16,割れそうだよ…。,,"Parece que se
va a romper..."
0xda7a4,16,動物、苦手なの？,,"Le tienes miedo
a los animales?"
0xda7b8,16,わたしにまかせて,,Dejamelo a mi
0xda7cc,16,アリサ！アリサ！,,Arisa! Arisa!
0xda7e0,16,どうする？入る？,,"Que hacemos?
Entramos?"
0xda7f4,16,携帯の…着メロ？,,"El tono de
llamada del
celular?"
0xda808,18,防空壕はこの奥…。,,"El refugio
antiaereo esta
mas alla..."
0xda81c,18,たしかめないと…。,,"Hay que
confirmarlo..."
0xda830,18,やってみたいけど…,,"Quiero
intentarlo, pero..."
0xda844,18,じゃあ、カナが…。,,"Entonces, Kana..."
0xda858,18,……落ち着かない…,,"......No me
puedo calmar..."
0xda86c,18,ホントだったんだ。,,Era verdad.
0xda880,18,どこで鳴いてるの？,,"Donde esta
sonando?"
0xda894,18,なにこれ……ゴミ？,,"Que es
esto......basura?"
0xda8a8,18,たぶんだけど……。,,"Tal vez, pero......"
0xda8bc,18,もう死んでるよ…。,,Ya esta muerto...
0xda8d0,18,あたし…もう限界。,,"Yo...ya no doy
mas."
0xda8e4,18,なんで…わかるの。,,Como...lo sabes.
0xda8f8,18,はあ……はあ……。,,Jah......jah......
0xda90c,18,あ、ユカリ先生…。,,"Ah, profesora
Yukari..."
0xda920,18,…もう…限界だよ。,,"...Ya no doy
mas."
0xda934,18,えっ、キツネが…？,,"Eh, un zorro...?"
0xda948,18,えっ、そうだっけ？,,"Eh, era asi?"
0xda95c,18,ユウタ、何かない？,,"Yuuta, no tienes
algo?"
0xda970,18,えっ、なんだっけ？,,"Eh, que era?"
0xda984,18,そうこなくっちゃ！,,Asi se habla!
0xda998,18,ユウタ、何かない？,,"Yuuta, no tienes
algo?"
0xda9ac,18,ムラサキババア…？,,"La vieja
morada...?"
0xda9c0,18,なに…この胸騒ぎ…,,"Que es...esta
inquietud..."
0xda9d4,18,ムラサキカガミ…？,,"El espejo
morado...?"
0xda9e8,18,かもしれないわね。,,Puede ser.
0xda9fc,18,……ダメみたい…。,,"......Parece que
no sirve..."
0xdaa10,18,１通ずつって事…？,,"Te refieres a
uno por uno...?"
0xdaa24,18,…そう、じゃあね。,,"...Bueno, nos
vemos."
0xdaa38,18,わかんないって…。,,Te digo que no se...
0xdaa4c,18,…………そうだね。,,..........Es cierto.
0xdaa60,18,うっ…空気悪っ…。,,"Uh...que aire
malo..."
0xdaa74,18,バッカじゃないの。,,Que tonta eres.
0xdaa88,18,廊下の奥ってこと？,,"Te refieres al
fondo del pasillo?"
0xdaa9c,18,鏡よ、鏡を使うの。,,"El espejo, hay
que usar el
espejo."
0xdaab0,18,…うん…わかった。,,...Si...entendido.
0xdaac4,18,え……なにそれ…。,,"Eh......que es
eso..."
0xdaad8,18,これ、旧校舎だ…。,,"Esto es el
edificio viejo..."
0xdaaec,18,開かないんでしょ？,,"No se abre, no?"
0xdab00,18,そうだよ、行こっ！,,"Asi es, vamos!"
0xdab14,18,あんたらしいって。,,"Eso es muy
tipico de ti."
0xdab28,18,…そんな気がする。,,"...Tengo esa
sensacion."
0xdab3c,18,（…カミカクシ…）,,"(...Desaparicion
misteriosa...)"
0xdab50,18,…先生…なんで…。,,"...Profesora...
por que..."
0xdab64,18,何回もかけてる訳？,,"Estas llamando
varias veces?"
0xdab78,18,教えてくれるって。,,"Dicen que nos
lo diran."
0xdab8c,18,…あ……うん……。,,...Ah......si......
0xdaba0,18,実行したから……？,,"Porque lo
hice......?"
0xdabb4,18,また…聞こえた…。,,"Otra vez...lo
escuche..."
0xdabc8,18,カギがかかってる。,,Esta con llave.
0xdabdc,18,カナに電話してみる,,"Voy a llamar
a Kana"
0xdabf0,18,えーっ、それだけ？,,"Eeh, eso es todo?"
0xdac04,18,なんで、それが…。,,"Por que, eso..."
0xdac18,18,…あたし…もう…。,,...Yo...ya...
0xdac2c,18,それじゃないって。,,Te digo que no es eso.
0xdac40,18,なんだ、違うんだ。,,"Ah, no era eso."
0xdac54,18,わたしのクラスで…,,En mi curso...
0xdac68,18,そのアドレス教えて,,"Dame esa
direccion"
0xdac7c,18,たぶん…この辺り。,,"Tal vez...por
aqui."
0xdac90,18,掃除用具入れだね。,,"Es el armario
de limpieza."
0xdaca4,18,ムラサキカガミ…？,,"El espejo
morado...?"
0xdacb8,18,…何の歌だっけ…。,,"...Que cancion
era..."
0xdaccc,18,もう大丈夫です…。,,Ya estoy bien...
0xdace0,18,またそういうこと。,,Otra vez con eso.
0xdacf4,18,うーん、あとは…。,,"Mmm, y ademas..."
0xdad08,18,わ…わらべうた…！,,"Una...cancion
infantil...!"
0xdad1c,18,コックリさんが…。,,Kokkuri-san...
0xdad30,18,じゃあ、開けるよ。,,"Bueno, voy a
abrir."
0xdad44,18,やるじゃんミズキ！,,"Nada mal,
Mizuki!"
0xdad58,18,ケータイは…どこ？,,"El celular...
donde esta?"
0xdad6c,18,うん…どこから…？,,Si...de donde...?
0xdad80,18,やばくない、それ。,,Eso es grave.
0xdad94,18,……わかりました。,,......Entendido.
0xdada8,18,…あ、思い出した。,,"...Ah, me
acorde."
0xdadbc,18,神隠しにあった…？,,"Le paso lo de
la desaparicion
misteriosa...?"
0xdadd0,18,やめてよ、もう…。,,Basta ya...
0xdade4,18,これはキツネだね。,,"Esto es un
zorro."
0xdadf8,18,まだ使えるのかな？,,"Sera que
todavia sirve?"
0xdae0c,18,向こうの方から…？,,"Desde el otro
lado...?"
0xdae20,18,そこに連れてって。,,Llevame ahi.
0xdae34,18,ムラサキババア…？,,"La vieja
morada...?"
0xdae48,20,動物って…いったい。,,"Un animal...
en serio."
0xdae60,20,ごめん、やめておくよ,,"Perdon, mejor
no"
0xdae78,20,視力検査用の紙だね。,,"Es el papel para
el examen de
vista."
0xdae90,20,さっきの着メロの…？,,"El del tono de
llamada de
antes...?"
0xdaea8,20,この階の奥の方……。,,"Al fondo de este
piso......"
0xdaec0,20,やっぱり、やめておく,,"Mejor no, al
final"
0xdaed8,20,廊下の奥の方から…？,,"Desde el fondo
del pasillo...?"
0xdaef0,20,向き合う意味もある。,,"Tambien tiene
sentido
enfrentarse."
0xdaf08,20,ふ〜ん。そうなんだ。,,Ah. Ya veo.
0xdaf20,20,ね、今の動物の毛…。,,"Oye, el pelo de
ese animal..."
0xdaf38,20,探せるかもしれない。,,"Tal vez podamos
buscarlo."
0xdaf50,20,ええっ、なにそれ…。,,"Eeh, que es
eso..."
0xdaf68,20,どうしたらいいの…。,,Que deberia hacer...
0xdaf80,20,（しまったようです）,,"(Parece que lo
guardaron)"
0xdaf98,20,…わかんないよ……。,,...No se......
0xdafb0,20,やっぱり下？いこっ！,,"El de abajo,
no? Vamos!"
0xdafc8,20,楽譜とかが残ってる。,,"Queda algo de
partitura."
0xdafe0,20,…イタチのはくせい？,,"...Una comadreja
disecada?"
0xdaff8,20,あぁ……いてて……。,,Ah......ay......
0xdb010,20,聞こえなくなった…。,,"Deje de
escucharlo..."
0xdb028,20,これ以上は無理か…。,,"Sera que no se
puede mas..."
0xdb040,20,発見されたんだって。,,"Dicen que lo
encontraron."
0xdb058,20,また…逃げられた…？,,"Otra vez...se
escapo...?"
0xdb070,20,えっ？メール………？,,"Eh? Un
correo........?"
0xdb088,20,倉庫には行ってみた？,,"Fuiste a la
bodega?"
0xdb0a0,20,……あの、先生……。,,"......Este,
profesora......"
0xdb0b8,20,うーん、無いなぁ…。,,"Mmm, no hay..."
0xdb0d0,20,（鍵がかかってる…）,,(Esta con llave...)
0xdb0e8,20,私は、怒ったけどね。,,"Yo me enoje, eso
si."
0xdb100,20,今度こそ逃がさない。,,"Esta vez no se
me escapa."
0xdb118,20,あとは…保健室とか？,,"Y ademas...la
enfermeria?"
0xdb130,20,うん。行ってみよう。,,"Si. Vamos a
ver."
0xdb148,20,あ、ミズキ、おはよ。,,"Ah, Mizuki,
buenos dias."
0xdb160,20,飾ってあったんだよ。,,"Estaba
exhibido."
0xdb178,20,壁をたたいてみよっ。,,"Golpeemos la
pared."
0xdb190,20,…また……聞こえた。,,"...Otra vez...lo
escuche."
0xdb1a8,20,落ち着け…わたし…。,,Calmate...yo...
0xdb1c0,20,彼女がイズミレイカ。,,"Ella es Izumi
Reika."
0xdb1d8,20,それじゃないでしょ。,,"No es eso, no?"
0xdb1f0,20,行方が分からないの。,,"No se sabe su
paradero."
0xdb208,20,聞こえなくなった…。,,"Deje de
escucharlo..."
0xdb220,20,聞こえなくなった…。,,"Deje de
escucharlo..."
0xdb238,20,えっ、どういうこと？,,"Eh, que quieres
decir?"
0xdb250,20,あとは…うーん……。,,"Y ademas...
mmm......"
0xdb268,20,いや、ゼッタイいや。,,"No, definitivamente
no."
0xdb280,20,カギが…かかってる。,,"Esta...con
llave."
0xdb298,20,カナはどこにいるの？,,Donde esta Kana?
0xdb2b0,20,うーん、Ａにする！！,,"Mmm, elijo la
A!!"
0xdb2c8,20,有名な都市伝説だよ。,,"Es una leyenda
urbana famosa."
0xdb2e0,20,言ってたんだからさ。,,Es que lo dijiste.
0xdb2f8,20,メグミに電話してみる,,"Voy a llamar
a Megumi"
0xdb310,20,あ、うん。そうだね。,,"Ah, si. Es
cierto."
0xdb328,20,この鳴き声…カナ…？,,"Este sonido...
Kana...?"
0xdb340,20,…やっぱり…キツネ…,,"...Al final...
un zorro..."
0xdb358,20,…うーん、わかった。,,"...Mmm,
entendido."
0xdb370,20,神隠しって…気になる,,"La desaparicion
misteriosa...me preocupa"
0xdb388,20,（強い磁場の乱れ…）,,"(Una fuerte
alteracion
magnetica...)"
0xdb3a0,20,…まさか……ナナシ？,,"...No puede
ser......Nanashi?"
0xdb3b8,20,カギが…かかってる。,,"Esta...con
llave."
0xdb3d0,20,やっぱり、やめようよ,,"Mejor dejemoslo,
al final"
0xdb3e8,20,あ、ちょっと待って。,,"Ah, espera un
poco."
0xdb400,20,今の…リコ？ミズキ？,,"Eso fue...Riko?
Mizuki?"
0xdb418,20,（失われていました）,,"(Se habia
perdido)"
0xdb430,20,チェーンメールって…,,"Lo del correo en
cadena..."
0xdb448,20,もう、分かったよ…。,,"Ya, entendi..."
0xdb460,20,どこから…聞こえる？,,"De donde...se
escucha?"
0xdb478,20,あ、そうだっけ……。,,"Ah, era asi......"
0xdb490,20,（早く歌わないと…）,,"(Hay que cantar
rapido...)"
0xdb4a8,20,（早く歌わないと…）,,"(Hay que cantar
rapido...)"
0xdb4c0,20,なんか…不安なの…。,,"No se... tengo un mal
presentimiento..."
0xdb4d8,20,そんなことないって。,,Te digo que no es asi.
0xdb4f0,20,ねえ……聞こえない？,,Oye... oyes eso?
0xdb508,20,助けに来てくれたの！,,Viniste a ayudarme!
0xdb520,20,…ちょっと待って…。,,Espera un momento...
0xdb538,20,なんか…かび臭い…。,,Huele a moho...
0xdb550,20,引き寄せてしまう…。,,Nos esta atrayendo...
0xdb568,20,あっ、中にカギが…。,,"Ah, hay una llave
adentro..."
0xdb580,20,外は目の前なのに…。,,"La salida esta justo
ahi, pero..."
0xdb598,20,ね、さっきのカギ…。,,"Oye, la llave
de antes..."
0xdb5b0,20,…しょうがないな…。,,No hay de otra...
0xdb5c8,20,誰かが言ってたっけ。,,"Alguien lo menciono,
creo."
0xdb5e0,20,発見されたんだって。,,"Dicen que la
encontraron."
0xdb5f8,20,…まさか……ナナシ？,,"...No puede
ser......Nanashi?"
0xdb610,20,薬とかが入ってる…。,,"Hay medicinas y cosas
asi..."
0xdb628,20,それはカンベンして。,,"Eso si que no,
por favor."
0xdb640,20,聞こえなくなった…。,,"Deje de
escucharlo..."
0xdb658,20,地下の資料室だけど。,,"Es la sala de archivos
del sotano."
0xdb670,22,…廊下に何がいるの…？,,"Que hay en el
pasillo...?"
0xdb688,22,あたしはじっとしてる。,,Yo me quedare quieta.
0xdb6a0,22,そんなこと言われても。,,"Aunque digas
eso..."
0xdb6b8,22,ナナシも言ってたよね。,,"Nanashi tambien
lo dijo."
0xdb6d0,22,じゃあ、どうしたら…。,,"Entonces, que
hacemos..."
0xdb6e8,22,はあ！？どういうこと？,,"Ah!? Que quiere
decir eso?"
0xdb700,22,アリサは入院中でしょ。,,"Arisa esta internada,
no?"
0xdb718,22,奥……向こう廊下の方？,,"Al fondo... del otro
pasillo?"
0xdb730,22,毛…だ……動物の毛…？,,"Es pelo... pelo de
animal...?"
0xdb748,22,……やばいよ…これ…。,,Esto... esto es malo...
0xdb760,22,あれは…カナ…の声…。,,"Esa era... la voz de
Kana..."
0xdb778,22,…とり憑かれたんだ…。,,Esta poseida...
0xdb790,22,（出来るのでしょうか）,,"(Sera posible
hacerlo?)"
0xdb7a8,22,なんで、そんなこと…。,,"Por que haria algo
asi..."
0xdb7c0,22,旧校舎って、やばいの？,,"El edificio viejo es
peligroso?"
0xdb7d8,22,ね、それ割れないかな。,,"Oye, no se
podra romper eso?"
0xdb7f0,22,選ばれた人らしいって。,,"Dicen que es alguien
elegido."
0xdb808,22,たぶん…そうだと思う。,,"Creo que si, tal vez."
0xdb820,22,カナはいそうにないね。,,"No parece que
Kana este aqui."
0xdb838,22,（図書室に行かなきゃ）,,"(Tengo que ir a la
biblioteca)"
0xdb850,22,どう？学校には慣れた？,,"Y? Ya te acostumbraste
a la escuela?"
0xdb868,22,キツネのはくせい……。,,Un zorro disecado...
0xdb880,22,早くここから出ないと…,,"Hay que salir de aqui
rapido..."
0xdb898,22,玄関から出れるかも…。,,"Tal vez podamos salir
por la entrada..."
0xdb8b0,22,きたっ！ナナシからだ。,,Llego! Es de Nanashi.
0xdb8c8,22,そんなのがあるんだ…。,,"No sabia que existia
algo asi..."
0xdb8e0,22,うん、わかりました…。,,"Si, entendido..."
0xdb8f8,22,やっぱり旧校舎の中…？,,"Al final es dentro del
edificio viejo...?"
0xdb910,22,記念だよ、キネン。ね？,,"Es un recuerdo, nada
mas. Ya esta?"
0xdb928,22,…でも疑問に思わない？,,Pero no te parece raro?
0xdb940,22,あんた、転校生でしょ？,,"Tu eres la nueva, no?"
0xdb958,22,リコも手伝いなさいよ。,,"Riko, tu
tambien ayuda."
0xdb970,22,この屋上に呼んだのか。,,"Asi que nos llamo a
esta azotea."
0xdb988,22,あ、信じてないでしょ。,,"Ah, no me crees,
verdad?"
0xdb9a0,22,連絡が取れないって…。,,"Dicen que no pueden
contactarla..."
0xdb9b8,22,他に手はないんでしょ？,,"No hay otra opcion,
verdad?"
0xdb9d0,22,でも、どうする、これ。,,"Pero, que
hacemos con esto?"
0xdb9e8,22,（キツネのはくせい…）,,(Un zorro disecado...)
0xdba00,22,何かが起きたみたいね。,,Parece que algo paso.
0xdba18,22,他に行ってない場所は？,,"Hay algun lugar donde
no hayamos ido?"
0xdba30,22,ウワサもあったような。,,"Creo que tambien
habia ese rumor."
0xdba48,22,発揮することもあるの。,,"A veces se manifiesta,
sabes."
0xdba60,22,あの人が…泉レイカ…？,,"Esa persona
es... Izumi Reika?"
0xdba78,22,タヌキのはくせいだね。,,Es un tanuki disecado.
0xdba90,22,（あれは夢だったの？）,,(Eso fue un sueno?)
0xdbaa8,22,なんで文字化けしたの？,,"Por que se
corrompio el texto?"
0xdbac0,22,倉庫は１階の奥だよね。,,"El deposito esta
al fondo, no?"
0xdbad8,22,…えっ、…開かない…。,,Eh...? No abre...
0xdbaf0,22,ジョーダン…やめてよ。,,Es broma... dejalo ya.
0xdbb08,22,なんで、そんなこと…。,,"Por que haria algo
asi..."
0xdbb20,22,チェーンメールの墓場？,,"El cementerio de
cadenas de correo?"
0xdbb38,22,地下の防空壕…か……。,,"Un refugio antiaereo
subterraneo..."
0xdbb50,22,なんか…こもってるね。,,"Se siente
encerrado, no?"
0xdbb68,22,写メ撮らせてよ、写メ。,,"Dejame tomar
una foto, una foto."
0xdbb80,22,とりあえず、上に行こ。,,"Por ahora,
vamos arriba."
0xdbb98,22,音楽室の中に消えた…。,,"Desaparecio dentro del
salon de musica..."
0xdbbb0,22,“今度こそ逃がさない”,,"""Esta vez no te dejare
escapar"""
0xdbbc8,22,（あの音……そうか！）,,(Ese sonido... ya se!)
0xdbbe0,22,…ホントに中に入るの？,,"En serio vamos
a entrar?"
0xdbbf8,22,やっぱ…やめとくよ…。,,"Mejor... lo dejo por
ahora..."
0xdbc10,22,なんで、そんなことを。,,"Por que
harias algo asi."
0xdbc28,22,どの部屋を開けてみる？,,"Cual cuarto abrimos
primero?"
0xdbc40,22,時間の軸がぶれてる…。,,"El eje del tiempo esta
distorsionado..."
0xdbc58,22,…ちょっと…言いすぎ…,,"Eso... fue
demasiado..."
0xdbc70,22,ううっ……ううっ……。,,Uuh... uuh...
0xdbc88,22,…しょうがないでしょ…,,"No hay de otra,
sabes..."
0xdbca0,22,奥には防空壕もあるの。,,"Al fondo tambien
hay un refugio."
0xdbcb8,23,"？
蓄音機がどうしたの？",,"?
Que tiene el fonografo?"
0xdbcd0,24,…鳴き声が…止まった…。,,"El sonido... se
detuvo..."
0xdbcec,24,これで何とかなりそうね。,,"Con esto creo que se
solucionara."
0xdbd08,24,じゃ…あの声は誰なの…？,,"Entonces... de
quien era esa voz?"
0xdbd24,24,そう。つまりその場所は？,,"Ya veo. Entonces ese
lugar es...?"
0xdbd40,24,…いったい何があったの？,,"Que fue lo que paso,
exactamente?"
0xdbd5c,24,ね、どうしたらいいの…。,,"Oye, que
hacemos ahora..."
0xdbd78,24,これで何とかなりそうね。,,"Con esto creo que se
solucionara."
0xdbd94,24,マジでヤバすぎだよ……。,,"Esto es demasiado feo,
en serio..."
0xdbdb0,24,リコ…もう少し考えて…。,,"Riko... piensa un poco
mas..."
0xdbdcc,24,…ミズキは怖くないの…？,,"Mizuki, no te da
miedo...?"
0xdbde8,24,気が向いたら使ってみて。,,"Usalo cuando tengas
ganas."
0xdbe04,24,いまどき神隠しなんて…。,,"Kamikakushi en esta
epoca..."
0xdbe20,24,神隠しのウワサも旧校舎…,,"El kamikakushi
tambien es de ahi..."
0xdbe3c,24,偶然かもしれないけど…。,,"Puede ser
coincidencia, pero..."
0xdbe58,24,ベッドの下にいたりして。,,"Capaz que esta debajo
de la cama."
0xdbe74,24,聞こえることがあるって。,,"Dicen que a veces se
puede escuchar."
0xdbe90,24,（花壇を調べてみよう…）,,"(Voy a revisar el
jardin...)"
0xdbeac,24,ほら…ユウタってウワサ。,,"Mira... el rumor sobre
Yuuta."
0xdbec8,24,なんか関係があるかもね。,,"Puede que tenga algo
que ver."
0xdbee4,24,霊力が高まるって噂が…。,,"Dicen que el poder
espiritual aumenta..."
0xdbf00,24,何に使われてたんだろう？,,"Para que se habra
usado esto?"
0xdbf1c,24,架空のアドレスに送るの。,,"Se envia a una
direccion falsa."
0xdbf38,24,広げるような気がして…。,,"Siento que lo esta
esparciendo..."
0xdbf54,24,すぐ削除すればいいのよ。,,"Solo hay que borrarlo
enseguida."
0xdbf70,24,聞こえることがあるって。,,"Dicen que a veces se
puede escuchar."
0xdbf8c,24,…ってことは３階…か…。,,"Entonces es en el
tercer piso..."
0xdbfa8,24,（とクギを刺されました）,,"(Me lo advirtieron bien
claro)"
0xdbfc4,24,聞こえることがあるって。,,"Dicen que a veces se
puede escuchar."
0xdbfe0,24,怒っちゃった？ごめんね。,,Te enojaste? Perdon.
0xdbffc,24,…用がないなら帰るけど。,,"Si no tienes nada que
hacer, ya me voy."
0xdc018,24,かわいくてびっくりした？,,"Te sorprendio lo linda
que es?"
0xdc034,24,レイカに相談してみない？,,"Por que no le
preguntamos a Reika?"
0xdc050,24,しっかり探して、ミズキ。,,"Busca bien, Mizuki."
0xdc06c,24,じゃあ、このキツネも…。,,"Entonces, este zorro
tambien..."
0xdc088,24,とりあえず、昇降口かな？,,"Por ahora, sera la
entrada principal?"
0xdc0a4,24,新聞…？字が読めない…。,,"Un periodico...? No
puedo leer las letras..."
0xdc0c0,24,…やっぱりダメ！怖いよ。,,"No, no puedo! Me da
miedo."
0xdc0dc,24,おばあちゃんが言ってた。,,Mi abuela lo decia.
0xdc0f8,24,１階から声が聞こえたよ。,,"Escuche una voz desde
el primer piso."
0xdc114,24,えっ、でもここは地下…。,,"Eh, pero aqui es el
sotano..."
0xdc130,24,とにかく、外に逃げよう。,,"De todos modos,
escapemos afuera."
0xdc14c,24,２組のハヤカワ…ミズキ。,,"Hayakawa, de la clase
2... Mizuki."
0xdc168,24,ほら、この壁の感じとか。,,"Mira, como se siente
esta pared."
0xdc184,24,なに、自己紹介してんの。,,"Que, te estas
presentando?"
0xdc1a0,24,気のせいでしょ…急ごっ。,,"Debe ser tu
imaginacion, apurate."
0xdc1bc,24,その直後に電話が切れた。,,"Justo despues se corto
la llamada."
0xdc1d8,24,それは鏡じゃないでしょ。,,"Eso no es un espejo,
o si?"
0xdc1f4,24,ウワサは聞いたことが…。,,He oido el rumor...
0xdc210,24,昔、音楽室だったのかな？,,"Antes era el salon de
musica?"
0xdc22c,24,…わたしからも、お願い！,,"Yo tambien te lo pido,
por favor!"
0xdc248,24,霊力が高まるって噂が…。,,"Dicen que el poder
espiritual aumenta..."
0xdc264,24,それは鏡じゃないでしょ。,,"Eso no es un espejo,
o si?"
0xdc280,24,チェーンメールの墓場…？,,"El cementerio de
cadenas de correo...?"
0xdc29c,24,ここはどこ？この音は…？,,"Donde estoy? Que es
este sonido...?"
0xdc2b8,24,ナナシはそれを知ってて、,,"Nanashi sabia eso, y"
0xdc2d4,24,…動物の…鳴き声じゃない,,"No es el sonido de un
animal..."
0xdc2f0,24,押さえてるような感じ…。,,"Se siente como si algo
lo detuviera..."
0xdc30c,24,…すごく重い空気だった。,,"El ambiente se sentia
muy pesado."
0xdc328,24,そんなことって、あるの？,,"Eso puede pasar de
verdad?"
0xdc344,24,“霊と対話できる…とか”,,"""Se puede hablar
con espiritus, dicen"""
0xdc360,24,霊力が高まるって噂が…。,,"Dicen que el poder
espiritual aumenta..."
0xdc37c,24,他の方法を探しましょう。,,"Busquemos otra
manera."
0xdc398,24,他の方法っていっても…。,,"Aunque digas otra
manera..."
0xdc3b4,24,じゃあ、カナたちはどこに,,"Entonces, donde estan
Kana y los demas"
0xdc3d0,24,わたしもやってみようかな,,"Creo que yo tambien
lo voy a intentar."
0xdc3ec,24,（鏡はどこにあるの……）,,"(Donde estara el
espejo...)"
0xdc408,24,………もう、わかったよ。,,"Ya, ya entendi."
0xdc424,24,じゃあ、やっぱりこの階？,,"Entonces es este
piso, despues de todo?"
0xdc440,24,こっちは割れている……。,,Este esta roto...
0xdc45c,24,じゃあ、一緒に開けるよ。,,"Bueno, lo abrimos
juntas."
0xdc478,24,安らかにお眠りください。,,"Descansa en paz,
por favor."
0xdc494,24,つまり鬼門に位置するの。,,"O sea que esta en
la direccion maldita."
0xdc4b0,24,したことが原因なんだし。,,"Es por algo que
nosotras hicimos."
0xdc4cc,24,あー、たしかにそうだね。,,"Ah, es cierto,
tienes razon."
0xdc4e8,24,霊力が高まるって噂が…。,,"Dicen que el poder
espiritual aumenta..."
0xdc504,24,また、レトロなガス管…。,,"Otra vez, tuberias
de gas antiguas..."
0xdc520,24,げっ、まだガスが出る…。,,"Puaj, todavia sale
gas..."
0xdc53c,24,レイカが教えたとおりだ。,,"Es tal como dijo
Reika."
0xdc558,24,はくせいが…鳴いてる…？,,"El animal disecado...
esta rugiendo...?"
0xdc574,24,…どこから…聞こえるの？,,"De donde... viene
ese sonido?"
0xdc590,25,"クラスメイトなの。
以上。",,"Es companera de
clase. Eso es todo."
0xdc5ac,26,爆弾があるから気をつけて。,,"Ten cuidado, hay
una bomba."
0xdc5c8,26,うーん、もうないと思うよ。,,"Mmm, creo que ya
no hay mas."
0xdc5e4,26,キツネ…コックリさん……。,,"Un zorro... Kokkuri-
san..."
0xdc600,26,昔からこんな感じなんだ…。,,"Siempre ha sido
asi..."
0xdc61c,26,霊が鏡を恐れている証拠よ。,,"Prueba de que el
espiritu le teme."
0xdc638,26,ナナシの正体を知ってるの？,,"Sabes quien es
Nanashi en verdad?"
0xdc654,26,ダンボールが積まれてる…。,,"Hay cajas de carton
apiladas..."
0xdc670,26,カナやメグミはどうするの？,,"Que va a pasar con
Kana y Megumi?"
0xdc68c,26,でも、どこから…逃げたら。,,"Pero, por donde...
escapamos."
0xdc6a8,26,他のところも調べてみよう。,,"Revisemos otros
lugares tambien."
0xdc6c4,26,あ、消火器をぶつければ…。,,"Ah, si le pego con
el extintor..."
0xdc6e0,26,…わたしのクラスで、２人、,,"En mi clase, dos
personas,"
0xdc6fc,26,あたしたち…帰ってきたの？,,"Nosotras... ya
regresamos?"
0xdc718,26,ウワサは昔からあったから。,,"El rumor existe
desde hace tiempo."
0xdc734,26,じゃあ…ウワサはホント…？,,"Entonces... el
rumor es verdad...?"
0xdc750,26,ね、やっぱり、やめようよ。,,"Oye, mejor no lo
hagamos."
0xdc76c,26,え、あの２人、知ってるの？,,"Eh, esas dos lo
saben?"
0xdc788,26,ああ、思い出しちゃった…。,,"Ah, ya me acorde..."
0xdc7a4,26,先生はその時、転送したの？,,"La profesora lo
reenvio ese dia?"
0xdc7c0,26,しょっちゅう出たんだよね。,,"Aparecia todo el
tiempo, sabes."
0xdc7dc,26,どこから聞こえるんだろう？,,"De donde vendra
ese sonido?"
0xdc7f8,26,霊が鏡を恐れている証拠よ。,,"Prueba de que el
espiritu le teme."
0xdc814,26,…わかったよ。１回だけね。,,"Esta bien. Solo
una vez, eh."
0xdc830,26,その時も何にもなかったし。,,"Esa vez tampoco
paso nada."
0xdc84c,26,秘密を教えてあげるからさ。,,"Te voy a contar
un secreto."
0xdc868,26,なんで、わたしが見なきゃ。,,"Por que tengo que
ver yo."
0xdc884,26,…わかった…やってみる…。,,"Esta bien... lo
voy a intentar..."
0xdc8a0,26,これ…メグミのケータイだ。,,"Este es el celular
de Megumi."
0xdc8bc,26,ね、ちょっと調べてみない？,,"Oye, no quieres
revisar un poco?"
0xdc8d8,26,戦争中の生徒会日誌だって。,,"Dicen que es el
diario de guerra."
0xdc8f4,26,いざという時は安全かも…。,,"Tal vez sirva
en una emergencia..."
0xdc910,26,気を取り直して、はじめよ。,,"Animo, empecemos."
0xdc92c,26,いまさら、なに言ってるの！,,"Que estas diciendo
ahora, tan tarde!"
0xdc948,26,わたしだって信じられない。,,"Ni yo misma puedo
creerlo."
0xdc964,26,最近生徒にすすめているのが,,"Lo que ella
les recomienda ahora"
0xdc980,26,倉庫のほうから聞こえるよ。,,"Se escucha desde
el deposito."
0xdc99c,26,どうぞ…お帰りください…。,,"Por favor... vuelva
a su lugar..."
0xdc9b8,26,やだよ、早く外に出ようよ。,,"No quiero, salgamos
rapido de aqui."
0xdc9d4,26,それで、まずはどこに行く？,,"Bueno, a donde
vamos primero?"
0xdc9f0,26,（いけなかったのでしょう）,,"(No debio haber
ido, verdad?)"
0xdca0c,26,うん、解除したんだけど…。,,"Si, lo desactive,
pero..."
0xdca28,26,（いけなかったのでしょう）,,"(No debio haber
ido, verdad?)"
0xdca44,26,うん、解除したんだけど…。,,"Si, lo desactive,
pero..."
0xdca60,26,（カギがかかっていない…）,,"(No esta cerrado
con llave...)"
0xdca7c,26,（長い間疲れてないのね…）,,"(No se ha cansado
en tanto tiempo...)"
0xdca98,26,ここは、わたしにまかせて。,,Dejame esto a mi.
0xdcab4,26,ムラサキカガミ…ってこと？,,"Osea que es...
Murasaki Kagami?"
0xdcad0,26,じゃあ、別のところ調べよ。,,"Entonces, revisemos
otro lugar."
0xdcaec,26,（さっきの…２人の会話…）,,"(Esa conversacion
de hace un rato...)"
0xdcb08,26,なんで、鏡が割られてるの？,,"Por que esta roto
el espejo?"
0xdcb24,26,（看護師…？戦時中の…？）,,"(Una enfermera...?
de la guerra...?)"
0xdcb40,26,“気のせいでしょ…急ごっ”,,"""Debe ser tu
imaginacion, apurate"""
0xdcb5c,26,また紫にぬりつぶされてる。,,"Otra vez esta
pintado de morado."
0xdcb78,26,なら…どうしたら、いいの？,,"Entonces... que
hacemos ahora?"
0xdcb94,26,ね、これってワナじゃない？,,"Oye, esto no sera
una trampa?"
0xdcbb0,26,（よかったと思いたいです）,,"(Quiero pensar
que fue bueno)"
0xdcbcc,26,でも…わたし、やっぱり…。,,"Pero... yo, la
verdad es que..."
0xdcbe8,26,おまじないとか、占いとか。,,"Cosas como hechizos
o adivinacion."
0xdcc04,26,ロッカーだね。調べてみる？,,"Es un locker.
Lo revisamos?"
0xdcc20,26,カナのケータイ探さないの？,,"No vamos a buscar
el celular de Kana?"
0xdcc3c,26,ケータイ、見つからないね。,,"No aparece el
celular, no esta."
0xdcc58,26,だから…外に出られないの？,,"Por eso... no
podemos salir?"
0xdcc74,26,今は邪悪な気配を感じない。,,"Ahora no siento
presencia maligna."
0xdcc90,26,なにこれ…薬品くさっ……。,,"Que es esto...
huele a quimicos..."
0xdccac,27,"そうだね。
どうする、リコ？",,"Es cierto.
Que hacemos, Riko?"
0xdccc8,28,まるで…本当にいるような…。,,"Parece que de
veras esta aqui..."
0xdcce8,28,大丈夫？レイカ？顔色悪いよ。,,"Estas bien? Reika?
Te ves palida."
0xdcd08,28,ここにいるのはつらいかも…。,,"Tal vez sea duro
quedarse aqui..."
0xdcd28,28,旧校舎に対する鬼門ってこと？,,"Es la direccion
maldita, verdad?"
0xdcd48,28,アリサの声とは違うと思うよ。,,"Creo que no es la
voz de Arisa."
0xdcd68,28,ちょっとミズキ、どこ行く気？,,"Oye Mizuki, a
donde vas?"
0xdcd88,28,決して間違っていないと思う。,,"Creo que no esta
nada mal."
0xdcda8,28,ははっ…笑うしかないよ……。,,"Ja... no puedo
mas que reirme..."
0xdcdc8,28,無かったときは、それまでよ。,,"Si no hay nada,
ya sera lo que sea."
0xdcde8,28,クラスメイトのあなたでしょ。,,"Tu eres su
companera, no?"
0xdce08,28,たぶん…ナゾを解かないと…。,,"Tal vez haya
que resolver esto..."
0xdce28,28,わたしたち…帰って来れたの？,,"Nosotras... pudimos
regresar?"
0xdce48,28,今…動物の鳴き声と足音が…。,,"Ahora se oyen
pasos y aullidos..."
0xdce68,28,…こんなところにキツネの霊？,,"El espiritu de un
zorro, aqui...?"
0xdce88,28,（図書室は逆方向だっけ……）,,"(La biblioteca era
para el otro lado...?)"
0xdcea8,28,みんな、ひどいやけどに傷…。,,"Todos tienen
quemaduras graves..."
0xdcec8,28,それって…チェーンメール…。,,"Eso es... una
cadena de correo..."
0xdcee8,28,クラスメイトのあなたでしょ。,,"Tu eres su
companera, no?"
0xdcf08,28,でも、いまどき神隠しって…。,,"Pero, kamikakushi
en esta epoca..."
0xdcf28,28,今…動物の鳴き声と足音が…。,,"Ahora se oyen
pasos y aullidos..."
0xdcf48,28,…こんなところにキツネの霊？,,"El espiritu de un
zorro, aqui...?"
0xdcf68,28,じゃ、先に図書室行ってるね。,,"Bueno, yo me
adelanto a la biblioteca."
0xdcf88,28,思わず声をかけたんだけど…。,,"Sin querer le
hable, pero..."
0xdcfa8,28,合唱コンクール…のポスター？,,"Un poster... del
concurso de coros?"
0xdcfc8,28,そんなサイトがあるんですか？,,"Existe un sitio
asi?"
0xdcfe8,28,あと…見落としてる場所は…。,,"Que lugar se nos
abra pasado..."
0xdd008,28,１階はもう…ないんじゃない？,,"En el primer piso
ya no queda nada, no?"
0xdd028,28,人間をだますのは珍しくない。,,"No es raro que
engane a los humanos."
0xdd048,28,誰だったか、思い出せないや。,,"No me acuerdo
quien era."
0xdd068,28,決して間違っていないと思う。,,"Creo que no esta
nada mal."
0xdd088,28,また…動物の毛が…落ちてた。,,"Otra vez... habia
pelo de animal..."
0xdd0a8,28,無かったときは、それまでよ。,,"Si no hay nada,
ya sera lo que sea."
0xdd0c8,28,ほら、都市伝説とか怖い話の。,,"Ya sabes, leyendas
urbanas y esas cosas."
0xdd0e8,28,まだ爆発するかもしれないよ。,,"Todavia podria
explotar."
0xdd108,28,クラスメイトのあなたでしょ。,,"Tu eres su
companera, no?"
0xdd128,28,早くケーサツに届けないと…。,,"Hay que avisarle
a la policia rapido..."
0xdd148,28,ミズキ、さっき見つけたアレ。,,"Mizuki, eso de
hace rato."
0xdd168,28,今…後ろで足音がしたけど…。,,"Ahora... se oyeron
pasos detras, pero..."
0xdd188,28,やっぱり…本当だったんだ…。,,"Al final... era
verdad..."
0xdd1a8,28,今…動物の鳴き声と足音が…。,,"Ahora se oyen
pasos y aullidos..."
0xdd1c8,28,…こんなところにキツネの霊？,,"El espiritu de un
zorro, aqui...?"
0xdd1e8,28,（転送…でも今ケータイは…）,,"(Reenviar... pero
ahora el celular...)"
0xdd208,28,なんだろう…落ち着かない…。,,"No se... no puedo
calmarme..."
0xdd228,28,せめてレイカが来てからでも。,,"Al menos cuando
llegue Reika."
0xdd248,28,レイカもオススメしないって。,,"Reika tampoco lo
recomienda."
0xdd268,28,おまえら…ここで何やってる？,,"Ustedes... que
hacen aqui?"
0xdd288,28,気配を感じることがあるの…。,,"A veces siento
una presencia..."
0xdd2a8,28,クラスメイトのあなたでしょ。,,"Tu eres su
companera, no?"
0xdd2c8,28,ね、レイカに相談してみない？,,"Oye, no quieres
consultarle a Reika?"
0xdd2e8,28,とにかく早くここから出よう。,,"En fin, salgamos
de aqui rapido."
0xdd308,28,今…動物の鳴き声と足音が…。,,"Ahora se oyen
pasos y aullidos..."
0xdd328,28,…こんなところにキツネの霊？,,"El espiritu de un
zorro, aqui...?"
0xdd348,28,最近、また流行ってるそうね。,,"Dicen que esta
de moda otra vez."
0xdd368,28,“こんなメール、初めて見た”,,"""Nunca habia visto
un correo asi"""
0xdd388,28,…たしかに、したんだけど…。,,"Es cierto que lo
hice, pero..."
0xdd3a8,28,カギがないと、入れないよ…。,,"Sin la llave no
podemos entrar..."
0xdd3c8,28,地下にはもう何もなさそうね。,,"Ya no parece que
haya nada aqui abajo."
0xdd3e8,28,…カナのケータイの着メロだ。,,"Es el tono del
celular de Kana."
0xdd408,28,もう１回…合わせ鏡してみる。,,"Probemos de nuevo
con el espejo doble."
0xdd428,28,…ミズキ？また…聞こえた…。,,"Mizuki? Otra
vez... lo oi..."
0xdd448,28,信じることが大事だと思うの。,,"Creo que lo
importante es creer."
0xdd468,28,…うん、入るしかないでしょ。,,"Si, no queda mas
que entrar."
0xdd488,28,…わかった、わたしも信じる。,,"Esta bien, yo
tambien voy a creer."
0xdd4a8,28,（間違いを教えてくれました）,,"(Me corrigieron
el error)"
0xdd4c8,28,これ持つと、意外と重いよ…。,,"Al agarrarlo pesa
mas de lo que crei..."
0xdd4e8,28,たぶん、これ桐塚の近所だよ。,,"Creo que esto es
cerca de Kirizuka."
0xdd508,28,さすがにムリだと思うけど…。,,"Aunque creo que
eso si es imposible..."
0xdd528,29,"ナニもいない……。
なんで…。",,"No hay nadie...
Por que..."
0xdd548,29,"そう。
行ってみようよ、地下。",,"Si.
Vamos al sotano."
0xdd568,29,"そうそう。
花子さんの親戚で、",,"Asi es.
Pariente de Hanako-san,"
0xdd588,29,"そう。
行ってみようよ、地下。",,"Si.
Vamos al sotano."
0xdd5a8,29,"違うでしょ！
ムラサキカガミ！",,"No es asi!
Es Murasaki Kagami!"
0xdd5c8,29,"わかりました。
送ってみます。",,"Entendido.
Voy a intentar enviarlo."
0xdd5e8,29,"そう。
行ってみようよ、地下。",,"Si.
Vamos al sotano."
0xdd608,30,（はくせい…。これはタヌキね）,,"(Un animal disecado...
Este es un tanuki)"
0xdd628,30,危険なことには変わらないけど。,,"Aunque sigue
siendo peligroso."
0xdd648,30,ひょっとして、とり憑かれた…？,,"Sera que...
estoy poseida...?"
0xdd668,30,きっとまだ…近くにいるはず…。,,"Seguro que aun
esta cerca..."
0xdd688,30,うん。何かの本に書いてあった。,,"Si. Lo lei
en algun libro."
0xdd6a8,30,これじゃ２階には上がれないね。,,"Asi no podemos
subir al segundo piso."
0xdd6c8,30,仕方ないよ。別の階段を探そう。,,"No hay remedio.
Buscar otra escalera."
0xdd6e8,30,古い机…。天板が傷だらけだね。,,"Un escritorio
viejo...
lleno de rayones."
0xdd708,30,…うん、アリサの事も…。あっ。,,"Si, lo de
Arisa tambien... Ah."
0xdd728,30,でも、わたしもなんともないし。,,"Pero, a mi
no me paso nada."
0xdd748,30,…なんて、いるわけないでしょ。,,"Eso no puede
existir, verdad."
0xdd768,30,サクライユウタと親友ってこと。,,"O sea que es amiga
de Sakurai Yuuta."
0xdd788,30,（カナは無事に戻ってきました）,,"(Kana regreso
sana y salva)"
0xdd7a8,30,でも、どうやって、見つけるの？,,"Pero, como
vamos a encontrarlo?"
0xdd7c8,30,そ、手がかりを教えてもらうの。,,"Si, nos dan
una pista."
0xdd7e8,30,（まだ薬品が残ってるのね……）,,"(Todavia quedan
quimicos aqui...)"
0xdd808,30,今…毛が風でかすかになびいた。,,"Ahora... el pelo
se movio con el viento."
0xdd828,30,まさか…不発弾があるなんて…。,,"No creo que haya
una bomba
sin estallar..."
0xdd848,30,（合唱コンクールのポスター？）,,"(Un poster del
concurso de coros?)"
0xdd868,30,直接メールをもらったんでしょ？,,"Recibiste el correo
directamente, no?"
0xdd888,30,もう十分アドバイスしたでしょ。,,"Ya te di
suficientes consejos."
0xdd8a8,30,（やっぱり…コックリさんの…）,,"(Al final... es
de Kokkuri-san...)"
0xdd8c8,30,（ミズキたちはどこにいるの？）,,"(Donde estaran
Mizuki y los demas?)"
0xdd8e8,30,（まずは１階を調べないと……）,,"(Primero hay
que revisar
el primer piso...)"
0xdd908,30,（まずは１階を調べないと……）,,"(Primero hay
que revisar
el primer piso...)"
0xdd928,30,鏡が…紫に塗りつぶされてる…。,,"El espejo...
esta pintado
de morado..."
0xdd948,30,合わせ鏡でカナを探しましょう。,,"Busquemos a Kana
con el espejo doble."
0xdd968,30,クスリのにおいって、ここから？,,"El olor a
medicina viene de aqui?"
0xdd988,30,ナゾを解く必要があると思うの。,,"Creo que hay
que resolver el enigma."
0xdd9a8,30,この中にいることは間違いない。,,"Seguro que
esta aqui dentro."
0xdd9c8,30,“今…後ろで足音がしたけど…”,,"""Ahora... se oyeron
pasos detras, pero..."""
0xdd9e8,30,聞かせてもらったことあるから。,,"Porque ya me lo
han contado antes."
0xdda08,30,合わせ鏡でカナを探しましょう。,,"Busquemos a Kana
con el espejo doble."
0xdda28,30,音楽室をよく探してみましょう。,,"Busquemos bien en
el salon de musica."
0xdda48,30,ダメだよ、そんな風に考えちゃ。,,"No, no pienses
asi."
0xdda68,30,え〜。そんなとこにあるかなあ？,,"Eh. Estara
en un lugar asi?"
0xdda88,30,誰かが…後ろから…わたしを…。,,"Alguien... desde
atras... a mi..."
0xddaa8,30,ま、ウワサだし、気にしないで。,,"Bueno, es solo
un rumor,
no te preocupes."
0xddac8,30,…ケータイ、落ちてないかなあ。,,"No habra caido
por aqui el celular?"
0xddae8,30,待ってミズキ。もう少し調べよ！,,"Espera Mizuki.
Revisemos un poco mas!"
0xddb08,30,ここ、何かある気がするんだ…。,,"Siento que hay
algo aqui..."
0xddb28,30,この写真、…どこで見つけたの？,,"Esta foto...
donde la encontraste?"
0xddb48,30,違う…はくせいからじゃない…。,,"No... no viene
del animal disecado..."
0xddb68,31,"…ね、知ってる？
ナナシの正体。",,"Oye, sabes...?
Quien es Nanashi
en verdad."
0xddb88,31,"大丈夫。
あたしがついてるって。",,"Tranquila.
Yo estoy contigo."
0xddba8,31,"…わかった。
わたしも、入る…。",,"Esta bien.
Yo tambien entro..."
0xddbc8,32,焦るのは分かるけど、落ち着いて。,,"Se que estas
nerviosa, pero calmate."
0xddbec,32,わかんないよ…でも何かいる……。,,"No se... pero
hay algo aqui..."
0xddc10,32,ナナシの真意はわからないけど…。,,"No se que quiere
Nanashi en realidad..."
0xddc34,32,でも、これ以上深入りするのは…。,,"Pero, meternos
mas en esto..."
0xddc58,32,みんな心配してるよ。連絡して…。,,"Todos estan
preocupados.
Avisales..."
0xddc7c,32,わたしだって、怖いよ、死ぬほど。,,"Yo tambien tengo
mucho miedo,
de verdad."
0xddca0,32,（事件は解決したかに見えました）,,"(Parecia que el
caso se habia resuelto)"
0xddcc4,32,いろいろ怖いウワサがあるけど…。,,"Hay varios rumores
de miedo, pero..."
0xddce8,32,入院したアリサが何か話したかも。,,"Tal vez Arisa,
que esta internada,
dijo algo."
0xddd0c,32,ちょっとお高くとまってるけどね。,,"Aunque es un
poco engreida."
0xddd30,32,他の鏡は使えないから、貴重かも。,,"Los otros espejos
no sirven,
este es valioso."
0xddd54,32,…先生、受け取ったことあります？,,"Profesora, usted
lo ha recibido
alguna vez?"
0xddd78,32,いるから、それ以上は広がらない。,,"Como existe, no
se esparce mas."
0xddd9c,32,ええ、検索すればすぐ出てくるわ。,,"Si, si lo buscas
sale enseguida."
0xdddc0,32,でも、３階の音楽室との関係って？,,"Pero, que relacion
tiene con el tercer piso?"
0xddde4,32,（今…声が…いったいどこから…）,,"(Esa voz... de
donde vendra...)"
0xdde08,32,地図にある音楽室の方だと思う…。,,"Creo que es el
salon de musica
del mapa..."
0xdde2c,32,…でも、なんでわたしたちだけ…。,,"Pero, por que
solo nosotras..."
0xdde50,32,…でも、たしかに“神隠し”だよ。,,"Pero, la verdad
es un kamikakushi."
0xdde74,32,どうして、ナナシがあたしたちを、,,"Por que Nanashi
a nosotras,"
0xdde98,32,ナナシってさ、性格暗そうじゃん。,,"Nanashi parece
tener un caracter
oscuro."
0xddebc,32,近い部屋から順番に調べていこう。,,"Revisemos los
cuartos mas
cercanos primero."
0xddee0,32,うーん…でも、…ちょっと不安が。,,"Mmm... pero,
tengo un poco de miedo."
0xddf04,32,ナナシの真意はわからないけど…。,,"No se que quiere
Nanashi en realidad..."
0xddf28,32,あんたのクラスのマサキとユウタ。,,"Masaki y Yuuta,
de tu clase."
0xddf4c,32,ほら、旧校舎が死体置き場とか…。,,"Ya sabes, que el
edificio viejo
era morgue..."
0xddf70,32,文字化けは…呪われた証拠じゃ…。,,"El texto corrupto...
es prueba de
una maldicion..."
0xddf94,32,あ、さっきの写真と同じじゃない？,,"Ah, no es la
misma foto de antes?"
0xddfb8,32,あの時…近くで声が聞こえたの…。,,"En ese momento...
se oyo una voz cerca..."
0xddfdc,32,ミョーに息苦しいし、蒸し暑いね。,,"Que raro, cuesta
respirar y hace calor."
0xde000,32,…あの時……鋭い視線を感じた…。,,"En ese momento...
senti una mirada
penetrante..."
0xde024,32,わたしも…一時間も耐えられない。,,"Yo tampoco...
aguantaria ni una hora."
0xde048,32,なにかを訴えるようなまなざしを。,,"Una mirada como
si quisiera decir algo."
0xde06c,32,まるで…時間が止まったみたい…。,,"Es como si el
tiempo se hubiera
detenido..."
0xde090,32,…わたし、２年１組のハヤカワ…。,,"Soy Hayakawa,
de segundo grado,
clase uno..."
0xde0b4,32,あながち、否定はできないかも…。,,"Tal vez no se
pueda negar del todo..."
0xde0d8,32,あそこはちょっと違う気がする…。,,"Siento que ahi
es diferente..."
0xde0fc,32,これもチェーンメールの呪いなの？,,"Esto tambien es
la maldicion
de la cadena?"
0xde120,32,…２時すぎ…、…ウシミツドキ…。,,"Pasadas las dos...
la hora del buey..."
0xde144,32,メグミとカナを助けたいんでしょ？,,"Quieres salvar a
Megumi y Kana, no?"
0xde168,32,…さっきから、視線を感じるの…。,,"Desde hace rato...
siento una mirada..."
0xde18c,32,（たぶん正解は…合わせ鏡の方…）,,"(Creo que la
respuesta es
el espejo doble...)"
0xde1b0,32,早くコックリさんを探さないと…。,,"Hay que buscar
a Kokkuri-san rapido..."
0xde1d4,32,たしかに…この中に音が消えた…。,,"Es cierto... el
sonido
desaparecio aqui..."
0xde1f8,32,さっきより、音が大きくなってる？,,"El sonido se
puso mas fuerte
que antes?"
0xde21c,32,鏡の破片…これ、まだ使えそう…。,,"Un pedazo de
espejo...
parece que sirve..."
0xde240,32,あれ…この置き台…取っ手がある。,,"Espera... esta
base tiene una manija."
0xde264,32,（新校舎の屋上で倒れていました）,,"(La encontraron
desmayada en
la azotea nueva)"
0xde288,32,保健室とか宿直室とかは調べたの？,,"Revisaste la
enfermeria o el
cuarto del guardia?"
0xde2ac,32,ごめんね、キモいなんて言って…。,,"Perdon por
decir que daba asco..."
0xde2d0,32,これ、蓄音機だよね、動くのかな？,,"Esto es un
fonografo, funcionara?"
0xde2f4,32,…ひょっとして…コックリさんの？,,"Sera que... es
de Kokkuri-san?"
0xde318,32,あなたたちを陥れるための罠かも。,,"Puede ser una
trampa para hundirlas."
0xde33c,32,ケータイに…録音されたまんま…。,,"Quedo grabado
en el celular, tal cual..."
0xde360,32,たしかに着メロ、聞こえたのに…。,,"De verdad se oyo
el tono, pero..."
0xde384,32,たしか、恐怖の心霊写真特集とか。,,"Creo que era un
especial de fotos
de fantasmas."
0xde3a8,32,たぶんキツネの霊のせいだと思う。,,"Creo que es por
culpa del espiritu
del zorro."
0xde3cc,32,だからアリサだけ元に戻れたんだ。,,"Por eso solo
Arisa pudo volver
a la normalidad."
0xde3f0,33,"…えっ…、廊下にいるの？
動物が？",,"Hay algo en el
pasillo? Un animal?"
0xde414,33,"なに…この胸騒ぎ…。
………はっ。",,"Que es esta
angustia...
...Ah."
0xde438,33,"そう…。
なら、探すしかないわね。",,"Ya veo...
Entonces, hay
que buscar."
0xde45c,33,"怖いよ、死ぬほど。
わたしだって。",,"Tengo mucho miedo.
Yo tambien."
0xde480,33,"前の学校の？
制服、目立ってんね。",,"De tu escuela
anterior?
Se nota el uniforme."
0xde4a4,33,"そう…。
なら、探すしかないわね。",,"Ya veo...
Entonces, hay
que buscar."
0xde4c8,33,"これ。
今日、図書室で調べたんだ。",,"Esto.
Lo investigue hoy
en la biblioteca."
0xde4ec,33,"これ。
今日、図書室で調べたんだ。",,"Esto.
Lo investigue hoy
en la biblioteca."
0xde510,33,"これ。
今日、図書室で調べたんだ。",,"Esto.
Lo investigue hoy
en la biblioteca."
0xde534,33,"内側でしょ。
ロックはずせないの？",,"Es por dentro.
No puedes destrabarlo?"
0xde558,33,"内側でしょ。
ロックはずせないの？",,"Es por dentro.
No puedes destrabarlo?"
0xde57c,33,"壊れてる…？
あたしもやってみる。",,"Esta roto...?
Dejame intentarlo
tambien."
0xde5a0,33,"じゃあ、開けるよ。
３…２…１…。",,"Bueno, lo abro.
Tres... dos... uno..."
0xde5c4,35,"この鳴き声…。
…なんかヘンだよ…。",,"Este sonido...
Hay algo raro..."
0xde5e8,35,"すごい…重い空気…。
５分が限界ね。",,"Que ambiente tan
pesado...
Cinco minutos
es el limite."
0xde60c,35,"…人間が動物の鳴き声を
まねてる…。",,"Un humano esta
imitando sonidos
de animal..."
0xde630,35,"…わたし、なんとなく
わかる気が…。",,"Siento que lo
entiendo,
mas o menos..."
0xde654,35,"そこの教室から聞こえたんじゃ
ない？",,"No sera que se
oyo desde esa aula?"
0xde678,35,"…ケータイで助けを
求めようとして、",,"Trataba de pedir
ayuda con el celular,"
0xde69c,35,"地下じゃなくて、この階を
探そうよ。",,"Busquemos en este
piso, no en el sotano."
0xde6c0,35,"昨日の夜、ヘンなメール
こなかった？",,"Anoche no te llego
un correo raro?"
0xde6e4,35,"って、おばあちゃんが
言ってました。",,"Eso fue lo que
dijo mi abuela."
0xde708,35,"ここにカナが寝てたら…
こわいよね。",,"Si Kana durmio
aqui... da miedo."
0xde72c,35,"これは別に紫色に塗られて
ないけど。",,"Este no esta
pintado de morado."
0xde750,35,"さっき音楽室で
思い出したんだけど。",,"Me acorde de algo
en el salon de musica."
0xde774,35,"生まれることもあるから
気をつけて。",,"A veces surgen,
asi que ten cuidado."
0xde798,35,"さっき音楽室で
思い出したんだけど。",,"Me acorde de algo
en el salon de musica."
0xde7bc,35,"先生が冬服までは、前ので
いいって。",,"La profesora dijo
que sirve hasta
el invierno."
0xde7e0,35,"さっき音楽室で
思い出したんだけど。",,"Me acorde de algo
en el salon de musica."
0xde804,35,"コックリさんの元となった
キツネが。",,"El zorro que dio
origen a Kokkuri-san."
0xde828,35,"ナナシに選ばれても
メーワクなだけ。",,"Que Nanashi me
elija solo es
una molestia."
0xde84c,35,"コックリさんしたこと
あるんだから。",,"Porque ya he
hecho lo de
Kokkuri-san."
0xde870,35,"今窓を割ったら、外の霊に
襲われる。",,"Si rompemos la
ventana, el espiritu
nos atacara."
0xde894,35,"一緒にコックリさんして
くれたらね。",,"Si haces Kokkuri-
san conmigo, tal vez."
0xde8b8,35,"よかった。
じゃあ、秘密、教えるね。",,"Que bueno.
Entonces, te
contare el secreto."
0xde8dc,35,"３人でコックリさんしたこと
あるの。",,"Las tres hicimos
Kokkuri-san una vez."
0xde900,35,"私はトイレの鏡の破片を
拾ったけど、",,"Yo recogi un
pedazo del espejo
del bano,"
0xde924,35,"そ、コックリさんを。
そこで見てて。",,"Si, a Kokkuri-
san. Mira desde ahi."
0xde948,35,"あたしたち、
選ばれた人じゃないの？",,"Nosotras no
somos las elegidas?"
0xde96c,35,"早く出よっ、もう十分調べた
でしょ。",,"Salgamos ya, ya
revisamos suficiente."
0xde990,35,"そうね…とても強い霊気を
感じる…。",,"Es cierto...
siento una energia
espiritual muy fuerte..."
0xde9b4,35,"１番大きかったのも、
この地域だし。",,"Y el mas grande
fue tambien
en esta zona."
0xde9d8,35,"カナたちは旧校舎で呪われたん
だよ。",,"Kana y las demas
fueron malditas
en el edificio viejo."
0xde9fc,35,"やっぱり…来なかったね…、
レイカ。",,"Al final...
no vino, verdad...
Reika."
0xdea20,35,"あたしがついてるから
ダイジョーブ。",,"Yo estoy contigo,
asi que tranquila."
0xdea44,35,"さっきのクイズが正しかったん
だよ！",,"El acertijo de antes
era correcto!"
0xdea68,35,"はぁ…、ぜんぜん頼りに
ならないよ。",,"Ah... no sirves
de nada, la verdad."
0xdea8c,35,"ここ…もしかして旧校舎？
なんで！？",,"Esto... es el
edificio viejo?
Por que!?"
0xdeab0,35,"カナ！　メグミ！
…ど…どうして…。",,"Kana! Megumi!
Por... por que..."
0xdead4,35,"過労で無念のまま死んで
しまった…。",,"Murio por exceso
de trabajo, sin
descansar en paz..."
0xdeaf8,35,"壊れてるの…？
あたしもやってみる。",,"Esta roto...?
Dejame intentarlo
tambien."
0xdeb1c,35,"そんな顔しないでよ。
大丈夫だって。",,"No pongas esa
cara. Va a estar
bien."
0xdeb40,35,"え！？い、いらないよ、
そんなのっ！",,"Eh!? No, no
quiero nada de eso!"
0xdeb64,35,"今…クスリみたいな…
においがした。",,"Ahora senti un
olor como a medicina."
0xdeb88,35,"ね、ミズキ。
トイレ、見て行かない？",,"Oye, Mizuki.
Quieres revisar
el bano?"
0xdebac,35,"ねえミズキ。
トイレ、見て行こうよ。",,"Oye Mizuki.
Vamos a revisar
el bano."
0xdebd0,35,"当たり前でしょ。
ここまで来て……。",,"Es obvio.
Despues de llegar
hasta aqui..."
0xdebf4,35,"いいよ、あたし１人で中に入る
から。",,"Esta bien, yo
entro sola."
0xdec18,35,"……聞こえたよね？
くしゃっ…て…。",,"Lo oiste,
verdad? Ese
crujido..."
0xdec3c,35,"やっぱりここで…
コックリさんを…。",,"Al final aqui...
hicieron Kokkuri-
san..."
0xdec60,35,"…あ、さっき階段でした
ニオイだ…。",,"Ah, es el mismo
olor de la escalera..."
0xdec84,35,"理科室からただよって
きてたんだ…。",,"Venia flotando
desde el laboratorio
de ciencias..."
0xdeca8,35,"彼女には邪悪なものを
感じなかった。",,"No senti nada
maligno en ella."
0xdeccc,35,"マッチにライター…電熱器…
電球…。",,"Fosforos,
encendedor...
estufa electrica, foco..."
0xdecf0,37,"ちょっとミズキ。防空壕は
地下でしょ？",,"Oye Mizuki. El
refugio esta en
el sotano, no?"
0xded18,37,"さびたりしてるけど…。
使えるのかな？",,"Esta oxidado,
pero... servira?"
0xded40,37,"上に行こうよ。
他に手はあると思うし。",,"Vamos arriba.
Debe haber
otra manera."
0xded68,37,"『かごめかごめ』の歌には
諸説あって、",,"Sobre la cancion
""Kagome Kagome""
hay varias teorias,"
0xded90,37,"どうしたの？
真面目な顔しちゃって…。",,"Que te pasa?
Pones una cara
muy seria..."
0xdedb8,37,"素手は危ないよ。
なんかぶつける物…。",,"Con las manos
es peligroso.
Algo para golpear..."
0xdede0,37,"文字化け以外に違いってあるの
かな…。",,"Habra alguna
otra diferencia,
aparte del texto raro..."
0xdee08,37,"２人で協力すれば、
なんとかなるって。",,"Si nos ayudamos
entre las dos,
se solucionara."
0xdee30,37,"…窓際のユウタが、ナナシって
ウワサ。",,"El rumor de que
Yuuta, el de la
ventana, es Nanashi."
0xdee58,37,"ホラーオタクで都市伝説マニア
だって。",,"Dicen que es fan
del horror y las
leyendas urbanas."
0xdee80,37,"でもさ、ウシミツドキって深夜
でしょ？",,"Pero la hora del
buey es de
madrugada, no?"
0xdeea8,37,"なんとなく、話しかけづらい
雰囲気…。",,"Tiene un aire
que cuesta
acercarse..."
0xdeed0,37,"昔、ピアノ教室に通わされてた
からね。",,"Es que antes me
llevaban a clases
de piano."
0xdeef8,37,"友達だけが児童公園で
見つかったって。",,"Dicen que solo su
amiga aparecio
en el parque."
0xdef20,37,"本当のことになったら…
どうしたら…。",,"Si se hace
realidad... que
vamos a hacer..."
0xdef48,37,"写真、きれいに撮れてるんだけど
なあ。",,"La foto salio
bien clara, la
verdad."
0xdef70,37,"どっかにケータイが落ちてる
ハズだよ。",,"El celular debe
haber caido
en algun lado."
0xdef98,37,"ナナシから、チェンメじゃない
やつを。",,"De Nanashi, uno
que no era cadena
de correo."
0xdefc0,37,"見落としてる…か…。
うーん……あっ。",,"Algo que se
nos paso...
Mmm... Ah."
0xdefe8,37,"『かごめかごめ』の歌には諸説
あって、",,"Sobre la cancion
""Kagome Kagome""
hay varias teorias,"
0xdf010,37,"誰かもっとちゃんとした鏡を
持ってる？",,"Alguien tiene un
espejo mejor
que este?"
0xdf038,37,"うん…どこかに風の抜け道がある
かも。",,"Si... tal vez haya
una salida de
aire por algun lado."
0xdf060,37,"さっき、旧校舎で白い人影を
見たの…。",,"Hace un rato vi
una figura blanca
en el edificio viejo..."
0xdf088,37,"ほら。あそこで本を
読んでいるでしょ。",,"Mira. Esta
leyendo un libro
alli."
0xdf0b0,37,"古い建物にウワサは付きもの
だけど…、",,"Los edificios
viejos siempre
tienen rumores, pero..."
0xdf0d8,37,"やっぱ、コックリさんしかない
でしょ。",,"Al final, no
queda otra que
Kokkuri-san."
0xdf100,37,"本当のことになったら…
どうしたら…。",,"Si se hace
realidad... que
vamos a hacer..."
0xdf128,37,"しかも、低俗なコックリさん
なんて…。",,"Y encima, un
Kokkuri-san tan
de mala calidad..."
0xdf150,37,"（ホントは転送した方が
　いいんだ…）",,"(La verdad es
mejor reenviarlo...)"
0xdf178,37,"……どこに、いるの？
…この屋上の…。",,"Donde... estan?
En esta azotea..."
0xdf1a0,37,"…今までにないぐらい…
たくさんの…。",,"Como nunca antes...
tantos..."
0xdf1c8,37,"まさか……鬼門…。
私としたことが…。",,"No puede ser...
la direccion maldita.
Que torpeza la mia..."
0xdf1f0,37,"う〜ん、地図とかあれば
いいんだけど。",,"Mmm, si tuviera
un mapa seria
mas facil."
0xdf218,37,"（死の瞬間、わたしは
　気づきました）",,"(En el momento de
mi muerte, me di
cuenta de algo)"
0xdf240,37,"う〜ん、地図とかあれば
いいんだけど。",,"Mmm, si tuviera
un mapa seria
mas facil."
0xdf268,37,"（違う未来があったの
　でしょうか？）",,"(Habra existido un
futuro diferente?)"
0xdf290,37,"（死の瞬間、わたしは
　気づきました）",,"(En el momento de
mi muerte, me di
cuenta de algo)"
0xdf2b8,37,"（違う未来があったの
　でしょうか？）",,"(Habra existido un
futuro diferente?)"
0xdf2e0,37,"“どっちもわりと有名な
　都市伝説…”",,"""Las dos son
leyendas urbanas
bastante conocidas..."""
0xdf308,37,"ナニかあったら削除すれば
いいんだし。",,"Si pasa algo,
solo hay que
borrarlo."
0xdf330,37,"やっぱり、ナナシのチェンメの
通り…。",,"Al final, tal
como decia la
cadena de Nanashi..."
0xdf358,37,"カナたちはここで、
コックリさんを…。",,"Kana y las demas
hicieron Kokkuri-
san aqui..."
0xdf380,37,"ということは、噂のまま歌を
歌えば…。",,"O sea que si
cantamos segun
el rumor..."
0xdf3a8,37,"ちょっとちょっとミズキ、
どこ行くの。",,"Oye, oye Mizuki,
a donde vas."
0xdf3d0,37,"たぶん…ナナシからの
チェーンメール…",,"Tal vez sea una
cadena de correo
de Nanashi..."
0xdf3f8,37,"あのカギを使って、
他を調べてみない？",,"Con esa llave,
no revisamos
otro lugar?"
0xdf420,37,"そうだね、何かヒントが見つかる
かも。",,"Es cierto, tal vez
encontremos alguna
pista."
0xdf448,37,"下行く前にさ、
この階調べちゃおうよ。",,"Antes de bajar,
revisemos este
piso."
0xdf470,37,"きっと…キツネなりのお礼だと
思う…。",,"Seguro que es la
forma del zorro
de agradecer..."
0xdf498,37,"チェーンメールなんて、信じちゃ
ダメ。",,"No hay que creer
en cadenas de
correo."
0xdf4c0,39,"じゃあ、あとは…鏡を使うしか
ないか…。",,"Entonces, no
queda otra que
usar el espejo..."
0xdf4e8,39,"ここのトイレの鏡、割られていた
でしょ？",,"El espejo de este
bano estaba roto,
no?"
0xdf510,39,"霊界に迷い込んだ人…それが神隠し
なの？",,"Gente perdida en
el mundo espiritual...
eso es kamikakushi?"
0xdf538,39,"キツネの霊じゃない？
コックリさんだし。",,"No sera el
espiritu del zorro?
Es Kokkuri-san."
0xdf560,39,"…えっ、カナとメグミ？
じゃあ、２人は？",,"Eh, Kana y
Megumi? Entonces,
y esas dos?"
0xdf588,39,"…ミズキの文字化けはその証拠って
事…？",,"El texto raro de
Mizuki es prueba
de eso...?"
0xdf5b0,39,"邪気が感じられない…戻ってきた
みたい。",,"No siento maldad...
parece que
regreso."
0xdf5d8,39,"彼の唯一の欠点は…ナナシ疑惑の
ヲタク、",,"Su unico defecto
es que quiza sea
el otaku Nanashi,"
0xdf600,39,"キツネの霊じゃない？
コックリさんだし。",,"No sera el
espiritu del zorro?
Es Kokkuri-san."
0xdf628,39,"２０歳までに忘れようと
思っていたのに。",,"Y pensaba
olvidarlo antes
de los veinte."
0xdf650,39,"廊下であまり携帯を見ないほうが
いいわ。",,"Mejor no mires
tanto el celular
en el pasillo."
0xdf678,39,"こういう不思議な話には詳しい
みたい…。",,"Parece que sabe
mucho de estas
historias raras..."
0xdf6a0,39,"ああ、最近ヘンなのが
流行ってるそうね。",,"Ah, dicen que
esta de moda algo
raro ultimamente."
0xdf6c8,39,"音って、建物の構造で
反響するんだよね。",,"El sonido rebota
segun la estructura
del edificio."
0xdf6f0,39,"ゴミ箱サイトよ。
転送しても安全な場所。",,"Es un sitio
basurero. Un lugar
seguro para reenviar."
0xdf718,39,"音って、建物の構造で
反響するんだよね。",,"El sonido rebota
segun la estructura
del edificio."
0xdf740,39,"防空壕の中…これ撮ったの、
どこかしら？",,"Dentro del
refugio... donde
sera que se tomo esto?"
0xdf768,39,"あ、どこかでナニカを
見落としてるとか？",,"Ah, sera que se
nos paso algo
por alto?"
0xdf790,39,"音って、建物の構造で
反響するんだよね。",,"El sonido rebota
segun la estructura
del edificio."
0xdf7b8,39,"ヤツにエラそうに言われたくない
けどね。",,"No quiero que el
me hable como si
supiera todo."
0xdf7e0,39,"わたしだって霊感なんて
ないと思うし…。",,"Yo tampoco creo
tener sexto
sentido, la verdad..."
0xdf808,39,"資料室っていうより、なんか
蔵っぽい…。",,"Mas que sala de
archivos, parece
un deposito..."
0xdf830,39,"ここのトイレの鏡、割られて
いたでしょ？",,"El espejo de este
bano estaba roto,
no?"
0xdf858,39,"まだ事件と決まったわけじゃない
けど…。",,"Todavia no se
sabe si es un
caso, pero..."
0xdf880,39,"そのとき、一緒にやった奴ら
みてみなよ。",,"Mira a los que
estuvieron ahi
en ese momento."
0xdf8a8,39,"公園や川原にもいっぱい
作られたって…。",,"Dicen que se
hicieron muchos
en parques y rios..."
0xdf8d0,39,"…ね、さっき撮った写真見せて
くれない？",,"Oye, me muestras
la foto que
tomaste recien?"
0xdf8f8,39,"他には特になさそうだし、
もう出ようか。",,"No parece haber
nada mas, salgamos
ya."
0xdf920,39,"あんたのような人でも怖いもんが
あるの？",,"Alguien como tu
tambien le tiene
miedo a algo?"
0xdf948,39,"“あんた”はやめて。レイカで
いいから。",,"""Ustedes"" no,
por favor. Solo
dime Reika."
0xdf970,39,"キツネの霊じゃない？
コックリさんだし。",,"No sera el
espiritu del zorro?
Es Kokkuri-san."
0xdf998,39,"まだ調べてないところがあるん
じゃない？",,"No habra algun
lugar que aun no
revisamos?"
0xdf9c0,39,"いいじゃん。
ね、友達を助けると思って。",,"Dale, animate.
Piensa que es
para ayudar a una amiga"
0xdf9e8,39,"じゃ、今晩２時、新校舎の屋上に
集合ね。",,"Bueno, nos vemos
a las dos en la
azotea del edificio
nuevo."
0xdfa10,39,"なんか出そうだから、行きたく
ないなぁ。",,"Como que va a
salir algo, no
tengo ganas de ir."
0xdfa38,39,"チェーンメールは転送しなくても
大丈夫。",,"No hace falta
reenviar la cadena
de correo."
0xdfa60,39,"（調べてみたら…キツネの
　毛でした…）",,"(Al revisar...
era pelo de zorro...)"
0xdfa88,39,"あそこで、コックリさんなんか
したら…。",,"Si hicieramos
Kokkuri-san alli..."
0xdfab0,39,"あう……なにこれ……、
ガスの臭い……。",,"Auu... que es
esto... huele
a gas..."
0xdfad8,39,"ね、せっかくだから中を探検して
みない？",,"Oye, ya que
estamos, no
exploramos adentro?"
0xdfb00,39,"（まずは、１階を探索して
　みましょう）",,"(Primero,
exploremos el
primer piso)"
0xdfb28,39,"キツネの霊じゃない？
コックリさんだし。",,"No sera el
espiritu del zorro?
Es Kokkuri-san."
0xdfb50,39,"（校舎の屋上にも２人は
　いなかった…）",,"(Tampoco estaban
en la azotea del
edificio...)"
0xdfb78,39,"病院じゃないんだから…、
おかしいよ…。",,"No es un
hospital... esto
no tiene sentido..."
0xdfba0,39,"剥製はちゃんと成仏しているから
大丈夫。",,"El animal disecado
ya descanso en
paz, tranquila."
0xdfbc8,39,"（キツネ…？
　違う…これは、カナ…！）",,"(Un zorro...?
No... esto es
Kana...!)"
0xdfbf0,39,"合わせ鏡……別に何も起こらない
けど…。",,"El espejo doble...
no pasa nada,
pero..."
0xdfc18,39,"これが…“コックリさん”…の
正体なの？",,"Esta es... la
verdadera forma
de Kokkuri-san?"
0xdfc40,39,"たぶんね。
ちゃんと供養してあげないと。",,"Supongo que si.
Hay que darle
un funeral digno."
0xdfc68,39,"あたしだって怖いよ。
キツネの霊だしさ。",,"Yo tambien tengo
miedo. Es el
espiritu de un zorro."
0xdfc90,39,"中から何が出てきてもびっくり
しない事。",,"No te asustes,
pase lo que
pase, de adentro."
0xdfcb8,39,"カギとコックリさんの紙は
あったけど…。",,"Habia una llave
y el papel de
Kokkuri-san, pero..."
0xdfce0,41,"…コックリさん…だから…
キツネの霊が…。",,"Kokkuri-san...
por eso... el
espiritu del zorro..."
0xdfd0c,41,"ね、看護師が写っている写真、
他にないの。",,"Oye, no hay otra
foto donde salga
la enfermera?"
0xdfd38,41,"それじゃあミズキ。
合わせ鏡をやってみて。",,"Bueno Mizuki.
Proba con el
espejo doble."
0xdfd64,41,"２人に会いたいという思いが１番
強いのは、",,"La que mas
quiere volver a
verlas es,"
0xdfd90,41,"あ、カナ？
ミズキだけど、今どこにいるの？",,"Ah, Kana?
Soy Mizuki, donde
estas ahora?"
0xdfdbc,41,"ミズキはどう？
チェンメ回ってこなかった？",,"Y a ti, Mizuki?
No te llego
ninguna cadena?"
0xdfde8,41,"音楽室でコックリさんをすると…
神隠し…。",,"Si haces Kokkuri-
san en el salon
de musica...
kamikakushi..."
0xdfe14,41,"そっちの方が効果あると思う。
やってみて。",,"Creo que eso es
mas efectivo.
Intentalo."
0xdfe40,41,"わたしだってチェンメは
無視しまくりだよ。",,"Yo tambien
ignoro las cadenas
de correo, sabes."
0xdfe6c,41,"２人に会いたいという思いが１番
強いのは、",,"La que mas
quiere volver a
verlas es,"
0xdfe98,41,"カナたちはチェーンメールを
実行した……。",,"Kana y las demas
reenviaron la
cadena de correo..."
0xdfec4,41,"もしも、わたしたちが
“選ばれた”のなら、",,"Si nosotras
fuimos las
""elegidas"","
0xdfef0,41,"（多くの謎は解明されてないまま
　です…）",,"(Muchos misterios
siguen sin
resolverse...)"
0xdff1c,41,"……保健室…独特のにおいが
…こもってる。",,"La enfermeria...
tiene un olor
raro y encerrado."
0xdff48,41,"（図書室は廊下の右側奥だった
　はず……）",,"(La biblioteca
debia estar al
fondo a la derecha...)"
0xdff74,41,"でも、これは別に紫色に
塗られてないけど。",,"Pero, este no
esta pintado de
morado."
0xdffa0,41,"ホラーオタクで都市伝説マニア
らしいって。",,"Dicen que es fan
del horror y las
leyendas urbanas."
0xdffcc,41,"『チェーンメールの墓場』
というサイトね。",,"Es el sitio
llamado ""El
cementerio de cadenas""."
0xdfff8,41,"やっぱり、そう。
音楽室。音が反響する…。",,"Tal como pense.
El salon de
musica. El sonido
rebota..."
0xe0024,41,"生徒の行方が分からなくなって
いるんです。",,"Una alumna
desaparecio y no
sabemos donde esta."
0xe0050,41,"もうそこまで知れているの？
困ったものね。",,"Ya sabes tanto?
Que problema,
la verdad."
0xe007c,41,"そんなにこわい顔しないでよ。
同じでしょ。",,"No pongas esa
cara de miedo.
Es lo mismo."
0xe00a8,41,"遠くから隠れてこっそり見てんじゃ
ないの？",,"No estaras
espiando a
escondidas desde lejos?"
0xe00d4,41,"神隠しにあったってウワサだし…
やめとく。",,"Dicen que le
paso lo del
kamikakushi...
mejor no."
0xe0100,41,"大丈夫だって。
あたし、昔、小学校の屋上で",,"Tranquila, en
serio. Antes, en
la azotea de la primaria,"
0xe012c,41,"早く探さないと、大変なことに
なるかも…。",,"Si no buscamos
rapido, podria
pasar algo grave..."
0xe0158,41,"ウワサだけどね…。
あたしって優しいなあ。",,"Es solo un
rumor, eh... Que
buena que soy."
0xe0184,41,"だから…コックリさんなんかに
頼っても…。",,"Por eso...
aunque confiemos
en Kokkuri-san..."
0xe01b0,41,"それじゃあミズキ。
合わせ鏡をやってみて。",,"Bueno Mizuki.
Proba con el
espejo doble."
0xe01dc,41,"２人に会いたいという思いが１番
強いのは、",,"La que mas
quiere volver a
verlas es,"
0xe0208,41,"…これ、メグミの…さっき屋上で
見つけた。",,"Esto es de
Megumi... lo
encontre en la azotea."
0xe0234,41,"どこ行くのっ！？
倉庫はそっちじゃないよ！",,"A donde vas!?
El deposito no
es por ahi!"
0xe0260,41,"もともと東京大空襲や、
関東大震災の被害が",,"Desde antes, los
danos del bombardeo
de Tokio y el gran
terremoto de Kanto"
0xe028c,41,"戦争で死んだ人の霊がいっぱい
いるって…。",,"Dicen que hay
muchos espiritus
de los que murieron
en la guerra..."
0xe02b8,41,"真相を聞き出すのは…、悪くないと
思う…。",,"Creo que no esta
mal tratar de
saber la verdad..."
0xe02e4,41,"なんで、私がそこまでしなきゃ
いけないの。",,"Por que tengo
que llegar a
tanto."
0xe0310,41,"（カナとメグミも行方は分からない
　まま）",,"(Kana y Megumi
seguian sin
aparecer)"
0xe033c,41,"そっちの方が効果あると思う。
やってみて。",,"Creo que eso es
mas efectivo.
Intentalo."
0xe0368,41,"ほ、ほら、…レイカだって
ダイジョーブって",,"M-mira,...
hasta Reika dijo
que iba a estar bien,"
0xe0394,41,"２人に会いたいという思いが１番
強いのは、",,"La que mas
quiere volver a
verlas es,"
0xe03c0,41,"でも、これじゃ相談しようにも
できないね。",,"Pero asi no
podemos ni
consultarle."
0xe03ec,41,"（もしもあのとき指を離して
　いなければ）",,"(Si no hubiera
soltado el dedo
en ese momento)"
0xe0418,41,"なんか…まるで…誰かが外で
ノブを握って…",,"Es como si...
alguien afuera
sujetara el pomo..."
0xe0444,41,"開かないならいいよ。
他のところに行こう。",,"Si no abre, no
importa. Vamos a
otro lugar."
0xe0470,41,"（…あの服…教科書で見かけた
　ような…）",,"(Esa ropa...
la vi en algun
libro de texto...)"
0xe049c,41,"悪い霊が、わたしたちをだましてる
ような。",,"Es como si un
espiritu malo nos
estuviera enganando."
0xe04c8,41,"（メグミとカナは
　行方不明のままですが）",,"(Megumi y Kana
seguian
desaparecidas)"
0xe04f4,41,"そんな半信半疑じゃ、うまくいかな
いって。",,"Si dudas tanto,
no va a
funcionar."
0xe0520,41,"カナから、チェンメが転送されて
きたの…。",,"Me llego una
cadena de correo
reenviada por Kana..."
0xe054c,41,"レイカ、現実の世界に戻れたんじゃ
ないの？",,"Reika, no habras
regresado ya al
mundo real?"
0xe0578,41,"カナが持ち出してたんだ…それが
ここに…。",,"Kana lo saco de
algun lado... y
esta aqui..."
0xe05a4,41,"ロッカーはもういいよ。
他のとこ調べよう。",,"Ya dejemos el
locker. Busquemos
en otro lado."
0xe05d0,41,"私たちは過去の世界を
体感させられてるの。",,"Nos estan
haciendo vivir
un mundo del pasado."
0xe05fc,41,"気になるのは、廊下で目撃した
看護師の霊。",,"Me preocupa el
fantasma de la
enfermera del pasillo."
0xe0628,41,"バカにされるから、みんなには
ナイショね。",,"Que quede entre
nosotras, si no
se van a reir."
0xe0654,43,"…今なら、メグミを助けることが
できるはず。",,"Ahora deberiamos
poder salvar a
Megumi."
0xe0680,43,"こちらの世界に呼び戻すのは…
簡単じゃない。",,"Traerla de vuelta
a este mundo...
no es facil."
0xe06ac,43,"メアド交換した時、このストラップ
覚えてる。",,"Recuerdo esta
correa de cuando
intercambiamos correos."
0xe06d8,43,"だから２人…、まだ登校してない…
ってこと？",,"Entonces las
dos... todavia no
han ido a clases?"
0xe0704,43,"そうだ…だから旧校舎で
コックリさんをすると",,"Es cierto... por
eso si haces
Kokkuri-san en el
edificio viejo,"
0xe0730,43,"あっ、ひょっとして…あのヘンな
チェンメ…。",,"Ah, sera que...
esa cadena de
correo tan rara..."
0xe075c,43,"（ジョギングをしてる人に発見され
　ました）",,"(La encontro
alguien que
estaba trotando)"
0xe0788,43,"…うん、わたしにも来たよ。
でも…ほら見て。",,"Si, a mi tambien
me llego. Pero...
mira esto."
0xe07b4,43,"…メールの内容を実行したから
なんじゃ……。",,"Sera porque
hicimos lo que
decia el correo..."
0xe07e0,43,"ミズキは転校生だから知らない
けど、有名よ。",,"Mizuki no lo
sabe porque es
nueva, pero es famoso."
0xe080c,43,"紫の着物を着てトイレに隠れてる
妖怪って…。",,"Un yokai que se
esconde en el bano
con kimono morado..."
0xe0838,43,"そうだ…だから旧校舎でコックリ
さんをすると",,"Es cierto... por
eso si haces
Kokkuri-san en el
edificio viejo,"
0xe0864,43,"まあ、私の高校時代にもよく回って
きたけど。",,"En mi epoca de
secundaria
tambien
circulaba mucho."
0xe0890,43,"先生、そのアドレス、教えて
もらえませんか。",,"Profesora, me
podria dar esa
direccion?"
0xe08bc,43,"カナの鳴き声は、地下からじゃ
ないんでしょ？",,"El sonido de
Kana no venia
del sotano, no?"
0xe08e8,43,"カナの鳴き声は、地下からじゃ
ないんでしょ？",,"El sonido de
Kana no venia
del sotano, no?"
0xe0914,43,"（わたしたちにできるのは、ここ
　までです）",,"(Hasta aqui es
lo que podemos
hacer)"
0xe0940,43,"オッケー。じゃあ、そっちの方へ
行ってみよ！",,"Okey. Entonces,
vamos hacia
alla!"
0xe096c,43,"あたしもなんだ。
“屋上に来い”ってメール。",,"A mi tambien.
Un correo que
decia ""ven a la azotea""."
0xe0998,43,"あたしは、２年１組のカガミリコ。
よろしく。",,"Soy Kagami Riko,
de segundo grado,
clase uno. Un gusto."
0xe09c4,43,"カナの鳴き声は、地下からじゃ
ないんでしょ？",,"El sonido de
Kana no venia
del sotano, no?"
0xe09f0,43,"あたしたちに探させようと
してるんじゃない？",,"No sera que
quiere que
nosotras lo busquemos?"
0xe0a1c,43,"げほっ…マスクでも持ってくれば
よかった…。",,"Cof cof... deberia
haber traido
una mascara..."
0xe0a48,43,"ピアノに蓄音機、やっぱり音楽室
だったんだ。",,"Un piano y un
fonografo, al
final era el
salon de musica."
0xe0a74,43,"たぶん死んでる人もいっぱい
いるんじゃない。",,"Seguro que
tambien hay
muchos muertos aqui."
0xe0aa0,43,"実は、マサキとユウタはあたしの
小学校時代の",,"La verdad es que
Masaki y Yuuta
son de mi epoca
de primaria,"
0xe0acc,43,"親が占い師らしくて、いろいろ
詳しいみたい。",,"Dicen que su
madre es
adivina, y sabe
mucho de esto."
0xe0af8,43,"彼女がナナシじゃないかって
ウワサもあるの。",,"Tambien hay un
rumor de que
ella es Nanashi."
0xe0b24,43,"私はコックリさんをやめる方法を
教えたけど、",,"Yo les ensene
como terminar
con Kokkuri-san, pero,"
0xe0b50,43,"そういえば…、旧校舎が
死体収容所だったって",,"Ahora que lo
pienso... dicen
que el edificio
viejo era una morgue,"
0xe0b7c,43,"なにかあるかもしれないから、
行ってみよう。",,"Puede que haya
algo, vamos a
ver."
0xe0ba8,43,"そうだ…だから旧校舎でコックリ
さんをすると",,"Es cierto... por
eso si haces
Kokkuri-san en el
edificio viejo,"
0xe0bd4,43,"ウシミツドキだから、
そう思えるんじゃない？",,"No sera que lo
piensas porque es
la hora del buey?"
0xe0c00,43,"ケータイまで見つけたんだから、
あと一歩よ。",,"Ya encontramos
el celular,
solo falta un poco mas."
0xe0c2c,43,"…わたし、たまに…誰かに見られ
てるような、",,"A veces siento
como si alguien
me estuviera mirando,"
0xe0c58,43,"わかんない…でも今は、それを強く
感じるの。",,"No se... pero
ahora lo siento
muy fuerte."
0xe0c84,43,"こんな重要なことを見落として
いたなんて…。",,"No puedo creer
que se nos
pasara algo tan
importante..."
0xe0cb0,43,"なんか気味が悪い…早くここから
出ないと…。",,"Que raro esto...
hay que salir de
aqui rapido..."
0xe0cdc,43,"（あと…行きそうなのは…
　ここしかない…）",,"(El unico lugar
que falta
revisar es este...)"
0xe0d08,43,"それが壊されずに一部が
残ったままだって…。",,"Dicen que una
parte se quedo
sin destruir..."
0xe0d34,43,"そうだ…だから旧校舎でコックリ
さんをすると",,"Es cierto... por
eso si haces
Kokkuri-san en el
edificio viejo,"
0xe0d60,43,"（今見えたのは…。
　それにあの２人の声…）",,"(Lo que vi
recien... y esas
voces de las dos...)"
0xe0d8c,43,"（まさか、境界線を越えて
　しまっている？）",,"(Sera que ya
cruzamos la
frontera?)"
0xe0db8,43,"（寄り道はしていられない。
　早く鏡を……）",,"(No hay tiempo
para desvios.
Rapido, el espejo...)"
0xe0de4,43,"（今の…カナ…何かを伝えたかった
　の…？）",,"(Eso...Kana...
quiso decirme
algo...?)"
0xe0e10,43,"（気がつくと私は、
　ミズキ、リコと一緒に）",,"(Al darme cuenta,
estaba junto a
Mizuki y Riko)"
0xe0e3c,43,"ちょっと、うまくいきすぎじゃ
ないかって…。",,"No te parece que
esto va
demasiado bien..."
0xe0e68,43,"うわっ……毛なみまで超リアル…
…キモすぎ。",,"Uy... hasta el
pelaje se ve
super real... que asco."
0xe0e94,45,"となると…さっき着メロが聞こえた
…カナが…？",,"Entonces... el
tono que sono
recien... era Kana...?"
0xe0ec4,45,"声の大きさから考えると、
この階だと思う……。",,"Por lo fuerte
que sonaba,
creo que es este piso..."
0xe0ef4,45,"（カナ……、席が前だったことも
　あるけど、）",,"(Kana... aunque
tambien es que su
asiento estaba
adelante,)"
0xe0f24,45,"（わたしの選択が間違っていた
　のでしょうか）",,"(Sera que mi
eleccion estuvo
equivocada?)"
0xe0f54,45,"強ければ、声や足音が聞き取れる
場合があるの。",,"Si es fuerte, a
veces se pueden
oir voces y pasos."
0xe0f84,45,"ナゾを解かないと…生きて
帰れないってこと…？",,"Si no resolvemos
el enigma... no
podremos volver
con vida...?"
0xe0fb4,45,"そのために、ここに呼ばれたんじゃ
ないかって。",,"Tal vez por eso
nos llamaron
aqui."
0xe0fe4,45,"だから協力して。２人でなら、
なんとかなるよ。",,"Por eso
ayudame. Entre
las dos podemos
con esto."
0xe1014,45,"服もボロボロで、さっき病院に
運ばれたみたい。",,"La ropa estaba
destrozada, y la
llevaron al hospital."
0xe1044,45,"でも、もっとやばいのがね、
アリサが昨日の夜、",,"Pero lo peor es
que Arisa,
anoche,"
0xe1074,45,"わたしたち…いったい…
どこに迷い込んだの…。",,"Nosotras...
en que lugar...
nos habremos metido..."
0xe10a4,45,"ナゾを解かないと…生きて
帰れないってこと…？",,"Si no resolvemos
el enigma... no
podremos volver
con vida...?"
0xe10d4,45,"それで呪いを解くために、メールを
転送した…？",,"Y entonces
reenviaste el
correo para romper
la maldicion...?"
0xe1104,45,"そのために、ここに呼ばれたんじゃ
ないかって。",,"Tal vez por eso
nos llamaron
aqui."
0xe1134,45,"でもさ、この２つのチェンメから
推理すると…。",,"Pero bueno, si
lo pensamos con
estas dos cadenas..."
0xe1164,45,"今、先生たちが旧校舎の中を調べ
てるみたい…。",,"Parece que los
profesores estan
revisando el
edificio viejo..."
0xe1194,45,"そうだ、リコ。
さっきなんか言わなかったっけ？",,"Cierto, Riko.
No dijiste algo
hace un rato?"
0xe11c4,45,"片や水泳部のエース、片やナナシ
疑惑のオタク。",,"Por un lado la
estrella de natacion,
por otro el otaku
sospechoso."
0xe11f4,45,"気になるなら専用のゴミ箱アドレス
もあるから。",,"Si te preocupa,
hay una direccion
basurero para eso."
0xe1224,45,"よく見ると黒板も五線譜つきで
それっぽいね…。",,"Si te fijas, el
pizarron tiene
pentagramas, encaja..."
0xe1254,45,"不安なら『チェーンメールの墓場』
を使ったら？",,"Si te preocupa,
usa el
""cementerio
de cadenas""."
0xe1284,45,"じゃあ…先生…、もしも…悪い
チェーンメールが",,"Entonces...
profesora... si
una cadena de
correo mala"
0xe12b4,45,"おかしいなあ、背後霊でも撮れる
と思ったのに。",,"Que raro,
pensaba que
saldria un
espiritu detras."
0xe12e4,45,"花壇がもうちょっとまん中だと
もっといいのに。",,"Si el jardin
estuviera mas al
centro, seria mejor."
0xe1314,45,"なんだろう…この写真と同じ点が
あるような…。",,"Que sera...
siento que tiene
algo en comun
con esta foto..."
0xe1344,45,"ね、２組の生徒、まだ見つかって
ないんでしょ？",,"Oye, el alumno
de la clase 2
todavia no aparece, no?"
0xe1374,45,"あ、水の音って、コレから
聞こえたんじゃない？",,"Ah, el sonido de
agua no vendra
de esto?"
0xe13a4,45,"失踪の手がかりがこの屋上の
どこかにあって…。",,"Debe haber una
pista de la
desaparicion en
esta azotea..."
0xe13d4,45,"知ってるもなにも、小学校の
クラスメイトだし。",,"Claro que lo
conozco, fue mi
companero de primaria."
0xe1404,45,"こうやってみると、ほとんど病院か
収容所だね。",,"Viendolo asi,
parece casi un
hospital o un asilo."
0xe1434,45,"へえ、昔の看護師って、こんな服
だったんだ…。",,"Vaya, asi era la
ropa de las
enfermeras antes..."
0xe1464,45,"…ホントに、コックリさんで居場所
がわかるの？",,"De verdad se
puede saber donde
estan con Kokkuri-san?"
0xe1494,45,"（これはフェレット？
　……イタチかしら…？）",,"(Esto es un
huron?
...O sera una
comadreja?)"
0xe14c4,45,"ねえ、あんた、２組のメグミと
知り合いでしょ？",,"Oye, tu conoces a
Megumi, de la
clase 2, no?"
0xe14f4,45,"そのメグミが最後にケータイから
電話したのが、",,"La ultima
llamada que hizo
Megumi con su celular,"
0xe1524,45,"あ、神隠しっていえばさ、
ナナシのチェンメに、",,"Ah, hablando de
kamikakushi, en
la cadena de Nanashi,"
0xe1554,45,"『旧校舎は戦争の死体収容所。
成仏されない霊が",,"""El edificio
viejo fue morgue
de guerra.
Espiritus sin paz"
0xe1584,45,"レイカの言う、霊が活発になる
ウシミツドキに、",,"En la hora del
buey que dice
Reika, cuando los
espiritus se activan,"
0xe15b4,45,"じゃあ…先生…、もしも…悪い
チェーンメールが",,"Entonces...
profesora... si
una cadena de
correo mala"
0xe15e4,45,"そうなんだけど…すごくイヤな
予感がするの…。",,"Es cierto, pero...
tengo un
presentimiento
muy malo..."
0xe1614,45,"ふん、あんなウラギリモノ、
いつか呪ってやる。",,"Ja, a esa
traidora, algun
dia la voy a maldecir."
0xe1644,45,"また肝試しの生徒が来ないか
見張っていたんだ。",,"Estaba vigilando
por si venian mas
alumnos a probar
su valor."
0xe1674,45,"悪い霊じゃなきゃいいんじゃない？
見られても。",,"Si no es un
espiritu malo, no
importa que nos
vea, no?"
0xe16a4,45,"友達の手がかりがつかめるかも
知れないでしょ？",,"Tal vez
encontremos una
pista sobre
nuestra amiga, no?"
0xe16d4,45,"（あの時、倉庫にいた
　焼けただれた無数の霊）",,"(Esos espiritus
quemados que
estaban en el deposito)"
0xe1704,45,"（あの時、倉庫にいた
　焼けただれた無数の霊）",,"(Esos espiritus
quemados que
estaban en el deposito)"
0xe1734,45,"（この机、ずいぶんホコリが
　積もってる……）",,"(Este escritorio
tiene mucho
polvo acumulado...)"
0xe1764,45,"（何も聞こえなくなった…どういう
　こと…？）",,"(Ya no se oye
nada... que
significa esto...?)"
0xe1794,45,"そっちからじゃ、３階には行けな
かったでしょ。",,"Por ahi no se
podia llegar al
tercer piso, no?"
0xe17c4,45,"置き台の収納スペースに…
キツネのミイラが…。",,"En el espacio de
guardado de la
base... una momia
de zorro..."
0xe17f4,45,"（たぶんどこかで方法を
　間違えたのでしょう）",,"(Seguro que en
algun punto me
equivoque de
metodo)"
0xe1824,45,"（この２人が無事に帰って
　こられたのだから）",,"(Ya que estas dos
lograron
regresar a salvo)"
0xe1854,45,"ラベルによれば…１９３４年…
７月１９日……。",,"Segun la etiqueta...
ano 1934...
19 de julio..."
0xe1884,47,"救う方法は、空間の出口を見つけて
導くしかない。",,"La unica forma de
salvarla es
encontrar la
salida y guiarla."
0xe18b4,47,"ごめん、それにわたし、アリサの声
知らないし…。",,"Perdon, ademas yo
no conozco la
voz de Arisa..."
0xe18e4,47,"降霊の儀式の呪文がわらべ歌に
転じた説もあるの。",,"Hay una teoria de
que el hechizo de
invocacion se volvio
cancion infantil."
0xe1914,47,"錯乱してメモ機能を
作動させちゃったってこと…？",,"Sera que en su
confusion activo
la funcion de notas...?"
0xe1944,47,"でも、もしも、わたしたちが
“選ばれた”のなら、",,"Pero, si nosotras
fuimos las
""elegidas"","
0xe1974,47,"昨日の夜から、カナとメグミ、
連絡が取れないの。",,"Desde anoche no
hemos podido
contactar a Kana
y Megumi."
0xe19a4,47,"あー、あれね、送り主が＜ナナシ＞
とかっていう。",,"Ah, esa, la que
decia que el
remitente era Nanashi."
0xe19d4,47,"２人で協力してナゾに立ち向かって
いかないと…。",,"Tenemos que
ayudarnos entre
las dos para
enfrentar el enigma..."
0xe1a04,47,"昔はこの辺りにも、タヌキとか
キツネとかヘビが、",,"Antes por aqui
habia tanukis,
zorros y serpientes,"
0xe1a34,47,"たしか…ナナシのチェンメにも
あった気がする…。",,"Creo que...
tambien estaba en
la cadena de Nanashi..."
0xe1a64,47,"やっぱ送り主の＜ナナシ＞を問い
つめるしかない。",,"No queda otra que
confrontar al
remitente, Nanashi."
0xe1a94,47,"そんな時間に旧校舎に入って
コックリさんって…。",,"Entrar al
edificio viejo a
esa hora para
hacer Kokkuri-san..."
0xe1ac4,47,"ホントにやってたら…スゴイという
よりムボウね。",,"Si de verdad lo
hicieron... mas
que valiente, fue
una locura."
0xe1af4,47,"霊感の強い友達がいて、アドバイス
してくれたの。",,"Tengo una amiga
con mucho sexto
sentido que me
aconsejo."
0xe1b24,47,"いずれにしても、広がる噂には
言霊のような力が、",,"De todos modos,
los rumores tienen
una fuerza como de
palabras magicas,"
0xe1b54,47,"みんなが信じることで、単なる
ウワサが強い力を、",,"Cuando todos
creen, un simple
rumor gana mucha
fuerza,"
0xe1b84,47,"ナナシから直接メールを
もらうのは、霊感が強い、",,"Recibir un correo
directo de Nanashi
es senal de tener
sexto sentido,"
0xe1bb4,47,"それを見つけないと、これからも
悲劇は起きる…。",,"Si no lo
encontramos,
seguiran pasando
tragedias..."
0xe1be4,47,"でも…、失踪の手がかりって、
どこを探したら…。",,"Pero...donde
se supone que
busquemos pistas
de la desaparicion..."
0xe1c14,47,"さあ……、なんなら、コックリさん
でもしてみる？",,"Pues...
que tal si
probamos con
Kokkuri-san?"
0xe1c44,47,"その手前の人たち…、倒れてる人が
いっぱいだね。",,"La gente de
adelante...
hay muchos
tirados en el suelo."
0xe1c74,47,"降霊の儀式の呪文がわらべ歌に
転じた説もあるの。",,"Hay una teoria de
que el hechizo de
invocacion se volvio
cancion infantil."
0xe1ca4,47,"その時も何も起きなかったから、
今回も大丈夫よ。",,"Esa vez tampoco
paso nada,
asi que esta vez
tambien va a estar bien."
0xe1cd4,47,"ちぇっ、あたし、霊感強いと思った
んだけどなあ。",,"Tsk, y yo que
creia tener
mucho sexto
sentido."
0xe1d04,47,"どこ行く気っ！？
地下に戻っても意味ないでしょ！",,"A donde vas!?
No tiene sentido
volver al
sotano!"
0xe1d34,47,"この部屋はアヤシイからよく
調べなきゃダメだよ。",,"Este cuarto es
sospechoso, hay
que revisarlo
bien."
0xe1d64,47,"レイカだって、ダイジョーブって
言ってたでしょ。",,"Hasta Reika
dijo que iba
a estar bien,
no?"
0xe1d94,47,"資料室で見落としはない？
もっとよく調べなきゃ。",,"No se nos paso
nada en la sala
de archivos? Hay
que mirar mejor."
0xe1dc4,47,"それより、コックリさんに
集中した方がいいって。",,"Mejor
concentremonos
en Kokkuri-san."
0xe1df4,47,"…あたし、旧校舎に１度入って
みたかったんだ…。",,"Yo... siempre
quise entrar
al edificio
viejo una vez..."
0xe1e24,47,"それなんだよね〜。
地図とかあればいいんだけど。",,"Eso digo yo.
Si tuvieramos
un mapa seria
mas facil."
0xe1e54,47,"（あの中に、未来のわたしたちが
　いたことに…）",,"(De que dentro
estaban nuestras
yo del futuro...)"
0xe1e84,47,"（あの中に、未来のわたしたちが
　いたことに…）",,"(De que dentro
estaban nuestras
yo del futuro...)"
0xe1eb4,47,"鏡を探さないと…。
鏡がありそうなのは…トイレ？",,"Hay que buscar
un espejo...
Donde habra uno...
en el bano?"
0xe1ee4,47,"今住んでるマンションでも…
たまに聞こえるの…。",,"Incluso en el
edificio donde
vivo ahora... a
veces se oye..."
0xe1f14,47,"（そういえば救急箱のような物を
　持っていた…）",,"(Ahora que lo
pienso, tenia
algo como un
botiquin...)"
0xe1f44,47,"（時間と空間の境界線が、
　あいまいになってる）",,"(La frontera entre
el tiempo y el
espacio se vuelve
borrosa)"
0xe1f74,47,"どうして音楽室なのか？
あたしも理由が知りたい。",,"Por que el
salon de musica?
Tambien quiero
saber la razon."
0xe1fa4,47,"いいよ、汚いから。
それより、他のとこを調べよ。",,"Dejalo, esta
sucio. Mejor
revisemos otro
lugar."
0xe1fd4,49,"合わせ鏡で見つけて、
『かごめかごめ』を歌っても、",,"Aunque la
encontremos con
el espejo doble
y cantemos
Kagome Kagome,"
0xe2008,49,"だから歌詞の『うしろの正面
だあれ』には背後の霊と",,"Por eso en la
letra de ""quien
esta detras de
ti"" hay un
espiritu detras,"
0xe203c,49,"さっきのカナの声…おかしいよ…
あれは霊の声だよ。",,"Esa voz de Kana
de hace rato...
es rara... era
la voz de un espiritu."
0xe2070,49,"１組のタキモトアリサと一緒にいた
みたいだけど…。",,"Parece que
estaba con
Takimoto Arisa,
de la clase 1..."
0xe20a4,49,"うちのクラスのカナとメグミと
一緒にいたらしいの。",,"Dicen que
estaba con Kana
y Megumi, de
nuestra clase."
0xe20d8,49,"（霧が晴れると、屋上にはカナが
　倒れていました）",,"(Cuando se
despejo la
niebla, Kana
estaba tirada
en la azotea)"
0xe210c,49,"わたしはサクジョしちゃったから
比べられないけど。",,"Yo ya lo
borre, asi que
no puedo
comparar."
0xe2140,49,"一斉メールじゃなくて、限られた
数人に同じメールを",,"No era un
correo masivo,
sino el mismo
correo a unas
pocas personas,"
0xe2174,49,"だから、チェーンメールの内容が
リアルになった…。",,"Por eso, lo que
decia la cadena
de correo se
hizo realidad..."
0xe21a8,49,"（でも、なぜ今になって霊が活発に
　なったのか、）",,"(Pero, por que
los espiritus se
activaron justo
ahora,)"
0xe21dc,49,"水泳部エースで、他校の生徒にも
人気のセノマサキ。",,"Seno Masaki, la
estrella de
natacion, popular
hasta en otras escuelas."
0xe2210,49,"はずれないコックリさんって
…どんなのかと思って。",,"Un Kokkuri-san
que nunca falla...
me dio curiosidad
como seria."
0xe2244,49,"ミズキは転校生だから知らないと
思うけど、有名よ。",,"Mizuki no debe
saberlo porque
es nueva, pero
es famoso."
0xe2278,49,"（なんだろう…。まだ、何かある
　ような気がする）",,"(Que sera...
Siento que
todavia falta
algo)"
0xe22ac,49,"あの壁の四角い跡には、
ベートーベンとかの肖像画が",,"En esa marca
cuadrada de la
pared, habia un
retrato de
Beethoven o algo asi,"
0xe22e0,49,"う〜ん、せっかくだし、
もっと中を探検してみない？",,"Mmm, ya que
estamos, no
exploramos mas
adentro?"
0xe2314,49,"そこでの音が校舎の配水管を
伝って、いろんな場所で",,"El sonido de
ahi viaja por
las canerias del
edificio, y en
varios lugares"
0xe2348,49,"全部木でできてるなんて、
今じゃかなりレアだよね。",,"Que todo sea
de madera es
bastante raro
hoy en dia."
0xe237c,49,"（けど、メグミの行方は今もわか
　らないままです）",,"(Pero, todavia
no se sabe donde
esta Megumi)"
0xe23b0,49,"（結局、カナとメグミの行方は
　分からないまま…）",,"(Al final, el
paradero de Kana
y Megumi sigue
siendo un misterio...)"
0xe23e4,49,"そこでの音が校舎の配水管を
伝って、いろんな場所で",,"El sonido de
ahi viaja por
las canerias del
edificio, y en
varios lugares"
0xe2418,49,"そこでの音が校舎の配水管を
伝って、いろんな場所で",,"El sonido de
ahi viaja por
las canerias del
edificio, y en
varios lugares"
0xe244c,49,"旧校舎が空襲の被害者の収容所
だったってウワサ…。",,"Dicen que el
edificio viejo
fue refugio de
victimas del
bombardeo..."
0xe2480,49,"知らなかったでしょ？
ついでに言えば、学校の屋上で",,"No lo sabias,
verdad? Y ya que
estamos, en la
azotea de la escuela"
0xe24b4,49,"うめくような…女の声…メグミの
声にも…似てた…。",,"Como un gemido...
una voz de mujer...
se parecia a la
voz de Megumi..."
0xe24e8,49,"でもその写真を見て、人影の
白い光を思い出したの。",,"Pero al ver esa
foto, me acorde
de la figura
blanca."
0xe251c,49,"彼女…昨日の夜、旧校舎で
コックリさんをやった後、",,"Ella... anoche,
despues de hacer
Kokkuri-san en
el edificio viejo,"
0xe2550,49,"わたしも“旧校舎で霊に襲われて
神隠しに遭う”って",,"Yo tambien
""me atacan los
espiritus del
edificio viejo y
desaparezco"","
0xe2584,49,"…ホントに、手がかりを見つける
方法って、ないの？",,"De verdad no
hay forma de
encontrar
pistas?"
0xe25b8,49,"おススメはしないけど…、
同じコックリさんの霊から",,"No te lo
recomiendo, pero...
del mismo
espiritu de Kokkuri-san"
0xe25ec,49,"（たぶん…チェーンメールが
　実体化した時には…）",,"(Tal vez... cuando
la cadena de
correo se
volvio realidad...)"
0xe2620,49,"そんなにあせらなくったって…。
やる気あるんだね。",,"No hace falta
apurarse
tanto... tienes
ganas, eh."
0xe2654,49,"早くここを出よう。
不発弾のことを知らせないと…。",,"Salgamos de
aqui rapido.
Hay que avisar
de la bomba..."
0xe2688,49,"（早く２人が帰ってきてくれること
　を祈りました）",,"(Rece para que
las dos
regresaran
pronto)"
0xe26bc,49,"コックリさん…コックリさん…。
もう終わりです…。",,"Kokkuri-san...
Kokkuri-san...
ya se termino..."
0xe26f0,49,"（おそらく、昇降口でガラスを
　割ろうとしたのが）",,"(Seguro que fue
al tratar de
romper el vidrio
de la entrada)"
0xe2724,49,"ね、他のところでも撮ろうよ。
ナニカ写るかもだし。",,"Oye, saquemos
fotos en otros
lugares tambien.
Tal vez salga algo."
0xe2758,49,"どうせキモダメシに来たヤツが
割ったんじゃないの？",,"Seguro que lo
rompio alguien
que vino a
probar su valor."
0xe278c,49,"姿は見えない…。
でもさっきより鮮明に…聞こえた。",,"No se ve
nada... Pero se
oyo mas claro
que antes..."
0xe27c0,49,"コックリさんが、あたしたちを
導いてくれてるのに。",,"Y eso que
Kokkuri-san nos
esta guiando."
0xe27f4,49,"でも、コックリさんって信じること
が大事だと思う。",,"Pero creo que
lo importante en
Kokkuri-san es
creer."
0xe2828,49,"これ…旧校舎のカギ…。
みんな、探していたんだよ。",,"Esto es la
llave del
edificio viejo...
Todos la
estaban buscando."
0xe285c,49,"おそらく…カナとメグミに、
私たちは見えてない…。",,"Seguramente...
Kana y Megumi
no nos pueden
ver..."
0xe2890,49,"ちょうどミズキが立ってるあたり
だったような……。",,"Creo que era
justo donde
estaba parada
Mizuki..."
0xe28c4,49,"（下に行くのは、この階を
　調べてからにしよう…）",,"(Bajemos
despues de
revisar este
piso...)"
0xe28f8,49,"ハ虫類はＯＫなんだけど…
毛のあるやつは…怖いの。",,"Los reptiles no
me molestan...
pero los
peludos... me
dan miedo."
0xe292c,49,"看護師…そういえば、資料室で
見つけた記念写真に！",,"La enfermera...
Ahora que lo
pienso, en la
foto de la sala
de archivos!"
0xe2960,51,"恐らくカナは、私たちと全く別の
空間をさまよってる。",,"Seguramente
Kana esta
vagando en un
espacio
totalmente distinto
al nuestro."
0xe2994,51,"…霊……それにしては…鳴き声が
…妙に生々しかった。",,"Un espiritu...?
Pero el sonido
era raramente
real..."
0xe29c8,51,"（その後、メグミは別の場所で倒れ
　ているところを）",,"(Despues,
encontraron a
Megumi tirada
en otro lugar)"
0xe29fc,51,"（発見されたけど、カナは今も行方
　が分かりません）",,"(Pero Kana
todavia sigue
sin aparecer)"
0xe2a30,51,"ゼッタイ呪い殺される…あたし…
まだ死にたくない…。",,"Seguro que me
mata la
maldicion... yo
no quiero morir
todavia..."
0xe2a64,51,"たしかにこれ以上は、わたしたちの
手に負えないかも。",,"Es cierto, esto
ya se nos
puede estar
escapando de las manos."
0xe2a98,51,"声は身近に聞こえるけど、別の空間
をさまよっている。",,"La voz se oye
cerca, pero esta
vagando en otro
espacio."
0xe2acc,51,"カナもメグミも、きっと生きてる。
わたし、信じてる。",,"Kana y Megumi
seguro estan
vivas. Yo lo
creo."
0xe2b00,51,"えっ、でも、コックリさんって普通
キツネの霊でしょ？",,"Eh, pero
Kokkuri-san es
normalmente el
espiritu de un
zorro, no?"
0xe2b34,51,"ね、わたしのメール見て、他に何か
気づいたことある？",,"Oye, al ver mi
correo, notaste
algo mas?"
0xe2b68,51,"声は身近に聞こえるけど、別の空間
をさまよっている。",,"La voz se oye
cerca, pero esta
vagando en otro
espacio."
0xe2b9c,51,"朝から目いっぱい泳いだら、
腹減っちゃったんだけど、",,"Nade tanto
desde la manana
que me dio
hambre,"
0xe2bd0,51,"えっ、でも、コックリさんって普通
キツネの霊でしょ？",,"Eh, pero
Kokkuri-san es
normalmente el
espiritu de un
zorro, no?"
0xe2c04,51,"朝から目いっぱい泳いだら、
腹減っちゃったんだけど、",,"Nade tanto
desde la manana
que me dio
hambre,"
0xe2c38,51,"肖像画っていえば、絵の人の目が
動くって噂あるよね。",,"Hablando del
retrato, dicen
que los ojos de
la pintura se mueven."
0xe2c6c,51,"ゴミ箱サイトは『チェーンメールの
墓場』っていうの、",,"El sitio
basurero se
llama ""El
cementerio de cadenas"","
0xe2ca0,51,"そ、児童公園で今朝見つかった
タキモトアリサの友達。",,"Si, la amiga
de Takimoto
Arisa que
encontraron esta
manana en el parque."
0xe2cd4,51,"とりあえず、カナの声が聞こえた
１階を調べなきゃね。",,"Por ahora, hay
que revisar el
primer piso
donde se oyo a Kana."
0xe2d08,51,"声は身近に聞こえるけど、別の空間
をさまよっている。",,"La voz se oye
cerca, pero esta
vagando en otro
espacio."
0xe2d3c,51,"無数にいて神隠しにあう』
っていうのが、あったよね。",,"""...son
incontables, y
te pasa lo del
kamikakushi"", decia."
0xe2d70,51,"屋上でコックリさんをすれば、
きっと２人がいる場所を",,"Si hacemos
Kokkuri-san en
la azotea, seguro
que el lugar
donde estan las dos"
0xe2da4,51,"えっ、でも、コックリさんって普通
キツネの霊でしょ？",,"Eh, pero
Kokkuri-san es
normalmente el
espiritu de un
zorro, no?"
0xe2dd8,51,"（そっか…さっき着メロが鳴ってい
　たってことは…）",,"(Ya veo... si
sono el tono
recien, entonces...)"
0xe2e0c,51,"視線の気配が現れては消えてるの、
…あちこちから…。",,"Siento miradas
que aparecen y
desaparecen...
de todos lados..."
0xe2e40,51,"声は身近に聞こえるけど、別の空間
をさまよっている。",,"La voz se oye
cerca, pero esta
vagando en otro
espacio."
0xe2e74,51,"（ですが、今となっては
　どうすることもできません）",,"(Pero, a estas
alturas, ya no
hay nada que
podamos hacer)"
0xe2ea8,51,"（ですが、今となっては
　どうすることもできません）",,"(Pero, a estas
alturas, ya no
hay nada que
podamos hacer)"
0xe2edc,51,"（もしもあのとき思いとどまる
　ことができていれば）",,"(Si en ese
momento hubiera
podido
detenerme)"
0xe2f10,51,"えっ、でも、コックリさんって普通
キツネの霊でしょ？",,"Eh, pero
Kokkuri-san es
normalmente el
espiritu de un
zorro, no?"
0xe2f44,51,"古い建物にたまにあるらしいって
不動産屋が言ってた。",,"El de bienes
raices dijo que
a veces pasa en
edificios viejos."
0xe2f78,51,"“深夜に合わせ鏡をして
　『かごめかごめ』を歌うと”",,"""Si haces el
espejo doble a
medianoche y
cantas Kagome
Kagome,"""
0xe2fac,51,"撮った写メはちゃんとミズキにも
送ってあげるからさ。",,"Te voy a
mandar tambien
las fotos que
saque, Mizuki."
0xe2fe0,51,"（たしかに近くにいるのに、
　姿が見えないなんて…）",,"(Es cierto que
esta cerca, pero
no se puede
ver...)"
0xe3014,51,"いじめを受けて、自殺した女の子の
呪いだったような。",,"Parecia la
maldicion de una
chica que se
suicido por bullying."
0xe3048,51,"（この旧校舎に棲む霊？
　…邪念は感じられなかった）",,"(Un espiritu
que vive en el
edificio viejo?
...No senti maldad)"
0xe307c,51,"（もう二度と旧校舎に近づくことは
　ないと思います）",,"(Creo que nunca
mas me voy a
acercar al
edificio viejo)"
0xe30b0,51,"あなたが、コックリさんなら、
どうかお帰りください。",,"Si usted es
Kokkuri-san, por
favor, vuelva a
su lugar."
0xe30e4,51,"要するに…新校舎の屋上は、
旧校舎の位置からは北東、",,"O sea que...
la azotea del
edificio nuevo
queda al noreste
del viejo,"
0xe3118,51,"さっき拾ったカギで開く、ほかの
教室を開けてみない？",,"No probamos
abrir otra aula
con la llave que
encontramos?"
0xe314c,51,"下の階調べてまた戻ってくる
なんて、メンドーでしょ？",,"Que fastidio
revisar abajo y
tener que
volver, no?"
0xe3180,53,"（どうやら、カナとは別の闇の世界
　に閉じこめられて）",,"(Parece que
estoy encerrada
en un mundo
oscuro distinto
al de Kana)"
0xe31b8,53,"カバンの中にならあるけど、
さすがに手持ちにはないや。",,"En mi mochila
si tengo, pero
no traigo nada
en la mano."
0xe31f0,53,"近くにキツネがいない時は、別の
低級霊を呼んじゃうから",,"Cuando no hay
un zorro cerca,
se invoca a
un espiritu menor,"
0xe3228,53,"“電源が入ってないか、電波が
届かない場所”だって…。",,"""O esta apagado,
o en un lugar
sin senal"", dice..."
0xe3260,53,"そのナナシからのチェンメの一つ
に、旧校舎の音楽室で、",,"En una de las
cadenas de
Nanashi decia
que en el salon
de musica del
edificio viejo,"
0xe3298,53,"そのキツネの霊を追えば、謎が
解けるってことじゃない？",,"Si seguimos al
espiritu del
zorro, no se
resuelve el enigma?"
0xe32d0,53,"夜中だからビビったよ。
ソッコーでサクジョしたけど…。",,"Como era de
noche me dio
miedo. Lo borre
al toque, pero..."
0xe3308,53,"しかもチェーンメールでしょ。
そんなのでカナたちが…。",,"Y encima es
una cadena de
correo. Que por
eso Kana y las demas..."
0xe3340,53,"ねえミズキ。カナの声って
この階から聞こえたんでしょ？",,"Oye Mizuki. La
voz de Kana se
oyo en este
piso, no?"
0xe3378,53,"近くにキツネがいない時は、別の
低級霊を呼んじゃうから",,"Cuando no hay
un zorro cerca,
se invoca a
un espiritu menor,"
0xe33b0,53,"あの２人が仲がいいってのも、
ある意味、都市伝説よね。",,"Que esos dos se
lleven bien es,
en cierto modo,
una leyenda urbana."
0xe33e8,53,"そのキツネの霊を追えば、謎が
解けるってことじゃない？",,"Si seguimos al
espiritu del
zorro, no se
resuelve el enigma?"
0xe3420,53,"でも、削除もしないで、そのままに
するのもよくないわ。",,"Pero no borrarlo
y dejarlo asi
tampoco es
bueno."
0xe3458,53,"そっか、だから変なうなり声
みたいなのも聞こえたんだ。",,"Ah, por eso se
oia tambien
algo como un
gruñido raro."
0xe3490,53,"良い噂ならいいけど、悪い噂は
早めに連鎖を断つことね。",,"Si es un buen
rumor bien, pero
los malos hay
que cortarlos pronto."
0xe34c8,53,"うん、その時もチェーンメールの
墓場に送ればいいのよ。",,"Si, en ese caso
tambien se puede
mandar al
cementerio de cadenas."
0xe3500,53,"そっか、だから変なうなり声
みたいなのも聞こえたんだ。",,"Ah, por eso se
oia tambien
algo como un
gruñido raro."
0xe3538,53,"他に、どれだけモノズキがいる
のか、確かめに来たの…。",,"Vine a ver
cuantos otros
curiosos como yo
habia..."
0xe3570,53,"まだこの校舎には、成仏されない
キツネがどこかにいる。",,"Todavia hay un
zorro sin
descansar en paz
en algun lugar
de este edificio."
0xe35a8,53,"そっか、だから変なうなり声
みたいなのも聞こえたんだ。",,"Ah, por eso se
oia tambien
algo como un
gruñido raro."
0xe35e0,53,"ガンコだなあ…いいよ、じゃ、
あたしが１人でやるから。",,"Que testaruda...
bueno, entonces
lo hago yo
sola."
0xe3618,53,"だって君の友達のこと聞いてあげる
んだから当然でしょ。",,"Es obvio, si te
estoy
escuchando lo de
tu amiga."
0xe3650,53,"カバンの中にならあるけど、
さすがに手持ちにはないや。",,"En mi mochila
si tengo, pero
no traigo nada
en la mano."
0xe3688,53,"近くにキツネがいない時は、別の
低級霊を呼んじゃうから",,"Cuando no hay
un zorro cerca,
se invoca a
un espiritu menor,"
0xe36c0,53,"うん、その時もチェーンメールの
墓場に送ればいいのよ。",,"Si, en ese caso
tambien se puede
mandar al
cementerio de cadenas."
0xe36f8,53,"まあ、レイカも『屋上は大丈夫』
って言ってるんだから。",,"Bueno, si hasta
Reika dijo que
la azotea esta
bien."
0xe3730,53,"そのキツネの霊を追えば、謎が
解けるってことじゃない？",,"Si seguimos al
espiritu del
zorro, no se
resuelve el enigma?"
0xe3768,53,"（でも、わたしのスカートには
　動物の毛が付いてて、）",,"(Pero mi falda
tenia pelo de
animal pegado,)"
0xe37a0,53,"うん。そのまま相手のことを強く
念じながら気配を探す。",,"Si. Asi,
pensando muy
fuerte en la
persona, buscas
su presencia."
0xe37d8,53,"（おそらく、コックリさんで指を
　離してしまったのが）",,"(Seguramente
fue por soltar
el dedo en
Kokkuri-san)"
0xe3810,53,"近くにキツネがいない時は、別の
低級霊を呼んじゃうから",,"Cuando no hay
un zorro cerca,
se invoca a
un espiritu menor,"
0xe3848,53,"この学校の地下が防空壕だったって
ウワサ、ホントかな。",,"Sera cierto el
rumor de que el
sotano era un
refugio antiaereo?"
0xe3880,53,"“『とおりゃんせ』を歌わないと
　神隠しにあうとか…”",,"""Si no cantas
'Toryanse', te
pasa lo del
kamikakushi..."""
0xe38b8,53,"そのキツネの霊を追えば、謎が
解けるってことじゃない？",,"Si seguimos al
espiritu del
zorro, no se
resuelve el enigma?"
0xe38f0,53,"（早く探さないと、とりかえしの
　つかないことになる）",,"(Si no buscamos
rapido, va a
ser demasiado
tarde)"
0xe3928,53,"『問題っていうからには、
　どっちかが正解ってこと？』",,"""Si dicen que es
un problema, sera
que una de las
dos es la correcta?"""
0xe3960,53,"あとひとつ、鏡が必要なの。
まだ調べてない部屋はない？",,"Falta un
espejo mas. No
hay algun cuarto
que no hayamos
revisado?"
0xe3998,53,"だから、霊力の磁場が強い
旧校舎から離れているとはいえ",,"Por eso, aunque
estemos lejos
del campo
espiritual fuerte
del edificio viejo,"
0xe39d0,53,"旧校舎の教室って一度、雑誌に
載ったことがあったって、",,"Dicen que un
aula del
edificio viejo
salio una vez
en una revista,"
0xe3a08,55,"なんでもいいから、看護師の
手がかりになりそうなものを。",,"Cualquier cosa
que pueda ser
pista sobre la
enfermera."
0xe3a40,55,"ちなみにこの「Ｃ」の絵は、
ランドルト環って言うんだよ。",,"Por cierto, este
dibujo de ""C"" se
llama anillo de
Landolt."
0xe3a78,55,"あなたたちがそうだったように、
同じ方法でカナやメグミを",,"Igual que a
ustedes, con el
mismo metodo a
Kana y Megumi"
0xe3ab0,55,"軽はずみに、コックリさんに
誘ったのは…悪かったと思う。",,"Fue mi culpa haberlas
invitado a Kokkuri-san
sin pensar."
0xe3ae8,55,"…今逃げ出しても、無事に生きて
帰れる保証なんてない…。",,"Aunque escapemos
ahora, no hay garantia
de volver con vida..."
0xe3b20,55,"でも、カナがとり憑かれて、キツネ
の鳴き声をしていたし。",,"Pero, Kana estaba
poseida y hacia sonidos
de zorro."
0xe3b58,55,"（同じ頃、近くの河川敷ではメグミ
　が倒れているのが、）",,"(Al mismo tiempo,
Megumi fue encontrada
tirada cerca del rio,)"
0xe3b90,55,"たしかに…旧校舎には、戦時中に
死体の収容所だったとか、",,"Es cierto... dicen que el
edificio viejo fue morgue
en la guerra,"
0xe3bc8,55,"でも、カナがとり憑かれて、キツネ
の鳴き声をしていたし。",,"Pero, Kana estaba
poseida y hacia sonidos
de zorro."
0xe3c00,55,"とにかく…単なる家出かも
しれないし、あまり騒がないで、",,"De todos modos...
puede ser solo una fuga,
no armen tanto
escandalo,"
0xe3c38,55,"じゃあ、さっきの声は地下から
伝わってきていたってこと？",,"Entonces, esa voz de
antes venia desde el
sotano?"
0xe3c70,55,"じゃあ、さっきの声は地下から
伝わってきていたってこと？",,"Entonces, esa voz de
antes venia desde el
sotano?"
0xe3ca8,55,"じゃあ、さっきの声は地下から
伝わってきていたってこと？",,"Entonces, esa voz de
antes venia desde el
sotano?"
0xe3ce0,55,"あたしはその手のウサンクサイ
都市伝説に興味があるから。",,"A mi me interesan esas
leyendas urbanas tan
sospechosas."
0xe3d18,55,"鍵がかかってた部屋は、これを
使えば開けられるはずだね。",,"El cuarto que estaba
cerrado debe abrirse con
esto."
0xe3d50,55,"ホントすごい秘密なんだよ。
知らないとゼッタイ損だって。",,"Es un secreto increible,
en serio. Te pierdes algo
si no lo sabes."
0xe3d88,55,"今思うと、あの人影が何かを訴えて
いたような気がする…。",,"Ahora que lo pienso,
siento que esa figura
quiso decir algo..."
0xe3dc0,55,"霊が活発になる時間に、しかも
あの旧校舎の中で…でしょ？",,"En la hora en que los
espiritus se activan, y
encima dentro del
edificio viejo, no?"
0xe3df8,55,"でも、カナがとり憑かれて、キツネ
の鳴き声をしていたし。",,"Pero, Kana estaba
poseida y hacia sonidos
de zorro."
0xe3e30,55,"あんまりマイナス思考だと、
ヘンな霊を呼び込んじゃうよ。",,"Si piensas tan negativo,
vas a atraer espiritus
raros."
0xe3e68,55,"（結局、わたしたちの力では何も
　解決出来ませんでした）",,"(Al final, con nuestras
fuerzas no pudimos
resolver nada)"
0xe3ea0,55,"（私…どうかしてるかも…。
　やっぱり…来るべきじゃ…）",,"(Yo... tal vez no estoy
bien... No debi haber
venido...)"
0xe3ed8,55,"でも、カナがとり憑かれて、
キツネの鳴き声をしていたし…",,"Pero, Kana estaba
poseida y hacia sonidos
de zorro."
0xe3f10,55,"たしか…大切にしていた手鏡を、
紫色に塗られるっていう、",,"Creo que... su espejo
de mano querido fue
pintado de morado,"
0xe3f48,55,"ほら、トイレってさ、花子さんとか
いろいろあるじゃない？",,"Mira, en los banos
siempre hay leyendas
como la de Hanako-san,
no?"
0xe3f80,55,"（境界線の向こうに行くには、
　合わせ鏡を探さないと…）",,"(Para cruzar al otro lado
de la frontera, hay que
buscar el espejo
doble...)"
0xe3fb8,55,"（３階に上がるのは、この階を
　調べてからにしないと…）",,"(Antes de subir al tercer
piso, hay que revisar
este...)"
0xe3ff0,55,"おかしいなあ、さっき蓄音機の
あたりは見たはずなのに…。",,"Que raro, si ya habia
revisado cerca del
fonografo..."
0xe4028,57,"さっきの声、この階のどこかだって
言ったの、ミズキでしょ！",,"Tu dijiste que la voz de
antes venia de algun
lado de este piso,
Mizuki!"
0xe4064,57,"そっか…この旧校舎でカナの声が
聞こえたのも…そのせい…。",,"Ya veo... por eso se
oyo la voz de Kana en
este edificio viejo..."
0xe40a0,57,"私はトイレで鏡の破片を拾った
けど、誰かもっとちゃんとした",,"Yo recogi un pedazo de
espejo en el bano, pero
si alguien tiene uno
mejor,"
0xe40dc,57,"（生き霊となる前にわたしたちは
　ここから抜け出すことが）",,"(Antes de convertirnos
en espiritus, tenemos
que salir de aqui)"
0xe4118,57,"一組のタキモトアリサ、近くの
児童公園で倒れていたところを",,"Takimoto Arisa, de la
clase 1, la encontraron
tirada en el parque
cercano,"
0xe4154,57,"コックリさんをすると、絶対に
はずれない…っていうウワサが",,"Dicen que si haces
Kokkuri-san, nunca
falla..."
0xe4190,57,"（転校生だったわたしに、最初に
　仲良くしてくれたっけ…）",,"(Fue la primera en ser
amable conmigo cuando
yo era la alumna nueva...)"
0xe41cc,57,"（カナもメグミもアリサと同じで、
　行方不明の時の記憶が）",,"(Kana y Megumi, igual
que Arisa, no recuerdan
nada de cuando
desaparecieron)"
0xe4208,57,"…でも…神隠しにあったってことは
…うまくいかなかった…。",,"Pero... que le haya
pasado el
kamikakushi... es que
algo salio mal..."
0xe4244,57,"この桐塚高校って戦前からあるし、
戦時中の死体収容所だった",,"Esta secundaria Kirizuka
existe desde antes de la
guerra, y fue morgue
durante ella,"
0xe4280,57,"（リコの撮った写真を見ると、
　花壇の中で何か光ってた…）",,"(En la foto que saco
Riko, algo brillaba en el
jardin...)"
0xe42bc,57,"（図書室はたしか、この廊下の
　つきあたりだったっけ……）",,"(Creo que la biblioteca
estaba al fondo de este
pasillo...)"
0xe42f8,57,"最初、あなたを見かけた時は、
ひどく不安そうな顔をしてて、",,"La primera vez que te vi,
tenias una cara de
mucha ansiedad,"
0xe4334,57,"そういうサイトに転送するのも、
結局チェーンメールの連鎖を",,"Reenviarlo a ese tipo de
sitios tambien rompe la
cadena de correo,"
0xe4370,57,"あれ、あなたのクラスだったの。
今朝から職員室は大騒ぎよ。",,"Ah, era tu clase. Desde
esta manana la sala de
profesores es un caos."
0xe43ac,57,"（レイカからは、もう二度と旧校舎
　に近寄ってはいけない）",,"(Reika me dijo que
nunca mas me acercara
al edificio viejo)"
0xe43e8,57,"（警察が早くメグミを見つけてく
　れることを祈っています）",,"(Espero que la policia
encuentre pronto a
Megumi)"
0xe4424,57,"…わたしは…ただ、カナとメグミの
手がかりがないかって…。",,"Yo... solo queria saber
si habia alguna pista de
Kana y Megumi..."
0xe4460,57,"うーん、でも、カナとメグミも
旧校舎でコックリさんをして、",,"Mmm, pero Kana y
Megumi tambien hicieron
Kokkuri-san en el
edificio viejo,"
0xe449c,57,"でも…“ひとりコックリさん”
ってホントはやばいんだよね。",,"Pero... ""Kokkuri-san
sola"" es en realidad muy
peligroso."
0xe44d8,57,"（悪い気配を感じない……。
　ちゃんと成仏してるみたいね）",,"(No siento maldad...
parece que descanso en
paz de verdad)"
0xe4514,57,"だったらレイカも加わってくれれば
より安全で確実じゃない。",,"Entonces si Reika se une
tambien, seria mas
seguro."
0xe4550,57,"（あの時…先生は何かを話そうと
　したけど、口ごもった…）",,"(En ese momento, la
profesora iba a decir
algo, pero se trabo...)"
0xe458c,57,"（どうせホントのことを話したっ
　て、信じてもらえない…）",,"(Aunque diga la verdad,
de todos modos no me
van a creer...)"
0xe45c8,57,"“これってさ、ナナシからの
　ナゾを解くヒントじゃないの”",,"""Esto sera una pista de
Nanashi para resolver el
enigma?"""
0xe4604,57,"たぶん、ここは霊たちによって
閉じこめられた別の世界なの。",,"Creo que este es otro
mundo en el que nos
encerraron los espiritus."
0xe4640,57,"戦争で心が歪み、成仏もせず、
さまよい続ける霊たちの巣窟。",,"Un nido de espiritus que
su corazon se torcio en
la guerra, y siguen
vagando sin descanso."
0xe467c,59,"それと、姿見が紫に塗られていた
のも、鏡の霊力を弱める効果が",,"Y que el espejo de
cuerpo entero estuviera
pintado de morado
tambien debilita su
poder espiritual,"
0xe46b8,59,"ナナシのメールにも、“合わせ鏡で
かごめかごめ”があったね。",,"Tambien estaba en el
correo de Nanashi lo del
espejo doble con Kagome
Kagome."
0xe46f4,59,"（気がつくと、わたしたちは朝もや
　の屋上で倒れていました）",,"(Al darnos cuenta,
estabamos tiradas en la
azotea entre la neblina
de la manana)"
0xe4730,59,"同じアヤマチを繰り返さないため
にも、しなきゃいけないことが",,"Para no cometer el
mismo error de nuevo,
hay algo que tenemos
que hacer,"
0xe476c,59,"でも、逃げてられないでしょ。
ナゾに立ち向かっていかないと。",,"Pero no podemos huir.
Tenemos que enfrentar
el enigma."
0xe47a8,59,"じゃあカナは闇に落ちないために、
メールを転送しようとした？",,"Entonces Kana quiso
reenviar el correo para
no caer en la oscuridad?"
0xe47e4,59,"カナたちは、戦死者の霊がいる
旧校舎でコックリさんをして…。",,"Kana y las demas
hicieron Kokkuri-san en
el edificio viejo donde
estan los espiritus de la
guerra..."
0xe4820,59,"そのアドレスに送ったメールは、
自動で削除されることになって",,"El correo enviado a esa
direccion se borra
automaticamente,"
0xe485c,59,"ま、後からパソコンで拡大して
みたら、なにか写ってるかもね。",,"Bueno, si despues lo
agrandas en la
computadora, tal vez
salga algo."
0xe4898,59,"気をつけてちょっとズレると、
この資料、全部崩れそうだから。",,"Ten cuidado, si se
mueve un poco, todos
estos archivos se van a
caer."
0xe48d4,59,"ゼッタイアヤシイよ、この理科室。
ここはしっかり調べようね。",,"Este laboratorio es super
sospechoso. Revisemoslo
bien."
0xe4910,59,"ナナシのメールにも、“合わせ鏡で
かごめかごめ”があったね。",,"Tambien estaba en el
correo de Nanashi lo del
espejo doble con Kagome
Kagome."
0xe494c,59,"コックリさんの時、他にあと１人…
女の子がいたと思うけど…。",,"En Kokkuri-san habia
otra chica mas, creo..."
0xe4988,59,"だから歌詞の『うしろの正面だあ
れ』には、背後の霊と向き合う",,"Por eso en ""quien esta
detras de ti"" se enfrenta
al espiritu de atras,"
0xe49c4,59,"意味もあって、合わせ鏡で歌うこと
で、霊を探して出会うことは",,"y tambien significa que
cantar con el espejo
doble sirve para
encontrarse con
espiritus,"
0xe4a00,59,"ちょっとちょっと、どこ行くの！
何か分かったんじゃないの！？",,"Oye, oye, a donde
vas!? No que ya sabias
algo!?"
0xe4a3c,59,"あのさ、何があるか分からないし、
片っ端から調べちゃわない？",,"Oye, no sabemos que
hay, no revisamos todo
de una vez?"
0xe4a78,59,"たしかに屋上だと霊の力がこもり
にくいし、拡散しやすいから、",,"Es cierto que en la
azotea el poder espiritual
no se concentra y se
dispersa facil,"
0xe4ab4,59,"（この黒板…五線譜が付いてる。
　…音楽室だったのかしら？）",,"(Este pizarron... tiene
pentagramas. Sera que
era el salon de musica?)"
0xe4af0,59,"（わたしは、手に入れた２人の
　ケータイをケーサツに提出し）",,"(Entregue a la policia los
celulares de las dos que
encontre)"
0xe4b2c,59,"こんなことになってるんだし、
ナニか写るかもしれないでしょ？",,"Ya que las cosas estan
asi, tal vez salga algo en
la foto, no?"
0xe4b68,59,"（レイカは、わたしたちに屋上で
　コックリさんをしたことの）",,"(Reika, de que hicimos
Kokkuri-san en la
azotea,)"
0xe4ba4,59,"その屋上でコックリさんをすること
は、いたずらに旧校舎の力を",,"Hacer Kokkuri-san en
esa azotea solo estimula
sin sentido el poder del
edificio viejo,"
0xe4be0,59,"やっぱ軽はずみにやっちゃいけな
いんだね、コックリさんって。",,"Al final, Kokkuri-san no
es algo para hacer a la
ligera."
0xe4c1c,61,"でも…さっき聞こえたケータイの
着メロは、カナだったんでしょ？",,"Pero... el tono del
celular que se oyo, era
el de Kana, no?"
0xe4c5c,61,"（今は警察が早くカナを見つけて
　くれることを祈るばかりです）",,"(Solo puedo rezar para
que la policia encuentre
pronto a Kana)"
0xe4c9c,61,"…さっきの…ケータイのメモ録音
聞いたら…怖くなっちゃった…。",,"Al escuchar la grabacion
del celular de recien...
me dio miedo..."
0xe4cdc,61,"探して見つけるだけなら、『かごめ
かごめ』は歌わなくていいよ。",,"Si solo queremos
encontrarla, no hace
falta cantar Kagome
Kagome."
0xe4d1c,61,"わたしだって、怖いよ、死ぬほど。
でも、逃げてられないでしょ。",,"Yo tambien tengo mucho
miedo. Pero no podemos
huir."
0xe4d5c,61,"それならわたしのメールとは、送信
日時に少しズレがあるみたい。",,"Entonces parece que hay
una diferencia de horario
con mi correo."
0xe4d9c,61,"（ただ、とんでもない距離を歩いて
　いた痕跡があるだけでした）",,"(Solo habia rastros de
haber caminado una
distancia enorme)"
0xe4ddc,61,"探して見つけるだけなら、『かごめ
かごめ』は歌わなくていいよ。",,"Si solo queremos
encontrarla, no hace
falta cantar Kagome
Kagome."
0xe4e1c,61,"つまり、誰にも迷惑をかけずに、
チェーンメールを処理できるの。",,"O sea que se puede
resolver la cadena de
correo sin molestar a
nadie."
0xe4e5c,61,"なんか…コックリさんをしたみた
い。チェーンメールにあった…。",,"Parece que hicieron
Kokkuri-san. Estaba en
la cadena de correo..."
0xe4e9c,61,"リコが言ってたみたいに、もし地下
に大きな空洞なんかがあると、",,"Como decia Riko, si hay
un hueco grande en el
sotano,"
0xe4edc,61,"（…今…鋭い視線を感じた…。
　誰かが…後ろから…わたしを…）",,"(Ahora senti una mirada
penetrante...
alguien... detras... a
mi...)"
0xe4f1c,61,"リコが言ってたみたいに、もし地下
に大きな空洞なんかがあると、",,"Como decia Riko, si hay
un hueco grande en el
sotano,"
0xe4f5c,61,"成仏されないキツネの霊が、邪悪な
獣霊＝コックリさんと化して、",,"El espiritu del zorro sin
descansar se convierte
en un espiritu bestial
malvado, Kokkuri-san,"
0xe4f9c,61,"ナナシのチェンメを信じて、旧校舎
でコックリさんをやったって。",,"Dicen que creyeron en la
cadena de Nanashi e
hicieron Kokkuri-san en
el edificio viejo."
0xe4fdc,61,"ま、こうやって、ナナシのメールに
釣られて、のこのこ屋上に来た",,"Bueno, asi fue como
caimos en el correo de
Nanashi y vinimos a la
azotea,"
0xe501c,61,"リコが言ってたみたいに、もし地下
に大きな空洞なんかがあると、",,"Como decia Riko, si hay
un hueco grande en el
sotano,"
0xe505c,61,"カナとメグミも、旧校舎でコックリ
さんをして神隠しにあったって",,"Dicen que Kana y
Megumi tambien hicieron
Kokkuri-san en el
edificio viejo y les paso
el kamikakushi,"
0xe509c,61,"ガンコだなあ。じゃあ、あんたの
クラスメイト、マサキとユウタの",,"Que testaruda.
Entonces, de tus
companeros Masaki y
Yuuta,"
0xe50dc,61,"（視力検査表……。そういえば、
　最近視力が落ちてきた気が…）",,"(Una tabla de agudeza
visual... Ahora que lo
pienso, siento que mi
vista ha bajado...)"
0xe511c,61,"探して見つけるだけなら、『かごめ
かごめ』は歌わなくていいよ。",,"Si solo queremos
encontrarla, no hace
falta cantar Kagome
Kagome."
0xe515c,61,"…たしかに、メグミは丑三つ時に、
旧校舎から電話をかけてきた。",,"Es cierto, Megumi me
llamo desde el edificio
viejo en la hora del
buey."
0xe519c,61,"チェーンメールを実行するため、
友達とコックリさんをしていて…",,"Para cumplir la cadena
de correo, estaban
haciendo Kokkuri-san
con una amiga..."
0xe51dc,61,"丑みつ時…旧校舎の音楽室で…
コックリさんをすると…神隠し…。",,"En la hora del buey...
en el salon de musica del
edificio viejo...
Kokkuri-san...
kamikakushi..."
0xe521c,61,"探して見つけるだけなら、『かごめ
かごめ』は歌わなくていいよ。",,"Si solo queremos
encontrarla, no hace
falta cantar Kagome
Kagome."
0xe525c,61,"“夜中に狐の嫁入りと思われる、
　たくさんのヒトダマを見た時”",,"""Cuando de noche vi
muchas hitodama que
parecian una boda de
zorros"""
0xe529c,61,"“『問題』っていうからには、どっ
　ちかが『正解』ってこと？”",,"""Si le dicen 'problema',
sera que una es la
'respuesta correcta'?"""
0xe52dc,61,"とりあえず、１階に上がろうよ。
ここにはもう何もないと思うし。",,"Por ahora, subamos al
primer piso. Creo que
aqui ya no hay nada
mas."
0xe531c,61,"私の軽率な発言で、２人を危険な目
に合わせたことはあやまる…。",,"Me disculpo por haberlas
puesto en peligro con mi
comentario
imprudente..."
0xe535c,61,"早く出ないと、自分たちも生き霊と
なり、永遠に出られなくなる。",,"Si no salimos rapido, nos
convertiremos en
espiritus y no podremos
salir jamas."
0xe539c,63,"合わせ鏡で歌うことで、霊や霊界に
迷い込んだ人に会いに行くことは",,"Cantar con el espejo
doble para encontrarse
con espiritus o gente
perdida en el mundo
espiritual"
0xe53dc,63,"能力に長けた人なら、合わせ鏡をす
るだけで、そこに神隠しに遭った",,"Alguien con mucho
talento, solo con el
espejo doble, puede ver
ahi a quien le paso el
kamikakushi,"
0xe541c,63,"人を映し出すことも出来るけど、普
通の人がしても、相手への思いが",,"pero aunque una
persona normal lo haga,
si los sentimientos hacia
esa persona"
0xe545c,63,"（気がつくと、わたしたちは地下の
　防空壕の中で倒れていました）",,"(Al darnos cuenta,
estabamos tiradas dentro
del refugio antiaereo del
sotano)"
0xe549c,63,"でも、そのアリサは今日の朝、近く
の児童公園で倒れていたところを",,"Pero a esa Arisa la
encontraron hoy en la
manana tirada en el
parque cercano,"
0xe54dc,63,"やり場に困ったチェーンメールを
そのホームページに書かれている、",,"Si no sabes que hacer
con una cadena de
correo, escribela en la
direccion de esa pagina,"
0xe551c,63,"そうだ、前にナナシからもらった
チェンメに、こんなのがあったの。",,"Cierto, en una cadena
que me mando Nanashi
antes, decia algo asi."
0xe555c,63,"それと姿見が紫に塗られていたのも
鏡の霊力を弱める効果があるの。",,"Y que el espejo de
cuerpo entero estuviera
pintado de morado
tambien debilita su
poder."
0xe559c,63,"そうだ、前にナナシからもらった
チェンメに、こんなのがあったの。",,"Cierto, en una cadena
que me mando Nanashi
antes, decia algo asi."
0xe55dc,63,"（昔の新聞の切り抜きに、メモ…。
　特に気になるものはないわね）",,"(Un recorte de diario
viejo, una nota... No
hay nada que llame la
atencion)"
0xe561c,63,"ええと、１階にあるのは…保健室、
宿直室……倉庫…それから……。",,"A ver, en el primer piso
esta la enfermeria, el
cuarto del guardia, el
deposito, y..."
0xe565c,63,"コックリさんで失踪したんだから、
コックリさんで探すしかないよ。",,"Ya que desaparecieron
con Kokkuri-san, solo se
les puede buscar con
Kokkuri-san."
0xe569c,63,"その言葉を２０歳の誕生日まで覚え
てると、死ぬか不幸になるって。",,"Dicen que si te acuerdas
de esa palabra hasta tus
veinte anos, moriras o
tendras mala suerte."
0xe56dc,63,"コックリさんが、あたしたちをここ
まで導いてくれたんだと思うの。",,"Creo que Kokkuri-san
nos guio hasta aqui."
0xe571c,63,"普通の教室じゃないし、いろいろと
残っている可能性は高いはず…。",,"No es un aula normal,
asi que es muy probable
que quede algo aqui..."
0xe575c,63,"…結局は、わたしとリコが、レイカ
の警告を無視してコックリさんを",,"Al final, Riko y yo
ignoramos la advertencia
de Reika e hicimos
Kokkuri-san"
0xe579c,63,"彼女の正体を探ることが、この世界
から抜け出す糸口になると思う。",,"Creo que averiguar quien
es ella nos dara la clave
para salir de este
mundo."
0xe57dc,65,"（先生たちは旧校舎を調べたけど、
　何も見つからなかったようです）",,"(Los profesores
revisaron el edificio
viejo, pero no parece
que encontraran nada)"
0xe5820,65,"たぶんキツネをかくまったまま自ら
も過酷な看護活動を続けるうちに、",,"Tal vez mientras seguia
escondiendo al zorro y
trabajando duro como
enfermera,"
0xe5864,65,"とにかく今はカナとメグミを探して
ここから脱出することを考えよう。",,"Por ahora, pensemos en
buscar a Kana y Megumi
y escapar de aqui."
0xe58a8,65,"教室に白い幽霊のような影が映って
るって、大騒ぎになったんだよね。",,"Se armo un escandalo
porque se veia una
sombra blanca como
fantasma en el aula."
0xe63dc,12,カギをあけた,,Abriste la cerradura
0xe63ec,14,メモを入手した,,Obtuviste una nota
0xe63fc,14,手鏡を入手した,,"Obtuviste un espejo de
mano"
0xe640c,14,お札を入手した,,Obtuviste un amuleto
0xe641c,14,風船を入手した,,Obtuviste un globo
0xe642c,16,コップを入手した,,Obtuviste un vaso
0xe6440,18,方位磁針を入手した,,Obtuviste una brujula
0xe6454,18,茶碗と箸を入手した,,"Obtuviste un tazon y
palillos"
0xe6468,18,懐中電灯を入手した,,Obtuviste una linterna
0xe647c,18,懐中時計を入手した,,"Obtuviste un reloj de
bolsillo"
0xe6490,20,旧校舎の鍵を入手した,,"Obtuviste la llave del
edificio viejo"
0xe64a8,20,カナの携帯を入手した,,"Obtuviste el celular de
Kana"
0xe64c0,20,リコの携帯を入手した,,"Obtuviste el celular de
Riko"
0xe64d8,20,３枚の写真を入手した,,Obtuviste tres fotos
0xe64f0,20,石のかけらを入手した,,"Obtuviste un pedazo de
piedra"
0xe6508,20,ぬいぐるみを入手した,,Obtuviste un peluche
0xe6520,22,ヘリウムガスを入手した,,Obtuviste gas helio
0xe6538,22,アルミホイルを入手した,,Obtuviste papel aluminio
0xe6550,22,メグミの携帯を入手した,,"Obtuviste el celular
de Megumi"
0xe6568,22,ビデオテープを入手した,,"Obtuviste una cinta de
video"
0xe6580,24,ナイフとコップを入手した,,"Obtuviste un cuchillo y
un vaso"
0xe659c,24,オーナーの日記を入手した,,"Obtuviste el diario del
dueno"
0xe65b8,26,コックリさんの紙を入手した,,"Obtuviste el papel de
Kokkuri-san"
0xe65d4,33,"ドリームパークのマップを
入手した",,"Obtuviste el mapa de
Dream Park"
0xe65f8,35,"Ｒボタンでアイテム画面を
開きます。",,"El boton R abre la
pantalla de objetos."
0xe661c,35,"メリーゴーラウンドの模型
を入手した",,"Obtuviste la maqueta del
carrusel"
0xe6640,35,"３階にある音楽室に向って
ください。",,"Dirigete al salon de
musica del tercer
piso."
0xe6664,39,"地図やそのほかの持ち物を
確認できます。",,"Puedes revisar el
mapa y otros
objetos."
0xe668c,49,"メグミを十字ボタン、もしくは
タッチペンで操作し、",,"Controla a Megumi
con la cruceta o
con el lapiz tactil,"
0xe66c0,51,"会話をすることで、目標を
再確認することができます。",,"Hablando con otros
puedes repasar tu
objetivo."
0xe66f4,51,"下画面の、気になる場所を
タッチして調べてください。",,"Toca en la pantalla
de abajo lo que
quieras revisar."
0xe6728,55,"Ｘボタンでいっしょにいる
キャラクターと会話ができます。",,"El boton X permite
hablar con quien
te acompana."
0xe6760,66,"調べられる場所が目の前に
あると、上画面にアイコンが
表示されます。",,"Si hay algo revisable
cerca, aparece un
icono arriba."
0xe6b0c,8,能圭,,"[REVISAR ROM - texto
ilegible/corrupto,
posible efecto del juego]"
0xe7588,8,版菁,,"[REVISAR ROM - texto
ilegible/corrupto,
posible efecto del juego]"
0xe8624,32,ｨyﾀz８８−０９と書いてある。,,"[TEXTO PARCIAL] Dice
88-09."
0xe8648,41,"古い時計……名前が入ってる。
サクマ……。",,"Un reloj viejo... tiene
un nombre grabado.
Sakuma..."
0xe8b9c,8,おおお！,,Oooh!
0xe8ba8,8,次は…。,,Lo siguiente es...
0xe8bb4,8,怨念…！,,Un rencor...!
0xe8bc0,8,頼むぞ。,,"Vamos, dale."
0xe8bcc,8,なんだ？,,Que es esto?
0xe8bd8,10,なんで！？,,Por que!?
0xe8be4,10,最後は…。,,Por ultimo...
0xe8bf0,12,やんだ……？,,Se detuvo...?
0xe8c00,12,どうした！？,,Que paso!?
0xe8c10,12,次はこれ…。,,Ahora esto...
0xe8c20,14,これで最後…。,,Con esto termina...
0xe8c30,14,これで良し…。,,Con esto esta bien...
0xe8c40,16,これで良し…と。,,"Con esto esta bien,
listo."
0xe8c54,16,魔の…カーブ…。,,La curva... maldita...
0xe8c68,16,これで２つ目…。,,Van dos...
0xe8c7c,18,ユウタ、しっかり！,,"Yuuta, animo!"
0xe8c90,18,それじゃないって。,,Te digo que no es eso.
0xe8ca4,18,曲がりきれない…！,,"No puedo tomar la
curva...!"
0xe8cb8,20,これ…もしかして…！,,Esto... sera que...!
0xe8cd0,20,やっぱり何かいる…？,,Al final si hay algo...?
0xe8ce8,22,まず、これを乗せる…。,,"Primero, pongo esto..."
0xe8d00,24,早く！ミズキも手伝って。,,"Rapido! Ayuda tambien,
Mizuki."
0xe8d1c,24,なんとかならねえのかよ。,,No se puede hacer algo?
0xe8d38,26,そうだな。扉を押さえよう。,,"Es cierto. Vamos a
sujetar la puerta."
0xe8d70,28,さっき拾った石があるでしょ。,,"Esta la piedra que
recogimos hace un rato."
0xe8d90,28,結局…何も出てこなかった…。,,"Al final... no salio
nada..."
0xe8db0,30,おい…、やばいんじゃないか…。,,"Oye... esto no sera
malo..."
0xe8dd0,32,取っ手を掴んで開けてみましょう。,,"Agarremos la manija e
intentemos abrir."
0xe8df4,39,"カーブが見えてきたら、
下画面のレバーを",,"Cuando veas la curva, la
palanca de la pantalla de
abajo"
0xe8e1c,39,"スライドさせて、減速に
合わせましょう。",,"deslizala para ajustar la
velocidad."
0xe8e44,41,"まず、下から積み上げないと
落ちちゃうよ。",,"Hay que apilar desde
abajo, si no se cae."
0xe8e70,41,"これ…ロッカーに捨てられた
赤ちゃんの！？",,"Esto es... de un bebe
abandonado en un
locker!?"
0xe8e9c,45,"扉をタッチして、しっかりと
押さえてください。",,"Toca la puerta y sujetala
con fuerza."
0xe8ecc,45,"（江戸川線は…闇につながる…？
　なにそれ？）",,"(La linea Edogawa...
conecta con la
oscuridad...? Que es
eso?)"
0xe8efc,45,"扉をタッチして、しっかりと
押さえてください。",,"Toca la puerta y sujetala
con fuerza."
0xe8f2c,45,"さびてるから、ゆっくりやらないと
開かないよ。",,"Esta oxidado, si no vas
despacio no se abre."
0xe8f5c,47,"カーブでは減速しないと
電車は曲がりきれません。",,"Si no reduces la
velocidad en la curva, el
tren no podra girar."
0xe8f8c,58,"タッチペンをゆっくり
スライドさせて、扉を
開けてください。",,"Desliza el lapiz tactil
despacio para abrir la
puerta."
0xe8fc8,64,"タッチペンで石のかけらを
正しい角度になるように
回してください。",,"Usa el lapiz tactil para
girar el pedazo de piedra
hasta el angulo correcto."
0xe9014,6,うん。,,Si.
0xe901c,8,またぁ？,,Otra vez?
0xe9028,8,うーん。,,Mmm.
0xe9034,10,ユミコ…。,,Yumiko...
0xe9040,10,ホントだ。,,Es cierto.
0xe904c,12,なにこれ…。,,Que es esto...
0xe905c,12,どうしよう。,,Que hacemos.
0xe906c,14,どうしよう…。,,Que hacemos...
0xe907c,14,（ええっ…！）,,(Ehh...!)
0xe908c,16,ひとつだけ墓場へ,,Solo uno al cementerio
0xe90a0,16,（床に…何が…）,,"(En el piso... que es
esto...)"
0xe90b4,18,（やっぱ怖いし、）,,"(Da miedo, la verdad,)"
0xe90c8,18,どっちか選べ…か。,,Elige uno de los dos...
0xe90dc,18,右側にはメモが…。,,"Del lado derecho hay una
nota..."
0xe90f0,18,（どういうこと？）,,(Que significa esto?)
0xe9104,18,これ、なんだろう。,,Que sera esto.
0xe9118,20,（でも…気になる…）,,"(Pero... me da
curiosidad...)"
0xe9130,20,信じたくないけど…。,,"No quiero creerlo,
pero..."
0xe9148,20,霊を寄せつけない…。,,Aleja a los espiritus...
0xe9160,20,そりゃ、そうだけど。,,"Bueno, es cierto, pero."
0xe9178,20,頭痛くなってきた…。,,"Me esta doliendo la
cabeza..."
0xe9190,20,（外には何もない…）,,"(Afuera no hay
nada...)"
0xe91a8,20,（机…何もないか…）,,"(El escritorio... no hay
nada...)"
0xe91c0,20,何かが起きるみたい。,,"Parece que algo va a
pasar."
0xe91d8,22,紙がはさまれている…。,,Hay un papel metido...
0xe91f0,22,名前は…倉田裕見子…。,,"El nombre es... Kurata
Yumiko..."
0xe9208,22,ちょっと見てみようよ。,,"Vamos a echar un
vistazo."
0xe9220,22,やっぱりどっちも墓場へ,,"Al final los dos al
cementerio"
0xe9238,22,やっぱり殺された…の？,,Entonces la mataron...?
0xe9250,24,古い雑誌や本ばっかり…。,,"Solo hay revistas y libros
viejos..."
0xe926c,24,なんか鳥肌立っちゃうね。,,"Que se me pone la piel
de gallina."
0xe9288,24,見て、あのビデオの山…。,,"Mira, esa pila de
videos..."
0xe92a4,24,うわ…文字がびっしり…。,,"Uy... esta lleno de
letra..."
0xe92c0,24,家賃の支払い記録みたい。,,"Parece un registro de
pagos de renta."
0xe92dc,24,あたしは夕方届いたよ…。,,"A mi me llego en la
tarde..."
0xe92f8,24,（その上でサクジョ…と）,,"(Y despues de eso, lo
borro...)"
0xe9314,24,（普通の床・・・だよね）,,"(Es un piso normal...
verdad?)"
0xe9330,24,ミズキの住んでる部屋だ！,,"Este es el cuarto donde
vive Mizuki!"
0xe934c,26,入金は９月で終わってる…。,,"Los pagos terminan en
septiembre..."
0xe9368,26,かくれんぼの遊びをするの。,,"Vamos a jugar a las
escondidas."
0xe9384,28,ね、見て、あの本のタイトル。,,"Oye, mira el titulo de
ese libro."
0xe93a4,28,１０３号室って書いてあるよ。,,Dice cuarto 103.
0xe93c4,28,ちょっと…１０３号室って…。,,"Espera... el cuarto 103
es..."
0xe93e4,28,（ふすまは…関係…ないよね）,,"(La puerta corrediza no
tiene nada que ver,
no?)"
0xe9404,28,（殺人事件から生まれた…？）,,"(Nacio de un
asesinato...?)"
0xe9424,29,"知らないの？
一種の降霊術よ。",,"No lo sabes? Es un tipo
de ritual de invocacion."
0xe9444,30,この人が昔住んでいたってこと？,,"O sea que esta persona
vivio aqui antes?"
0xe9464,32,ヘビ皮の財布…チベットの護符…。,,"Una billetera de piel de
serpiente... un amuleto
tibetano..."
0xe9488,32,あたし、コックリさんはもうパス。,,"Yo ya no quiero saber
nada de Kokkuri-san."
0xe94ac,33,"ぬいぐるみをタッチ
してください。",,Toca el peluche.
0xe94d0,33,"それを…この部屋で？
やばくない？",,"Eso... en este cuarto?
No es peligroso?"
0xe94f4,35,"調べたい場所を
タッチしてください。",,"Toca el lugar que quieras
revisar."
0xe9518,35,"調べたい場所を
タッチしてください。",,"Toca el lugar que quieras
revisar."
0xe953c,35,"調べたい場所を
タッチしてください。",,"Toca el lugar que quieras
revisar."
0xe9560,35,"調べたい場所を
タッチしてください。",,"Toca el lugar que quieras
revisar."
0xe9584,35,"調べたい場所を
タッチしてください。",,"Toca el lugar que quieras
revisar."
0xe95a8,35,"調べたい場所を
タッチしてください。",,"Toca el lugar que quieras
revisar."
0xe95cc,35,"調べたい場所を
タッチしてください。",,"Toca el lugar que quieras
revisar."
0xe95f0,35,"調べたい場所を
タッチしてください。",,"Toca el lugar que quieras
revisar."
0xe9614,35,"調べたい場所を
タッチしてください。",,"Toca el lugar que quieras
revisar."
0xe9638,35,"調べたい場所を
タッチしてください。",,"Toca el lugar que quieras
revisar."
0xe965c,35,"調べたい場所を
タッチしてください。",,"Toca el lugar que quieras
revisar."
0xe9680,35,"調べたい場所を
タッチしてください。",,"Toca el lugar que quieras
revisar."
0xe96a4,37,"玄関にあったのと似たような
番号だ…。",,"Es un numero parecido al
que estaba en la
entrada..."
0xe96cc,37,"（６人分、アドレスを選んで
　転送…）",,"(Elegir seis direcciones y
reenviar...)"
0xe96f4,37,"魔よけのおまじない…、水晶の
原石…。",,"Un amuleto contra el
mal... un cristal en
bruto..."
0xe971c,37,"そもそも“ひとりかくれんぼ”って
何？",,"Que es eso de ""Hitori
Kakurenbo"", para
empezar?"
0xe9744,37,"もう見たでしょ。
他のものを探そうよ。",,"Ya lo vimos. Busquemos
otra cosa."
0xe976c,39,"あのストーカーがつぶやいてた…
名前…。",,"El nombre que
murmuraba ese
acosador..."
0xe9794,39,"コックリさんと違うのは１人で
すること。",,"La diferencia con
Kokkuri-san es que se
hace sola."
0xe97bc,41,"ね、アルミホイルって…台所に
あったよね。",,"Oye, el papel
aluminio... estaba en la
cocina, no?"
0xe97e8,41,"見て…家賃の記録…１９８８年
５月からだ。",,"Mira, el registro de
renta... es desde mayo
de 1988."
0xe9814,41,"ぬいぐるみを使った儀式で霊を
呼び出して、",,"Es un ritual con un
peluche para invocar a
un espiritu,"
0xe9840,41,"（ベッド…特に変なところは
　…ない……）",,"(La cama... no parece
tener nada raro...)"
0xe986c,43,"ここから誰かがビデオテープを
持ち出した…。",,"Alguien se llevo una
cinta de video de
aqui..."
0xe9898,43,"ほら、『図解・悪霊から身を守る
方法』って。",,"Mira, ""Guia ilustrada
para protegerse de los
espiritus malignos""."
0xe98c4,43,"あのビデオの月…。
やっぱり殺されたんだよ。",,"El mes de ese video...
de verdad la mataron."
0xe98f0,43,"（何で、こんなところにアルミ
　ホイルが…）",,"(Por que hay papel
aluminio en un lugar
asi...)"
0xe991c,45,"（どっちも即チェーンメールの墓場
　行きね…）",,"(Las dos van directo al
cementerio de
cadenas...)"
0xe994c,45,"“コックリさん”…と
“ひとりかくれんぼ”…。",,"""Kokkuri-san""... y
""Hitori Kakurenbo""..."
0xe997c,45,"……あと……カップに水を浸し、
箸を立てる…。",,"Y despues... se moja
un vaso con agua y se
para un palillo..."
0xe99ac,45,"でも、このままでも…いけない
ような気がする。",,"Pero siento que asi
tampoco va a estar bien."
0xe99dc,47,"アルミホイルには…霊の侵入を
防ぐのに効果あり。",,"El papel aluminio es
efectivo para evitar que
entren los espiritus."
0xe9a0c,49,"ユカリ先生やレイカに話したら
怒られそうだけど…。",,"Si se lo cuento a la
profesora Yukari o a
Reika, seguro me
regana, pero..."
0xe9a40,49,"（大丈夫よね？１つぐらいなら…
　こっそり保存…）",,"(Va a estar bien, no?
Con guardar solo una a
escondidas...)"
0xe9a74,49,"でも“ひとりかくれんぼ”って
…さっきメールが…。",,"Pero ""Hitori
Kakurenbo""... el correo
de hace rato..."
0xe9aa8,49,"あのビデオのラベルに書いてあった
月じゃないかな。",,"Sera el mes que decia la
etiqueta de ese video?"
0xe9adc,49,"（ベッドの下の床板…１枚だけ
　微妙にずれてる…）",,"(Debajo de la cama, una
tabla del piso esta un
poco fuera de lugar...)"
0xe9b10,51,"（“ひとりかくれんぼ”の方は
　墓場行きってことで）",,"(Lo de ""Hitori
Kakurenbo"" va al
cementerio, entonces)"
0xe9b44,51,"近くに霊がいるなら、コックリさん
より高い確率で…、",,"Si hay un espiritu cerca,
con mas probabilidad
que con Kokkuri-san,"
0xe9b78,53,"（このチェーンメールだけ保存
　したら…まずいかな…）",,"(Si solo guardo esta
cadena de correo...
sera un problema...?)"
0xe9bb0,53,"それか旧校舎の時のように、
コックリさんに聞いてみる？",,"O como en el edificio
viejo, le preguntamos a
Kokkuri-san?"
0xe9be8,53,"カップに箸…あったよね…。
他にもまだ隠されてるかも。",,"Habia un vaso con
palillos... Tal vez haya
mas cosas escondidas."
0xe9c20,53,"だよね。ひとりかくれんぼで鬼を
見ると呪われるって…。",,"Cierto. Dicen que si ves
al oni en Hitori
Kakurenbo, te
maldicen..."
0xe9c58,53,"（“ひとりかくれんぼ”で、鬼を
　見ると呪われる…？）",,"(Si ves al oni en ""Hitori
Kakurenbo"", te
maldicen...?)"
0xe9d00,55,"壁一面に貼ることで、霊の力を
吸収し、弱めることができ、",,"Pegandolo por toda la
pared, se absorbe y
debilita el poder de los
espiritus,"
0xe9d38,55,"コックリさんみたいに、何か教えて
くれるんじゃないんだ。",,"No es como
Kokkuri-san, que te dice
algo."
0xe9d70,55,"（ハイツ桐塚って…うちの
　マンション…ちょっとやだ…）",,"(Heights Kirizuka... es
mi edificio... que
mal...)"
0xe9da8,57,"もし…これがある程度ホントなら、
ストーカーに殺された女の",,"Si esto es cierto hasta
cierto punto, es el
rencor de una mujer
asesinada por un
acosador,"
0xe9de4,57,"怨念が、マンションに心霊現象を
巻き起こしてるんじゃない？",,"que esta causando los
fenomenos paranormales
en el edificio, no?"
0xe9e20,59,"（都市伝説“ベッドの下の男”は
　…ハイツ桐塚で…起きた…）",,"(La leyenda urbana ""El
hombre debajo de la
cama"" paso aqui, en
Heights Kirizuka...)"
0xe9e5c,60,"タッチペンで床を上から
下にスライドさせて
こすってください。",,"Desliza el lapiz tactil de
arriba hacia abajo en el
piso para frotarlo."
0xe9e9c,61,"もしも霊がいるなら…その正体を
突き止めて…成仏させないと…。",,"Si hay un espiritu...
hay que averiguar quien
es... y ayudarlo a
descansar en paz..."
0xe9edc,6,はい。,,Si.
0xe9ee4,12,レ、レイカ？,,R-Reika?
0xe9ef4,12,リコ？どう？,,Riko? Como vas?
0xe9f04,18,ありがとう、リコ！,,"Gracias, Riko!"
0xe9f18,20,早く合流しなきゃね。,,"Hay que reunirnos
rapido."
0xe9f30,20,うわっ、きたなーい。,,"Uy, que asco."
0xe9f48,22,ヘリウムガスを入手した,,Obtuviste gas helio
0xe9f60,24,（なにか壁に書いてある）,,"(Hay algo escrito en la
pared)"
0xe9f7c,26,見つけたよ、ヘリウムガス。,,"Lo encontre, el gas
helio."
0xe9f98,26,オバケ役のなれの果てだね。,,"Es lo que queda de un
disfraz de fantasma."
0xe9fb4,26,だめ、留守電になっちゃう！,,"No, va a saltar el
contestador!"
0xe9fd0,30,人形でもふくらませてたのかな。,,"Sera que inflaban un
muneco con esto?"
0xe9ff0,30,もともとボロボロだったのかな？,,"Sera que ya estaba
destrozado desde antes?"
0xea010,35,"調べたい場所を
タッチしてください。",,"Toca el lugar que quieras
revisar."
0xea088,41,"光が漏れてる…。
この扉を開けてみよう…。",,"Se filtra luz... Vamos a
abrir esta puerta..."
0xea0b4,43,"回したい方向のボタンを
タッチしてください。",,"Toca el boton de la
direccion en la que
quieras girar."
0xea0e0,53,"只今電話にでることができません。
ピーっと鳴ったら…。",,"En este momento no
puedo atender el
telefono. Despues del
tono..."
0xea118,62,"壁に書かれた矢印の方向に
タッチペンをスライドさせて
ください。",,"Desliza el lapiz tactil en
la direccion de la flecha
escrita en la pared."
0xea158,66,"下画面のスイッチを
スライドさせることで、
電源をオンオフできます。",,"Deslizando el interruptor
de la pantalla de abajo
puedes encender o
apagar."
0xea19c,66,"下画面のスイッチを
スライドさせることで、
電源をオンオフできます。",,"Deslizando el interruptor
de la pantalla de abajo
puedes encender o
apagar."
0xea1e0,66,"下画面のスイッチを
スライドさせることで、
電源をオンオフできます。",,"Deslizando el interruptor
de la pantalla de abajo
puedes encender o
apagar."
0xea224,66,"下画面のスイッチを
スライドさせることで、
電源をオンオフできます。",,"Deslizando el interruptor
de la pantalla de abajo
puedes encender o
apagar."
0xea268,66,"下画面のスイッチを
スライドさせることで、
電源をオンオフできます。",,"Deslizando el interruptor
de la pantalla de abajo
puedes encender o
apagar."
0xea2ac,66,"下画面のスイッチを
スライドさせることで、
電源をオンオフできます。",,"Deslizando el interruptor
de la pantalla de abajo
puedes encender o
apagar."
0xea300,6,きた！,,Llego!
0xea308,6,うん。,,Si.
0xea324,8,４７７１,,4771
0xea330,8,イオゴク,,IOGOKU
0xea33c,8,はっ…。,,Ah...
0xea348,8,テンゴク,,TENGOKU (Cielo)
0xea354,8,４２１９,,4219
0xea36c,10,ジュウゴク,,JUUGOKU
0xea384,10,電源を切る,,Apagar
0xea3a8,10,そっか…。,,Ya veo...
0xea3b4,10,電源を切る,,Apagar
0xea3c0,10,（えっ…）,,(Eh...)
0xea3cc,10,電源を切る,,Apagar
0xea3d8,10,（次に…）,,(Lo siguiente...)
0xea3f0,12,なかったよ。,,No habia nada.
0xea400,12,・・・・・・,,......
0xea410,14,あっぷっぷっ…,,Abupupu...
0xea420,14,反応が無い…。,,No hay respuesta...
0xea430,14,あっぷっぷっ…,,Abupupu...
0xea440,14,ガビョウかよ。,,"Una chinche, nada mas."
0xea450,14,（あたし…？）,,(Yo...?)
0xea460,14,（ミズキ…？）,,(Mizuki...?)
0xea470,16,通話ボタンを押す,,"Presiona el boton de
llamada"
0xea484,16,通話ボタンを押す,,"Presiona el boton de
llamada"
0xea498,16,せっせっせっの…,,A la de tres...
0xea4ac,16,（違うかな…？）,,(Sera que no es...?)
0xea4c0,16,通話ボタンを押す,,"Presiona el boton de
llamada"
0xea4d4,16,せっせっせっの…,,A la de tres...
0xea4e8,16,（…わたしが…）,,(...yo...)
0xea4fc,18,（…どうしよう…）,,(...Que hago...)
0xea510,18,にらめっこしましょ,,"Hagamos un concurso de
miradas"
0xea524,18,にらめっこしましょ,,"Hagamos un concurso de
miradas"
0xea538,40,悪pｨTｭ発茜（やってみるしか…）,,"[REVISAR ROM - texto
ilegible/corrupto] (No
queda otra que
intentarlo...)"
0xea564,20,（どうか…真実を…）,,"(Por favor... la
verdad...)"
0xea57c,20,なぜか…気になる…。,,"No se por que... me da
curiosidad..."
0xea594,22,メール送信ボタンを押す,,"Presiona el boton de
enviar correo"
0xea5ac,22,好きな人のアイテム…。,,"Un objeto de la persona
que te gusta..."
0xea5c4,22,メール送信ボタンを押す,,"Presiona el boton de
enviar correo"
0xea5dc,22,何か間違えたのかな…。,,"Sera que me equivoque
en algo..."
0xea5f4,22,メール送信ボタンを押す,,"Presiona el boton de
enviar correo"
0xea60c,24,…じゃあ、…質問します。,,"Bueno... voy a
preguntar."
0xea628,24,ガビョウ、取っておくか。,,"Me quedo con la
chinche, por si acaso."
0xea644,24,（それでおまじないを…）,,"(Y con eso, el
hechizo...)"
0xea660,24,…ナナシ……お願い……。,,Nanashi... por favor...
0xea67c,25,（７７４……ナナシ…？）,,(774...... Nanashi...?)
0xea698,26,ったく、ブルッて損したよ。,,"Ay, que tonta, me
asuste para nada."
0xea6b4,26,校長先生…がどうかしたの？,,"Le paso algo al
director...?"
0xea6d0,28,間違えた。たしか８４通目…。,,"Me equivoque. Creo que
era el correo numero
84..."
0xea6f0,28,（番号を入力…何番だっけ…）,,"(Ingresar el numero...
cual era...?)"
0xea710,28,（思い切って外に出るしか…）,,"(No queda otra que
animarme y salir...)"
0xea730,28,まさか…“にらめっこ”…！？,,"No puede ser... el
""nirameko""...!?"
0xea750,32,花壇の中も探したけど、何にも…。,,"Tambien busque en el
jardin, pero no habia
nada..."
0xea774,32,満月の明かりが反射していたのね。,,"Era el reflejo de la luz de
la luna llena."
0xea798,32,写真にも魂が宿るっていうでしょ。,,"Dicen que hasta en las
fotos puede quedarse un
alma."
0xea7bc,32,（まだ通話可能…つながってる？）,,"(Todavia se puede
llamar... esta
conectado?)"
0xea7e0,32,（もう一度考え直してみましょう）,,"(Vamos a pensarlo de
nuevo)"
0xea804,32,（あの４つの数字を入力しないと）,,"(Hay que ingresar esos
cuatro numeros)"
0xea828,32,まさか、このおまじないを屋上で？,,"No puede ser, este
hechizo en la azotea?"
0xea84c,33,"なんだ…？
誰が俺のケータイに…。",,"Que es esto...? Quien
le escribe a mi
celular..."
0xea870,37,"タッチペンで数字を
入力してください。",,"Ingresa los numeros con
el lapiz tactil."
0xea898,37,"！……なんだ、この数字…
どっかで…。",,"!... Que es este
numero... lo he visto en
algun lado..."
0xea8c0,37,"はっ……４２１９……
…死に行く……？",,"Ah... 4219...
shiniiku... voy a morir?"
0xea8e8,39,"（４７７１……シナナイ
……死なない？）",,"(4771... shinanai...
no voy a morir?)"
0xea910,39,"（４２１９……シニイク
……死に行く？）",,"(4219... shiniiku...
voy a morir?)"
0xea938,39,"（“１０５９”って…どういう
　意味…）",,"(Que significara
""1059""...)"
0xea960,39,"（やっぱり…マサキはあたしの
　こと…）",,"(Entonces... Masaki de
mi...)"
0xea988,39,"タッチペンで下画面に円を
描いて下さい。",,"Dibuja un circulo en la
pantalla de abajo con el
lapiz tactil."
0xea9b0,41,"で…、右と左…、
何回ずつ回すんだっけ…。",,"Y bueno... a la derecha
y a la izquierda...
cuantas veces se
giraba..."
0xea9dc,41,"ははっ…なに言ってるの？
ナナシは俺だろ！",,"Ja... que estas
diciendo? Nanashi soy
yo!"
0xeaa08,43,"…他に、このおまじないができる
場所って…。",,"En que otro lugar se
puede hacer este
hechizo..."
0xeaa34,43,"（この１０５９もゴロあわせだと
　すると…）",,"(Si este 1059 tambien es
un juego de palabras con
numeros...)"
0xeaa60,43,"（どうか…真実を…あいつの好きな
　異性…）",,"(Por favor... la
verdad... quien le
gusta a el...)"
0xeaa8c,45,"（ここに閉じこめられたら、
　ますます危険…）",,"(Si nos quedamos
encerradas aqui, sera
aun mas peligroso...)"
0xeaabc,47,"なに言ってんの、頭おかしく
なった？ははははっ。",,"Que estas diciendo, te
volviste loca? Jajajaja."
0xeaaec,49,"（９月２６日…今日…夜明けに
　…東京で大地震…）",,"(26 de septiembre...
hoy... al amanecer...
un gran terremoto en
Tokio...)"
0xeab20,49,"こういうのって、ふざけてても、
あまり良くない…。",,"Este tipo de cosas,
aunque sea en broma,
no esta bien..."
0xeab54,49,"…チェーンメールを送ったナナシは
どこにいますか？",,"Donde esta Nanashi,
quien envio la cadena de
correo?"
0xeab88,50,"ガビョウをタッチして、
下にスライドして
ください。",,"Toca la chinche y
deslizala hacia abajo."
0xeabbc,53,"（“４２１９”が“シニイク”
　…で“死に行く”なら）",,"(Si ""4219"" es
""shiniiku""... y significa
""voy a morir""...)"
0xeabf4,55,"（２台のケータイって…１つは
　わたしの…もう１つは…）",,"(Dos celulares... uno
es el mio... y el otro
es...)"
0xeac2c,55,"（笑ってるように聞こえる…
　わたしが勝ったってこと？）",,"(Suena como si se
estuviera riendo... eso
significa que gane?)"
0xeac64,57,"……にらめっ…こ……しましょ
……わらう…と…まけよ……。",,"...Hagamos...
nirameko... si te
ries... pierdes..."
0xeaca0,57,"待って、屋上はさすがにコックリ
さんでこりてるんじゃない？",,"Espera, no que ya
habiamos aprendido la
leccion con Kokkuri-san
en la azotea?"
0xeacdc,59,"屋上はさっき調べたけど、リコの
手がかりになるようなモノは、",,"Ya revise la azotea hace
rato, pero algo que
sirviera de pista sobre
Riko,"
0xead18,59,"あいつが恋のおまじないなんて、
ちょっと信じられないけどね。",,"Cuesta creer que el haga
un hechizo de amor, la
verdad."
0xead54,60,"揺れた場所と同じ場所を
揺れた回数分だけタッチ
してください。",,"Toca el mismo lugar que
se movio, la misma
cantidad de veces que se
movio."
0xead94,60,"タッチペンを横にスライド
させて、ページをめくって
ください。",,"Desliza el lapiz tactil
hacia el lado para pasar
la pagina."
0xeade4,14,（やっぱり！）,,(Lo sabia!)
0xeadf4,16,つながらない…。,,No conecta...
0xeae08,16,（ここにも！？）,,(Aqui tambien!?)
0xeae1c,16,ユカリ先生…！？,,Profesora Yukari...!?
0xeae30,24,（ここにも同じシミが…）,,"(Aqui tambien hay la
misma mancha...)"
0xeae4c,24,（これにもシミがある…）,,"(Esto tambien tiene una
mancha...)"
0xeae68,26,（違う…もっと良く見て…）,,(No... miren mejor...)
0xeae84,28,（このシミって…いったい…）,,"(Esta mancha... que
sera...)"
0xeaea4,35,"調べたい場所をタッチ
してください。",,"Toca el lugar que quieras
revisar."
0xeaec8,35,"調べたい場所をタッチ
してください。",,"Toca el lugar que quieras
revisar."
0xeaeec,35,"調べたい場所をタッチ
してください。",,"Toca el lugar que quieras
revisar."
0xeaf10,39,"（うそ！
　どの場所にもユカリ先生が…）",,"(No puede ser! La
profesora Yukari esta en
todos lados...)"
0xeaf38,51,"チェーンメールの墓場がそんな
サイトだったなんて…。",,"No sabia que el
cementerio de cadenas
era ese tipo de sitio..."
0xeaf74,12,霊の…声…？,,"La voz... de un
espiritu...?"
0xeaf84,16,何か聞こえる…。,,Se oye algo...
0xeaf98,18,これ…なにかしら？,,Que sera esto...
0xeafac,20,何も写ってないわね。,,No sale nada en la foto.
0xeafc4,20,なんだろう…これ…。,,Que sera esto...
0xeafdc,24,な…なんか…聞こえる…。,,Se... se oye algo...
0xeaff8,28,特に怪しいところは無いわね。,,"No parece haber nada
raro en especial."
0xeb018,28,後でよく調べてみましょう…。,,"Vamos a revisarlo bien
despues..."
0xeb038,30,もしかして…霊が写っているの？,,"Sera que... hay un
espiritu en la foto?"
0xeb058,32,今度、パソコンで拡大してみよう。,,"La proxima vez lo
agrando en la
computadora."
0xeb07c,39,"妙な感じがしたのは、気のせい
かしら…。",,"Sera que me lo imagine,
esa sensacion rara..."
0xeb0a4,39,"うん、特におかしなところは
無いみたい。",,"Si, no parece haber
nada raro."
0xeb0cc,51,"気のせいかな…。何かがいそうな
気がしたんだけど…。",,"Sera mi imaginacion...
senti que habia algo,
pero..."
0xeb100,51,"とりあえず保存して、後でもう一度
聞いてみましょう。",,"Por ahora lo guardo, y lo
escucho de nuevo
despues."
0xeb13c,20,なんだろう…これ…。,,Que sera esto...
0xeb154,24,な…なんか…聞こえる…。,,Se... se oye algo...
0xeb170,32,今度、パソコンで拡大してみよう。,,"La proxima vez lo
agrando en la
computadora."
0xeb194,39,"うん、特におかしなところは
無いみたい。",,"Si, no parece haber
nada raro."
0xeb1bc,51,"気のせいかな…。何かがいそうな
気がしたんだけど…。",,"Sera mi imaginacion...
senti que habia algo,
pero..."
0xeb1f8,20,なんだろう…これ…。,,Que sera esto...
0xeb210,24,な…なんか…聞こえる…。,,Se... se oye algo...
0xeb22c,32,今度、パソコンで拡大してみよう。,,"La proxima vez lo
agrando en la
computadora."
0xeb250,39,"うん、特におかしなところは
無いみたい。",,"Si, no parece haber
nada raro."
0xeb278,51,"気のせいかな…。何かがいそうな
気がしたんだけど…。",,"Sera mi imaginacion...
senti que habia algo,
pero..."
0xeb2b4,8,うげっ。,,Puaj.
0xeb2c0,14,つまんないの。,,Que aburrido.
0xeb2d0,16,なんか写ってる！,,Sale algo en la foto!
0xeb2e4,20,なんだろう…これ…。,,Que sera esto...
0xeb2fc,22,期待してたのになぁ…。,,"Y yo que tenia
esperanzas..."
0xeb314,22,ちょっと、ナニこれ！？,,"Oye, que es esto!?"
0xeb32c,24,な…なんか…聞こえる…。,,Se... se oye algo...
0xeb348,26,明日レイカに聞いてみよう。,,"Manana le pregunto a
Reika."
0xeb364,28,ちぇっ、なんにも録れてない。,,"Ay, no se grabo nada."
0xeb384,30,なーんだ、なんにも写ってない。,,"Nada, no sale nada en la
foto."
0xeb3a4,32,今度、パソコンで拡大してみよう。,,"La proxima vez lo
agrando en la
computadora."
0xeb3c8,32,な、な、ナニよ…、この変な音…。,,"Q-que es... este sonido
tan raro..."
0xeb3ec,39,"うん、特におかしなところは
無いみたい。",,"Si, no parece haber
nada raro."
0xeb414,47,"どうしよう、消したいけど…
消しても大丈夫かな。",,"Que hago, quiero
borrarlo, pero... estara
bien si lo borro?"
0xeb444,51,"気のせいかな…。何かがいそうな
気がしたんだけど…。",,"Sera mi imaginacion...
senti que habia algo,
pero..."
0xeb478,57,"消して呪われたらイヤだし…。
明日レイカに調べてもらおう。",,"No quiero que me
maldigan por
borrarlo... manana le
pido a Reika que lo
revise."
0xeb4bc,12,霊の…声…？,,"La voz... de un
espiritu...?"
0xeb4cc,16,何か聞こえる…。,,Se oye algo...
0xeb4e0,18,これ…なにかしら？,,Que sera esto...
0xeb4f4,20,何も写ってないわね。,,No sale nada en la foto.
0xeb50c,20,なんだろう…これ…。,,Que sera esto...
0xeb524,24,な…なんか…聞こえる…。,,Se... se oye algo...
0xeb540,28,後でよく調べてみましょう…。,,"Vamos a revisarlo bien
despues..."
0xeb560,28,特に怪しいところは無いわね。,,"No parece haber nada
raro en especial."
0xeb580,30,もしかして…霊が写っているの？,,"Sera que... hay un
espiritu en la foto?"
0xeb5a0,32,今度、パソコンで拡大してみよう。,,"La proxima vez lo
agrando en la
computadora."
0xeb5c4,39,"妙な感じがしたのは、気のせい
かしら…。",,"Sera que me lo imagine,
esa sensacion rara..."
0xeb5ec,39,"うん、特におかしなところは
無いみたい。",,"Si, no parece haber
nada raro."
0xeb614,51,"気のせいかな…。何かがいそうな
気がしたんだけど…。",,"Sera mi imaginacion...
senti que habia algo,
pero..."
0xeb648,51,"とりあえず保存して、後でもう一度
聞いてみましょう。",,"Por ahora lo guardo, y lo
escucho de nuevo
despues."
0xeb684,20,なんだろう…これ…。,,Que sera esto...
0xeb69c,24,な…なんか…聞こえる…。,,Se... se oye algo...
0xeb6b8,32,今度、パソコンで拡大してみよう。,,"La proxima vez lo
agrando en la
computadora."
0xeb6dc,39,"うん、特におかしなところは
無いみたい。",,"Si, no parece haber
nada raro."
0xeb704,51,"気のせいかな…。何かがいそうな
気がしたんだけど…。",,"Sera mi imaginacion...
senti que habia algo,
pero..."
0xeb748,6,何で？,,Por que?
0xeb750,6,キャ！,,Ahh!
0xeb760,6,えっ？,,Eh?
0xeb768,6,キャ！,,Ahh!
0xeb770,6,何が？,,Que cosa?
0xeb778,6,はい。,,Si.
0xeb788,6,うん。,,Si.
0xeb7a0,6,えっ！,,Eh!
0xeb7a8,6,あっ。,,Ah.
0xeb7b8,8,サクマ？,,Sakuma?
0xeb7c4,8,行くぞ！,,Vamos!
0xeb80c,8,待って！,,Espera!
0xeb818,8,降りよう,,Bajemos
0xeb824,8,えっ…？,,Eh...?
0xeb83c,8,えっ！？,,Eh!?
0xeb848,8,ばーか。,,Tonto.
0xeb854,8,…えっ？,,...Eh?
0xeb860,8,いや…。,,No...
0xeb89c,8,風が…。,,El viento...
0xeb8a8,8,えっ…。,,Eh...
0xeb8b4,8,そだね。,,Es cierto.
0xeb8c0,8,近い…。,,Esta cerca...
0xeb8d8,8,急ごう。,,Apuremonos.
0xeb8e4,8,くそっ！,,Maldicion!
0xeb8f0,8,じゃあね,,Nos vemos
0xeb8fc,10,警報機だ。,,Es la alarma.
0xeb908,10,拡張工事？,,Una ampliacion?
0xeb914,10,違う……。,,No...
0xeb920,10,そうだね。,,Es cierto.
0xeb92c,10,お、おい！,,O-oye!
0xeb938,10,うるへー。,,Callate.
0xeb944,10,いいよ…。,,Esta bien...
0xeb950,10,分かった。,,Entendido.
0xeb95c,10,今度こそ。,,Esta vez si.
0xeb968,10,じゃあね。,,Nos vemos.
0xeb974,10,これが…。,,Esto es...
0xeb980,10,さようなら,,Adios
0xeb98c,10,はいはい。,,"Si, si."
0xeb998,10,リコこそ！,,"Tu tambien, Riko!"
0xeb9a4,10,じゃあな。,,Nos vemos.
0xeb9b0,10,…そうだ。,,Es cierto.
0xeb9bc,10,まさか…。,,No puede ser...
0xeb9c8,10,無視しよう,,Ignoremoslo
0xeb9d4,10,それだれ？,,Quien es ese?
0xeb9e0,10,そうなの？,,En serio?
0xeb9ec,10,地下水だ。,,Es agua subterranea.
0xeb9f8,10,無理だよ。,,Es imposible.
0xeba04,10,うるへー。,,Callate.
0xeba10,10,そうだね。,,Es cierto.
0xeba1c,10,ここは…。,,Este lugar...
0xeba28,10,こわ……。,,Que miedo...
0xeba34,10,へぇ……。,,Vaya...
0xeba40,10,あ…リコ。,,Ah... Riko.
0xeba4c,12,時代だった。,,Era otra epoca.
0xeba5c,12,じゃあ、な。,,Nos vemos.
0xeba6c,12,さようなら。,,Adios.
0xeba7c,12,再利用した。,,Lo reutilizaron.
0xeba8c,12,なんで俺が！,,Por que yo!
0xeba9c,12,何の話だろ？,,De que hablara?
0xebaac,12,この音…！？,,Este sonido...!?
0xebabc,12,…ホコラ…？,,Un santuario...?
0xebacc,12,裏切り者め。,,Traidora.
0xebadc,12,冷たいなあ。,,Que fria eres.
0xebaec,12,東桐塚駅…。,,"Estacion
Higashi-Kirizuka..."
0xebafc,12,いいじゃん。,,Que mas da.
0xebb0c,12,あ、あれ…。,,"Ah, eso..."
0xebb1c,12,わたしも行く,,Yo tambien voy
0xebb2c,12,電車に乗ろう,,Subamos al tren
0xebb3c,12,て、停電か？,,S-sera un apagon?
0xebb4c,12,に、逃げよ！,,H-huyamos!
0xebb5c,12,あ、人が…。,,"Ah, hay alguien..."
0xebb6c,12,懐中時計…。,,Un reloj de bolsillo...
0xebb7c,12,それは……。,,Eso es...
0xebb8c,12,あ、ユウタ。,,"Ah, Yuuta."
0xebb9c,12,く、崩れる！,,S-se derrumba!
0xebbac,12,サクマ……！,,Sakuma...!
0xebbbc,12,元駅員さん？,,"Ex-empleado de la
estacion?"
0xebbcc,12,おい、リコ！,,"Oye, Riko!"
0xebbdc,12,うーん……。,,Mmm......
0xebbec,14,おかしい……。,,Que raro...
0xebbfc,14,…アイテム…。,,Un objeto...
0xebc0c,14,わしはサクマ。,,Yo soy Sakuma.
0xebc1c,14,それに乗って？,,Y me subo a eso?
0xebc2c,14,そうだな……。,,Es cierto...
0xebc3c,14,わたしは……。,,Yo...
0xebc4c,14,時計の音……。,,El sonido del reloj...
0xebc5c,14,わたしも行く！,,Yo tambien voy!
0xebc6c,14,この電車……。,,Este tren...
0xebc7c,14,えっ、どこに？,,"Eh, a donde?"
0xebc8c,14,それに乗って？,,Y me subo a eso?
0xebc9c,14,早く行こうぜ。,,Vamos rapido.
0xebcac,14,少しだけだよ。,,Solo un poco.
0xebcbc,14,は？何でだよ？,,Eh? Por que?
0xebccc,14,魔よけのお札？,,"Un amuleto contra el
mal?"
0xebcdc,14,分かった……。,,Entendido...
0xebcec,14,危なかった…。,,Estuvo cerca...
0xebcfc,14,こ、今度は何？,,Y a-ahora que?
0xebd0c,14,魔よけのお札？,,"Un amuleto contra el
mal?"
0xebd1c,14,そうなんだ…。,,Ya veo...
0xebd2c,14,ユウタくんは？,,Y Yuuta?
0xebd3c,14,それに乗って？,,Y me subo a eso?
0xebd4c,14,停まった……。,,Se detuvo...
0xebd5c,14,１８時５９分。,,18:59.
0xebd6c,14,つくったんだ。,,Lo hice yo.
0xebd7c,16,行ってみましょ。,,Vamos a ver.
0xebd90,16,どうしたユウタ？,,"Que pasa, Yuuta?"
0xebda4,16,あの時は驚いた。,,"Me sorprendi en ese
momento."
0xebdb8,16,うん……じゃあ、,,"Si... entonces,"
0xebdcc,16,どうしてですか？,,Por que?
0xebde0,16,うわっネズミだ！,,"Uy, una rata!"
0xebdf4,16,ちょっと、リコ！,,"Oye, Riko!"
0xebe08,16,なんだろうこれ？,,Que sera esto?
0xebe1c,16,光は向こうだよ。,,La luz esta por alla.
0xebe30,16,危なかった……！,,Estuvo cerca...!
0xebe44,16,僕も分からない。,,Yo tampoco se.
0xebe58,16,なんだろうこれ？,,Que sera esto?
0xebe6c,16,それに乗ると…。,,Si me subo a eso...
0xebe80,16,乗るのはやめよう,,Mejor no subamos
0xebe94,16,ちょっとミズキ、,,"Oye, Mizuki,"
0xebea8,16,客がいない……。,,No hay pasajeros...
0xebebc,16,２人とも降りて！,,Bajense las dos!
0xebed0,16,ユウタ、頼んだ。,,"Yuuta, cuento contigo."
0xebee4,16,よかったぁ……。,,Que alivio...
0xebef8,16,なんだろうこれ？,,Que sera esto?
0xebf0c,16,うん、かなりね。,,"Si, bastante."
0xebf20,16,話を聞いてみよう,,Escuchemos lo que dice
0xebf34,16,なんだろうこれ？,,Que sera esto?
0xebf48,16,かなり茶色いよ。,,Esta bastante cafe.
0xebf5c,16,わかってるって。,,Ya lo se.
0xebf70,16,こ、こわい……。,,Q-que miedo...
0xebf84,16,どうなってんだ？,,Que esta pasando?
0xebf98,16,ユウタ、出番だ！,,"Yuuta, te toca!"
0xebfac,16,ダメ、開かない。,,"No, no abre."
0xebfc0,16,怪奇現象を調べに,,"A investigar fenomenos
paranormales"
0xebfd4,16,なんだろうこれ？,,Que sera esto?
0xebfe8,16,また時計の音…。,,"Otra vez el sonido del
reloj..."
0xebffc,16,また時計の音だ。,,"Otra vez el sonido del
reloj..."
0xec010,16,そうかもしれん。,,Puede que si.
0xec024,16,うん…逃げよう。,,Si... huyamos.
0xec038,16,いや、知らない。,,"No, no lo se."
0xec04c,16,入ってみよう…。,,Vamos a entrar...
0xec060,16,…あ…足元……。,,Ah... a mis pies...
0xec074,16,なんだろうこれ？,,Que sera esto?
0xec088,16,…き…消えた…。,,D-desaparecio...
0xec09c,18,向こうから光が…。,,Hay luz por alla...
0xec0b0,18,ああ、お嬢さん方。,,"Ah, senoritas."
0xec0c4,18,ユウタ、知ってる？,,"Yuuta, lo sabes?"
0xec0d8,18,間違いないでしょ。,,No hay duda.
0xec0ec,18,電車が出るよ……。,,El tren se va...
0xec100,18,リコが心配だから。,,"Porque me preocupa
Riko."
0xec114,18,行っちゃった……。,,Se fue...
0xec128,18,いや、分からない。,,"No, no lo se."
0xec13c,18,僕もそう思う……。,,Yo tambien lo creo...
0xec150,18,あれ……わたし…。,,Eh... yo...
0xec164,18,ガクブチ　ノ　ウラ,,DETRAS DEL MARCO
0xec178,18,わかった、協力する,,"Entendido, te ayudo"
0xec18c,18,何か、落ちてる…。,,Algo se cayo...
0xec1a0,18,ところでいま何時？,,"Por cierto, que hora es?"
0xec1b4,18,ヤバいよ、この人！,,Esta persona da miedo!
0xec1c8,18,じゃあ、降りるか。,,"Bueno, bajemos."
0xec1dc,18,生き埋めで死んだ。,,Murio enterrado vivo.
0xec1f0,18,ああ、お嬢さん方。,,"Ah, senoritas."
0xec204,18,じゃあ、決まりね。,,"Bueno, decidido."
0xec218,18,これからどうする？,,Que hacemos ahora?
0xec22c,18,ミズキ、どうする？,,"Mizuki, que hacemos?"
0xec240,18,また…時計の音…。,,"Otra vez... el sonido
del reloj..."
0xec254,20,じゃあリコお願いね。,,"Entonces, cuento
contigo, Riko."
0xec26c,20,うわ、来ちゃったよ。,,"Uy, ya llego."
0xec284,20,ちょっと、リコ……。,,"Oye, Riko..."
0xec29c,20,　できませんでした）,,no se pudo)
0xec2b4,20,あれ？マサキじゃん。,,Eh? Si es Masaki.
0xec2cc,20,わたしたちの…せい？,,Es... nuestra culpa?
0xec2e4,20,話聞けないかなぁ…。,,"No podremos escuchar la
historia..."
0xec2fc,20,ほかのところに行こう,,Vamos a otro lugar
0xec314,20,もしかして、ここ…。,,Sera que este lugar...
0xec32c,20,そっとしておこう…。,,"Mejor dejemoslo
tranquilo..."
0xec344,20,リコ、時間もないし、,,"Riko, no hay tiempo,"
0xec35c,20,これで証明されたね。,,"Con esto quedo
probado."
0xec374,20,電車に乗ろうと思って,,Pensaba subir al tren
0xec38c,20,コインロッカーベビー,,"Bebe abandonado en un
casillero"
0xec3a4,20,そんなことしてんの？,,Estas haciendo eso?
0xec3bc,20,それは、どんな……？,,"Eso, que tipo de...?"
0xec3d4,20,線路が続いているね。,,Las vias siguen.
0xec3ec,20,うん、行ってみよう。,,"Si, vamos a ver."
0xec404,20,赤ちゃん…まさか…。,,"Un bebe... no puede
ser..."
0xec41c,20,ユウタ、どうなんだ？,,"Yuuta, que hay de eso?"
0xec434,20,触らない方がいいよ。,,Mejor no lo toques.
0xec44c,20,ここにいた方がいいよ,,Mejor quedate aqui
0xec464,20,幻の……ホーム……。,,"El anden...
fantasma..."
0xec47c,20,ううん。ありがとう。,,No. Gracias.
0xec494,20,穴…？今の揺れで…。,,"Un hoyo...? Con ese
temblor..."
0xec4ac,20,そういえば…あの時。,,"Ahora que lo pienso...
en ese momento."
0xec4c4,20,そんなことしてんの？,,Estas haciendo eso?
0xec4dc,20,（話してくれました）,,(Me lo conto)
0xec4f4,20,当時のポスターだね。,,"Es un poster de esa
epoca."
0xec50c,20,乗ってはいけないよ。,,No hay que subirse.
0xec524,20,（その日の深夜……）,,(Esa misma noche...)
0xec53c,20,チェンメ……うざ…。,,"Cadena de correo...
que molesto..."
0xec554,22,おじいさん、あの……。,,"Senor, este..."
0xec56c,22,そっか、大変だったね。,,"Ya veo, que dificil."
0xec584,22,（なくなったそうです）,,(Dicen que desaparecio)
0xec59c,22,改札に行ってみよっか。,,"Vamos a la entrada de
boletos."
0xec5b4,22,“キリヅカ”…なんだ。,,"""Kirizuka""... es eso."
0xec5cc,22,当時はコインロッカーに,,"En esa epoca, en el
casillero"
0xec5e4,22,それに使われていない。,,Ya no se usa para eso.
0xec5fc,22,これでいいのかな……。,,Estara bien asi...
0xec614,22,そのとき、幻のホームに,,"En ese momento, en el
anden fantasma"
0xec62c,22,違うってどういうこと？,,Como que no es asi?
0xec644,22,もう壊れているみたい。,,Parece que ya esta roto.
0xec65c,22,でも、大丈夫かな……。,,"Pero, estara bien..."
0xec674,22,もしかして罠かも……。,,"Sera que es una
trampa..."
0xec68c,22,もう少し調べてみよう。,,"Investiguemos un poco
mas."
0xec6a4,22,今…後ろに…気配が…。,,"Ahora... hay una
presencia... detras..."
0xec6bc,22,あれ、リコがいない！？,,"Eh, no esta Riko!?"
0xec6d4,22,上からじゃないかな…。,,"Sera que viene de
arriba..."
0xec6ec,22,やっぱり、リコが心配。,,"Al final, me preocupa
Riko."
0xec704,22,この車両だけじゃない。,,No es solo este vagon.
0xec71c,22,ユウタなら分かるよな？,,"Tu sabes de esto,
verdad, Yuuta?"
0xec734,22,変だよね……これ……。,,Que raro es esto...
0xec74c,22,今はここを調べなきゃ。,,"Ahora hay que revisar
esto."
0xec764,22,僕は何もしてない……。,,Yo no hice nada...
0xec77c,22,（真実を訴えることは）,,(Contar la verdad)
0xec794,22,だめだ、中は何もない。,,"No, no hay nada
adentro."
0xec7ac,22,面白半分ってよくないよ,,"No esta bien hacerlo por
diversion"
0xec7c4,22,（それから数日後……）,,(Unos dias despues...)
0xec7dc,22,ちょっとまずくない…？,,"No es esto un
problema...?"
0xec7f4,22,これは古い時刻表だね。,,Este es un horario viejo.
0xec80c,22,あたしの…赤ちゃん…。,,Mi... bebe...
0xec824,22,ホームで自殺した人が、,,"Alguien que se suicido en
el anden,"
0xec83c,22,何か刻まれているね…。,,Hay algo grabado...
0xec854,22,赤ちゃんを捨てるとか？,,"Como abandonar un
bebe?"
0xec86c,22,今はここを調べなきゃ。,,"Ahora hay que revisar
esto."
0xec884,22,あとは…信じるしか…。,,"Ahora solo queda...
creer..."
0xec89c,22,くまなく調べてみよう。,,Revisemos todo a fondo.
0xec8b4,23,"えっ！
そんなハズは！？",,"Eh! No puede ser
posible!?"
0xec8cc,24,（そして、それ以来……）,,(Y desde entonces...)
0xec8e8,24,（あるかもしれません…）,,(Puede que exista...)
0xec904,24,そういうつもりじゃ……。,,No era mi intencion...
0xec920,24,と、鳥肌たってきた……。,,"S-se me pone la piel de
gallina..."
0xec93c,24,ウワサ聞いたことがある。,,He oido ese rumor.
0xec958,24,拡張工事のせいだと思う。,,"Creo que es por la obra
de ampliacion."
0xec974,24,この穴が無ければ今頃…。,,"Si no fuera por este
hoyo, ahora..."
0xec990,24,地下鉄のウワサ知ってる？,,"Conoces el rumor del
metro?"
0xec9ac,24,最後に聞きたいんですけど,,"Por ultimo, queria
preguntarle"
0xec9c8,24,階段を上がってみようぜ。,,Subamos las escaleras.
0xec9e4,24,いいのか、乗らなくて！？,,"Seguro que no
subimos!?"
0xeca00,24,何か嫌な予感がする……。,,"Tengo un mal
presentimiento..."
0xeca1c,24,これじゃあ、動かないな。,,Asi no se va a mover.
0xeca38,24,ユウタ、運転できるのか。,,"Yuuta, sabes
conducirlo?"
0xeca54,24,な、何なんだよ！お前ら！,,"Q-que les pasa a
ustedes!"
0xeca70,24,さっき進んだ距離だと…、,,"Segun la distancia que
avanzamos..."
0xeca8c,24,後ろからなにか音しない？,,No se oye algo detras?
0xecaa8,24,ホームに降りてみようよ。,,Bajemos al anden.
0xecac4,24,へへへ、なんかあったの？,,"Jeje, paso algo?"
0xecae0,24,だいぶ石が欠けているね。,,"La piedra esta bastante
desgastada."
0xecafc,24,ここが……三ツ谷公園駅？,,"Esto es... la estacion
Mitsuya Koen?"
0xecb18,24,これから、どうしよう…。,,"Que hacemos de aqui en
adelante..."
0xecb34,24,うん、聞いたことがある。,,"Si, lo he oido."
0xecb50,24,時計の音が…止まった…。,,"El sonido del reloj... se
detuvo..."
0xecb6c,24,でも、怖い思いした子に、,,"Pero, a la nina que paso
miedo,"
0xecb88,24,ずいぶん急だったからね。,,Fue bastante repentino.
0xecba4,24,いやぁぁぁぁぁぁぁぁぁ！,,Aaaaaaaah!
0xecbc0,24,ユウタ、ドア閉めたのか？,,"Yuuta, cerraste la
puerta?"
0xecbdc,25,"そうだな。
その方がいい。",,"Es cierto.
Mejor asi."
0xecbf8,26,ユウタが来るまでだからな。,,"Es solo hasta que llegue
Yuuta."
0xecc14,26,おい！わしの話を聞かんか！,,"Oye! Escuchame cuando
hablo!"
0xecc30,26,空洞…？奥まで続いてる…。,,"Un hueco...? Sigue
hasta el fondo..."
0xecc4c,26,拡張工事は中止するんじゃ！,,"La obra de ampliacion se
cancela!"
0xecc68,26,（時間は深夜だったため、）,,"(Como era tarde en la
noche,)"
0xecc84,26,そんなこと言われても……。,,Aunque me digas eso...
0xecca0,26,拡張工事は中止するんじゃ！,,"La obra de ampliacion se
cancela!"
0xeccbc,26,おい！わしの話を聞かんか！,,"Oye! Escuchame cuando
hablo!"
0xeccd8,26,あっ！ここ、メールが届く！,,"Ah! Aqui llegan los
mensajes!"
0xeccf4,26,ちょっと近づきにくいよね。,,"Es un poco dificil
acercarse, no?"
0xecd10,26,それが旧三ツ谷公園駅だよ。,,"Esa es la antigua
estacion Mitsuya Koen."
0xecd2c,26,この石…なんか気になる…。,,"Esta piedra... algo me
inquieta..."
0xecd48,26,迷路のような洞窟を抜けて、,,"Tras atravesar una cueva
como un laberinto,"
0xecd64,26,その祠が怪現象に関係ある？,,"Ese santuario tendra
algo que ver con los
fenomenos extranos?"
0xecd80,26,これが例のナナシの問題か？,,"Es este el famoso
problema de Nanashi?"
0xecd9c,26,これで、帰れってことかな？,,"Sera que esto significa
que podemos volver?"
0xecdb8,26,ちょっと、何よその言い方。,,"Oye, que forma de
hablar es esa."
0xecdd4,26,大げさだな、次は終点だろ。,,"Que exagerada, la
proxima es la ultima
parada."
0xecdf0,26,大げさだな、次は終点だろ。,,"Que exagerada, la
proxima es la ultima
parada."
0xece0c,26,誰かいるって、ゼッタイ…。,,"Seguro que hay alguien
aqui..."
0xece28,26,どうなってんだよ、これ…。,,"Que rayos esta pasando
aqui..."
0xece44,26,見て！運転席が空っぽだよ。,,"Mira! El asiento del
conductor esta vacio."
0xece60,26,（電車にはねられて死亡…）,,"(Murio atropellado por
un tren...)"
0xece7c,26,電車の事ならユウタだよな？,,"Si es sobre trenes, el
experto es Yuuta, no?"
0xece98,26,どこから聞こえるんだろう。,,"De donde vendra ese
sonido?"
0xeceb4,26,僕もそこまでは詳しくない。,,"Yo tampoco se tanto
sobre eso."
0xeced0,26,こんなにたくさんの地蔵…。,,"Hay tantas estatuas de
Jizo..."
0xeceec,26,お見舞いに来たよ、ナナカ！,,"Vine a visitarte,
Nanaka!"
0xecf08,26,ちょ、ちょっとまだ話が…。,,"Espera, espera, aun
tengo algo que decir..."
0xecf24,26,今は１８時４０分だから…。,,"Ahora son las 18:40, asi
que..."
0xecf40,26,あんたこそ、何でいるのよ？,,"Y tu, por que estas
aqui?"
0xecf5c,26,何か分かるかもしれないし。,,"Puede que averiguemos
algo."
0xecf78,26,少し大きくなってきている。,,"Se esta haciendo un poco
mas grande."
0xecf94,26,今は…なんともないけど…。,,"Ahora... no siento nada
raro, pero..."
0xecfb0,26,あれ、お前らどうしたんだ？,,"Oigan, que les paso a
ustedes?"
0xecfcc,26,でも、何かちょっとね……。,,"Pero, hay algo raro..."
0xecfe8,27,"行き止まりだ。
引き返そう。",,"Es un callejon sin salida.
Volvamos."
0xed004,28,ああ、ミズキの後ろに女が…。,,"Ah, hay una mujer
detras de Mizuki..."
0xed024,28,ねぇ、このロッカーの後ろ…。,,"Oye, detras de este
casillero..."
0xed044,28,…ロッカーの異変と関係が…。,,"...Tendra relacion con
lo raro del casillero..."
0xed064,28,ロッカー、動かしてみないか。,,"Que tal si intentamos
mover el casillero?"
0xed084,28,こんなに古い駅じゃねーよ…。,,"Esta no es una estacion
tan vieja..."
0xed0a4,28,空気の流れが変わったんだ…。,,"El flujo del aire
cambio..."
0xed0c4,28,そんなことがあったなんて…。,,"No sabia que habia
pasado algo asi..."
0xed0e4,28,結局、ルートを大きく迂回し、,,"Al final, tuvimos que
rodear bastante la ruta,"
0xed104,28,また空気の流れが変わった…。,,"El flujo del aire volvio a
cambiar..."
0xed124,28,なにかが隠されているのなら。,,"Si es que algo esta
escondido aqui."
0xed144,28,これって時刻表にない電車…？,,"Este tren no esta en el
horario...?"
0xed164,28,ああ、じゃあ俺たち行くから。,,"Ah, bueno, nosotros ya
nos vamos."
0xed184,28,早くしないと電車が出ちゃう！,,"Si no nos apuramos el
tren se va a ir!"
0xed1a4,28,そうだな…他に方法もないし。,,"Tienes razon... no hay
otra forma."
0xed1c4,28,きっと何かあるに違いないぜ。,,"Seguro que hay algo
aqui, sin duda."
0xed1e4,28,三ツ谷公園駅へ向かわないと。,,"Tenemos que ir a la
estacion Mitsuya Koen."
0xed204,28,この石…何かの破片なのかな？,,"Esta piedra... sera un
fragmento de algo?"
0xed224,28,だいぶ落ち着いてきたけど…。,,"Ya me calme bastante,
pero..."
0xed244,28,かなり怖い思いしたんだって？,,"Dicen que pasaste mucho
miedo, no?"
0xed264,28,この穴から…脱出させて……。,,"Sacame de este
agujero..."
0xed284,28,そうそう、ある時間になると、,,"Asi es, cuando llega
cierta hora,"
0xed2a4,30,そうだね…。ここを調べた方が。,,"Tienes razon...
deberiamos investigar
aqui."
0xed2c4,30,ああ…怒りで震えてるのかも…。,,"Ah... tal vez estoy
temblando de rabia..."
0xed2e4,30,自慢することじゃないと思う…。,,"No creo que sea algo de
lo que presumir..."
0xed304,30,いるはずのない人影が見えたり、,,"A veces se ve la silueta
de alguien que no
deberia estar ahi,"
0xed324,30,どこかに変化がおきたはずだよ。,,"En algun lugar debio
haber ocurrido un
cambio."
0xed344,30,老いた今でもそれが心残りで…。,,"Incluso ahora que soy
viejo, eso me sigue
pesando..."
0xed364,30,わからん、だがおそらくそうだ。,,"No lo se, pero
probablemente sea asi."
0xed384,30,それで祠の神様が怒っちゃった？,,"Y por eso el dios del
santuario se enojo?"
0xed3a4,30,どうやって帰ってきたんですか？,,Como fue que regreso?
0xed3c4,30,どうやって帰ってきたんですか？,,Como fue que regreso?
0xed3e4,30,これから、どうすればいいんだ？,,"Que se supone que
hagamos ahora?"
0xed404,30,この線路、ここで遮断されてる。,,"Esta via esta bloqueada
aqui."
0xed424,30,さっき…ミズキの後ろにいた…。,,"Hace un momento...
estaba detras de
Mizuki..."
0xed444,30,けっこう高いから気をつけて…。,,"Es bastante alto, ten
cuidado..."
0xed464,30,…俺たち…帰ってきた…のか…。,,"...Nosotros...
regresamos...?"
0xed484,30,今は保健室で休んでるんだって。,,"Dicen que ahora esta
descansando en la
enfermeria."
0xed4a4,30,悪気がなくたってダメだってば。,,"Aunque no haya sido tu
intencion, igual no esta
bien."
0xed4c4,30,ともかく帰ってこれてよかった。,,"En fin, que bueno que
pudimos regresar."
0xed4e4,30,…よし！あたしたちに任せてよ。,,"...Bien! Dejanoslo a
nosotras."
0xed504,30,えーと、始発と最終電車は……？,,"A ver, el primer y el
ultimo tren son...?"
0xed524,30,よし、東桐塚駅にしゅっぱーつ！,,"Bien, rumbo a la
estacion
Higashi-Kirizuka!"
0xed544,30,この時間なのに、人が少ないね。,,"A esta hora hay muy
poca gente."
0xed564,30,あの、サクマさん知りませんか？,,"Disculpe, no conoce al
senor Sakuma?"
0xed584,30,ナナカは夕方、事件にあった…。,,"Nanaka tuvo un
accidente al
atardecer..."
0xed5a4,30,待って。裏になにか貼ってある。,,"Espera. Hay algo pegado
en la parte de atras."
0xed5c4,30,忘れ物したって、学校に戻った。,,"Dijo que se le olvido algo
y volvio a la escuela."
0xed5e4,30,待って。裏になにか貼ってある。,,"Espera. Hay algo pegado
en la parte de atras."
0xed604,30,よし…１つずつ開けてみよう…。,,"Bien... abramoslos uno
por uno..."
0xed624,30,楽しんでる場合じゃないでしょ。,,"No es momento de estar
divirtiendose."
0xed644,30,ウワサの広まりようがないだろ。,,"No hay forma de que ese
rumor se haya
esparcido."
0xed664,32,そろそろ他のところも見てみよう。,,"Ya es hora de revisar
otros lugares tambien."
0xed688,32,どうしたらいいのかわからないよ。,,No se que hacer.
0xed6ac,32,（奇跡的に１人の怪我人もなく、）,,"(Milagrosamente, sin
ningun herido,)"
0xed6d0,32,何か分かるかもしれないんだから。,,"Porque tal vez
descubramos algo."
0xed6f4,32,昔、江戸川線で働いておったんだ。,,"Antes trabajaba en la
linea Edogawa."
0xed718,32,このポスター、はがれかけている。,,"Este afiche se esta
despegando."
0xed73c,32,きっとお祓いしたときの名残りね。,,"Seguro que es lo que
quedo del exorcismo."
0xed760,32,しかし、あれに乗らなかったら…。,,"Pero si no hubieramos
subido a eso..."
0xed784,32,アイツ、この電車に乗ったのかな？,,"Se habra subido a este
tren?"
0xed7a8,32,コインロッカーの奥がアヤシイな。,,"El fondo del casillero se
ve sospechoso."
0xed7cc,32,きっと、これで帰れるはずだよ…。,,"Seguro que con esto
podremos volver..."
0xed7f0,32,駅員さんが来るまで待ってようよ。,,"Esperemos a que venga
el empleado de la
estacion."
0xed814,32,あの人たちは、ここに残るんだ…。,,"Esas personas se quedan
aqui..."
0xed838,32,この石…何か刻まれているみたい。,,"Esta piedra... parece
tener algo grabado."
0xed85c,32,この穴の奥から、風が吹いてくる。,,"Del fondo de este
agujero sopla viento."
0xed880,32,トンネルにお地蔵さんもあったし。,,"Tambien habia estatuas
de Jizo en el tunel."
0xed8a4,32,根掘り葉掘り話を聞こうなんて…。,,"Eso de preguntar hasta
el ultimo detalle..."
0xed8c8,32,あたしがそんなに非常識に見える？,,"Tan fuera de lugar me
veo?"
0xed8ec,32,大変だったみたいだね、大丈夫！？,,"Parece que la pasaste
mal, estas bien!?"
0xed910,32,長い時間、放置されてたみたい…。,,"Parece que estuvo
abandonado mucho
tiempo..."
0xed934,32,リコなら信じてくれると思うから。,,"Porque creo que Riko si
me va a creer."
0xed958,32,（そう心の隅で感じるのですが、）,,"(Eso es lo que siento en
el fondo de mi corazon,)"
0xed97c,32,（それでもわたしはもう２度と、）,,"(Aun asi, yo nunca
mas,)"
0xed9a0,32,うーん、ホームには何もないねぇ。,,"Mmm, no hay nada en el
anden."
0xed9c4,32,数年後、捨てた親の前に出てきて、,,"Anos despues, aparecio
frente al padre que lo
abandono,"
0xed9e8,32,アンテナがまた元に戻っちゃった。,,"La antena volvio a como
estaba antes."
0xeda0c,32,次の電車まであと１５分もあるね。,,"Faltan otros 15 minutos
para el proximo tren."
0xeda30,32,以前は終電ぐらいの時間になると、,,"Antes, cuando se
acercaba la hora del
ultimo tren,"
0xeda54,32,ああ、リコにつき合わされたのか。,,"Ah, asi que Riko te
arrastro con ella."
0xeda78,32,きっとお祓いしたときの名残りね。,,"Seguro que es lo que
quedo del exorcismo."
0xeda9c,32,とりあえずホームに降りてみよう。,,"Por ahora, bajemos al
anden."
0xedac0,32,このポスター、はがれかけている。,,"Este afiche se esta
despegando."
0xedae4,32,マサキは地下鉄のウワサ知ってる？,,"Masaki, conoces el
rumor del metro?"
0xedb08,32,列車がカーブを曲がり損ねた時…。,,"Cuando el tren no logro
tomar bien la curva..."
0xedb2c,32,そのまま永久に帰ってこられない。,,"Y ya nunca mas pudo
regresar."
0xedb50,33,"そう。
首を切った塚があるから…。",,"Asi es.
Porque hay un tumulo
donde cortaron una
cabeza..."
0xedb74,33,"そう。
あれに乗らなかったら……。",,"Asi es.
Si no hubieramos subido
a eso..."
0xedb98,33,"そう。
あれに乗らなかったら……。",,"Asi es.
Si no hubieramos subido
a eso..."
0xedbbc,33,"ここで起きた怪奇現象を
調べに…。",,"Vine a investigar
los fenomenos extranos
que pasaron aqui..."
0xedbe0,35,"おい…。
おさめる方法、ないのかよ。",,"Oye...
No hay alguna forma de
calmarlo?"
0xedc04,35,"わしが辿りついたのは祠の前
だった。",,"A donde llegue fue justo
frente
al santuario."
0xedc28,35,"サクマさんは、その幻のホーム
から、",,"El senor Sakuma, desde
ese anden
fantasma,"
0xedc4c,35,"サクマさんは、その幻のホーム
から、",,"El senor Sakuma, desde
ese anden
fantasma,"
0xedc70,35,"あ……な、何で…いつの、
間に……。",,"Ah... por... por
que...
desde cuando..."
0xedc94,35,"ミズキ、探したよ！
どこいってたの？",,"Mizuki, te estuve
buscando!
A donde fuiste?"
0xedcb8,35,"もう！
こっちは大変だったんだから！",,"Ya basta!
Aqui la pasamos muy
mal!"
0xedcdc,35,"さすがミズキ様。
そうこなくっちゃ。",,"Como se espera de la
gran Mizuki.
Asi se hace."
0xedd00,35,"気のせいか、風の流れが
かわったな。",,"Sera mi imaginacion, o
el viento
cambio de direccion."
0xedd24,35,"やっぱり…。
ここが三ツ谷公園駅だ。",,"Lo sabia...
Esta es la estacion
Mitsuya Koen."
0xedd48,35,"懐中時計、サクマさんに
渡さなきゃ！",,"Tengo que entregarle
el reloj de bolsillo al
senor Sakuma!"
0xedd6c,35,"さっきみたいな人身事故が
あったり、",,"Como el accidente que
paso recien,
o cosas por el estilo,"
0xedd90,35,"…ああ、あのおじいさんの
知り合い？",,"...Ah, eres conocido de
ese
anciano?"
0xeddb4,35,"懐中時計はご家族に
渡しておくから。",,"Yo le entregare el reloj
de bolsillo
a su familia."
0xeddd8,35,"ああ、小学校のとき流行った
からね。",,"Ah, es que se puso de
moda
en la primaria."
0xeddfc,35,"このロッカーから時計の音が
する…。",,"De este casillero se
escucha
el sonido de un reloj..."
0xede20,35,"そもそも
誰も帰って来てないんじゃ、",,"Para empezar,
si nadie ha regresado,"
0xede44,35,"じゃ…
サクマさんがわたしたちを…。",,"Entonces...
el senor Sakuma nos..."
0xede68,37,"ええい！
わしの話をちゃんと聞けと…。",,"Ya basta!
Escuchen bien lo que
digo..."
0xede90,37,"このままじゃ、大変なことが
起こるぞ。",,"Si seguimos asi, va a
pasar
algo terrible."
0xedeb8,37,"ええい！
わしの話をちゃんと聞けと…。",,"Ya basta!
Escuchen bien lo que
digo..."
0xedee0,37,"このままじゃ、大変なことが
起こるぞ。",,"Si seguimos asi, va a
pasar
algo terrible."
0xedf08,37,"おかしな人かもしれないし、
無視しよ。",,"Puede que sea alguien
raro,
mejor ignoremoslo."
0xedf30,37,"後ろの人ににらまれたりするん
だよね。",,"A veces la persona de
atras
te mira feo."
0xedf58,37,"昔も色々な不思議なことが
起こったよ。",,"Antes tambien pasaron
varias
cosas extranas."
0xedf80,37,"いや…、
そんな小さなことじゃない…。",,"No...
No es algo tan
pequeno..."
0xedfa8,37,"えっ…あ、
…何か使えるアイテムは…。",,"Eh... ah, hay algun
objeto que pueda
usar...?"
0xedfd0,37,"幻のホームのウワサは
知っているだろ。",,"Conoces el rumor del
anden fantasma, no?"
0xedff8,37,"ここから出してもらえるように
お祈り。",,"Recemos para que nos
dejen salir de aqui."
0xee020,37,"お…おい、さらに激しくなって
ないか。",,"Oye... oye, no se esta
poniendo mas fuerte?"
0xee048,37,"マサキとユウタは何か見つけた
かな…？",,"Masaki y Yuuta habran
encontrado algo...?"
0xee070,37,"そう。乗り遅れないように
急いだから、",,"Si.
Como me apure para no
perder el tren,"
0xee098,37,"そのとき時計を落として
しまったんだ。",,"Fue entonces cuando se
me cayo el reloj."
0xee0c0,37,"まずいよ、この電車！
２人とも降りて。",,"Este tren es peligroso!
Bajense los dos."
0xee0e8,37,"ミズキ、改札口辺りをよく
調べようよ。",,"Mizuki, revisemos bien
la zona de los
torniquetes."
0xee110,37,"ここにいると危ないよ。
早く離れよう。",,"Es peligroso quedarnos
aqui.
Alejemonos rapido."
0xee138,37,"そうだな、
とりあえずホームに行こう。",,"Tienes razon, vayamos
al anden por ahora."
0xee160,37,"だから、ロッカーの異変が
収まった…。",,"Por eso lo raro del
casillero se calmo..."
0xee188,37,"終点の三ツ谷公園駅の方が
近いもんな。",,"La estacion terminal
Mitsuya Koen esta mas
cerca."
0xee1b0,37,"流石のユウタもこれは
分からないか…。",,"Ni siquiera Yuuta
entiende esto..."
0xee1d8,37,"ついさっき人身事故を目撃
しちゃって、",,"Hace un momento
presencie un accidente
con una persona,"
0xee200,37,"誰もあたしの話を
信じてくれないし…。",,"Y nadie me cree lo que
digo..."
0xee228,37,"ナナカの不安を晴らして
あげたいのよ。",,"Quiero ayudar a que
Nanaka se quite esa
inquietud."
0xee250,37,"ナナカが元気になるなら…
協力するよ。",,"Si es para que Nanaka se
recupere... te ayudo."
0xee278,37,"どうせヘンなモノでも
食べたんでしょ。",,"De seguro comiste algo
raro."
0xee2a0,37,"どうせヘンなモノでも
食べたんでしょ。",,"De seguro comiste algo
raro."
0xee2c8,37,"その工事が原因不明の事故で
遅れたり、",,"Esa obra se atraso por
accidentes sin causa
clara,"
0xee2f0,37,"別に、ごまかさなくても
いいじゃない。",,"No hace falta que lo
disimules, sabes."
0xee318,37,"アイツの家、三ツ谷公園のそば
だから。",,"Su casa esta cerca de
Mitsuya Koen."
0xee340,37,"相変わらず仲いいわね、
あんたたちは。",,"Ustedes siguen tan
unidos como siempre."
0xee368,37,"誰かがレバーの操作を助けて
くれた…。",,"Alguien me ayudo a
mover la palanca..."
0xee390,39,"（地面が陥没してトンネルが
　崩壊……）",,"(El suelo se hundio y el
tunel se derrumbo...)"
0xee3b8,39,"よければお話を聞かせて
もらえませんか？",,"Si no le molesta, podria
contarnos lo que sabe?"
0xee3e0,39,"自動改札ってさ、スムーズに
通れないと、",,"Sabes, si no logras
pasar bien por el
torniquete automatico,"
0xee408,39,"そのせいか工事中も事故が
絶えなかった。",,"Puede que por eso los
accidentes no cesaban
durante la obra."
0xee430,39,"あのときはさすがに祟りと
恐れられてな。",,"En ese entonces, la
gente le tenia miedo
pensando que era una
maldicion."
0xee458,39,"なんでそれが『あたしたち』に
なるのよ。",,"Como es que eso termina
siendo culpa nuestra?"
0xee480,39,"それでも怪奇現象が続いて
いたんですか？",,"Aun asi los fenomenos
extranos siguieron
ocurriendo?"
0xee4a8,39,"とても大事な時計を忘れてきて
しまった。",,"Se me olvido un reloj
muy importante."
0xee4d0,39,"これらは完全に『江戸川線の呪い』
だね！",,"Esto es sin duda la
maldicion de la linea
Edogawa!"
0xee4f8,39,"だって、どこに行くか
わからないんだよ。",,"Es que no se sabe a
donde va."
0xee520,39,"わたしも、ここにいるのはダメだと
思う。",,"Yo tambien creo que no
deberiamos quedarnos
aqui."
0xee548,39,"落ち着いて操作すれば、
きっと大丈夫さ。",,"Si lo manejamos con
calma, seguro que todo
saldra bien."
0xee570,39,"シミュレーションでやったことが
ある…。",,"Ya lo he hecho en una
simulacion..."
0xee598,39,"（もうわたしたちには
　出来ません……）",,"(Ya no podemos hacer
nada mas...)"
0xee5c0,39,"先に進んだ方がいいんじゃ
ないかな……。",,"No sera mejor seguir
avanzando..."
0xee5e8,39,"さっき俺たちが
のってた電車だったよな？",,"Ese era el tren en el que
veniamos hace un rato,
no?"
0xee610,39,"別に、悪気があるわけじゃないん
だから。",,"No es que lo haga con
mala intencion."
0xee638,39,"（地面が陥没してトンネルが
　崩壊……）",,"(El suelo se hundio y el
tunel se derrumbo...)"
0xee660,39,"（奇怪な現象が起こっている
　そうです）",,"(Dicen que estan
ocurriendo fenomenos
extranos)"
0xee688,39,"近くにつながる場所があるかも
しれない。",,"Puede que haya un lugar
conectado cerca."
0xee6b0,39,"（あの電車には乗りたく
　ありません…）",,"(No quiero subir a ese
tren...)"
0xee6d8,39,"お札って…呪いを解くには…
必要かも…。",,"Un talisman... tal vez
sea necesario... para
romper la maldicion..."
0xee700,39,"『親はおまえだ！』っていう
怪談だよな。",,"Es la leyenda de ""El padre
eres tu"", verdad?"
0xee728,39,"ちょっとぉ。
あたし１人を悪者にする気？",,"Oye.
Vas a hacerme quedar
como la mala de la
pelicula?"
0xee750,39,"幽霊が目撃されるって噂だった
けど……。",,"Se decia que se veian
fantasmas, pero..."
0xee778,39,"はい、忘れ物の懐中時計を
届けたくて…。",,"Si, queria devolver un
reloj de bolsillo que se le
olvido..."
0xee7a0,39,"サクマさんなら３日前に
亡くなられたよ。",,"Si es por el senor
Sakuma, el fallecio hace
tres dias."
0xee7c8,39,"幻のホームって…どこに
あるんだろう…。",,"El anden fantasma...
donde estara..."
0xee7f0,39,"ここで待ち合わせることに
なってるんだ。",,"Quedamos en
encontrarnos aqui."
0xee818,39,"…使われていない幻のホームに
迷いこむ。",,"...Terminas perdido en
un anden fantasma en
desuso."
0xee840,39,"ミズキにも来たでしょ、ナナシの
メール。",,"A ti tambien te llego,
no, el correo de
Nanashi."
0xee868,39,"いいからいいから。
まだ時間あんでしょ？",,"Ya, ya, tranquila.
Todavia hay tiempo, no?"
0xee890,39,"早く三ツ谷公園駅に行かないと
危ないよ。",,"Es peligroso, hay que ir
rapido a la estacion
Mitsuya Koen."
0xee8b8,41,"大変なことが起こるとか
言ってたけど……。",,"Dijo que iba a pasar algo
terrible, pero..."
0xee8e4,41,"あんたらも早くこの駅を出た方が
ええ……。",,"Ustedes tambien
deberian salir pronto de
esta estacion..."
0xee910,41,"あんたらも早くこの駅を出た方が
ええ……。",,"Ustedes tambien
deberian salir pronto de
esta estacion..."
0xee93c,41,"ああ、地下鉄を運転していたことも
あった。",,"Ah, tambien llegue a
conducir el metro."
0xee968,41,"事故のあった場所をカーブする
ことにした。",,"Decidieron hacer una
curva en el lugar del
accidente."
0xee994,41,"通ったときは、無愛想な
駅員さんがいたね。",,"Cuando pasamos, habia
un empleado de la
estacion bastante seco."
0xee9c0,41,"赤ん坊が捨てられる事件なんかも
あってね。",,"Tambien hubo un caso de
un bebe abandonado."
0xee9ec,41,"時刻表にない電車がこの駅に
入ってきて…。",,"Un tren que no esta en el
horario entro a esta
estacion..."
0xeea18,41,"気がついたら幻のホームに
着いていた……。",,"Cuando me di cuenta, ya
habia llegado al anden
fantasma..."
0xeea44,41,"わしも帰ってこられなかったのかも
しれん。",,"Puede que yo tampoco
haya podido regresar."
0xeea70,41,"あんたたちも、くれぐれも気をつけ
なさい。",,"Ustedes tambien tengan
mucho cuidado."
0xeea9c,41,"時計の音…。
どこから聞こえるんだろう…。",,"El sonido de un reloj...
De donde vendra..."
0xeeac8,41,"わしも帰ってこられなかったのかも
しれん。",,"Puede que yo tampoco
haya podido regresar."
0xeeaf4,41,"わしも帰ってこられなかったのかも
しれん。",,"Puede que yo tampoco
haya podido regresar."
0xeeb20,41,"（わたしの選択は……
　間違っていました）",,"(Mi decision... estuvo
equivocada)"
0xeeb4c,41,"ケータイはアンテナが少し動いて
いるから、",,"La antena del celular se
mueve un poco, asi que"
0xeeb78,41,"（あの幻のホームで…
　わたしには他に、）",,"(En aquel anden
fantasma... yo no tenia
otra opcion mas que,)"
0xeeba4,41,"早くケータイがつながる場所を
探さないと。",,"Hay que buscar rapido
un lugar donde tenga
senal el celular."
0xeebd0,41,"こういうの、面白半分ってよくない
と思う。",,"Creo que no esta bien
hacer esto como si fuera
un juego."
0xeebfc,41,"ああ、またお前、ミズキを
巻き込んだのか。",,"Ah, otra vez metiste a
Mizuki en esto."
0xeec28,41,"今日はユウタの家でメシ食おうと
思ってさ。",,"Hoy pensaba comer en
casa de Yuuta."
0xeec54,41,"幻のホームにいった人は
どうなっちゃうの？",,"Que les pasa a los que
llegan al anden
fantasma?"
0xeec80,43,"（関係者は胸を撫で下ろしたと
　聞きました）",,"(Escuche que los
responsables respiraron
aliviados)"
0xeecac,43,"他にもあるかもしれない…。
探してみようぜ。",,"Puede que haya mas...
Busquemos."
0xeecd8,43,"（江戸川線の奇怪な現象が
　起こることは、）",,"(Que ocurran fenomenos
extranos en la linea
Edogawa,)"
0xeed04,43,"ああ、そのホームに、
また電車が着いたのさ。",,"Ah, a ese anden volvio a
llegar un tren."
0xeed30,43,"ああ、そのホームに、
また電車が着いたのさ。",,"Ah, a ese anden volvio a
llegar un tren."
0xeed5c,43,"ああ、そのホームに、
また電車が着いたのさ。",,"Ah, a ese anden volvio a
llegar un tren."
0xeed88,43,"隣の車両にも、
その隣にもいないみたいだ…。",,"Parece que tampoco esta
en el vagon de al lado,
ni en el siguiente..."
0xeedb4,43,"どういうこと？
まだ次の駅についてないのに。",,"Que significa esto?
Si aun no llegamos a la
siguiente estacion."
0xeede0,43,"下りてはみたけど……。
これからどうするの？",,"Ya nos bajamos,
pero...
Que hacemos ahora?"
0xeee0c,43,"（乗客の中にも、
　大勢の犠牲者が出ました）",,"(Tambien hubo muchas
victimas entre los
pasajeros)"
0xeee38,43,"１つ目は、ホテルや旅館の霊が出る
部屋では、",,"La primera es que, en
las habitaciones de
hoteles o posadas donde
aparecen fantasmas,"
0xeee64,43,"魔よけのお札を隠して貼っている
って話だね。",,"dicen que pegan un
talisman de proteccion
escondido."
0xeee90,43,"なんだかすごく楽しそうな顔で
話すんだね…。",,"Hablas de esto con una
cara bien feliz..."
0xeeebc,43,"始発は５時、最終電車は０時って
書いてある。",,"Dice que el primer tren
es a las 5 y el ultimo a
las 0 horas."
0xeeee8,43,"霊の活動が活発になっているって
ことかもね。",,"Puede que la actividad
de los espiritus se haya
vuelto mas intensa."
0xeef14,43,"わたしたちの会ったサクマさんは
いったい…。",,"Aquel senor Sakuma que
conocimos... quien era
realmente..."
0xeef40,43,"地下鉄の線路を歩くなんて
めったにないよな。",,"No es comun caminar por
las vias del metro."
0xeef6c,45,"（わたしも電車に乗って遠出を
　することが、）",,"(Yo tambien solia salir
lejos en tren,)"
0xeef9c,45,"ってことは、どっかに道が
できたんじゃねぇか？",,"Eso quiere decir que se
abrio un camino en algun
lado, no?"
0xeefcc,45,"回送電車に、乗ってるはずのない
乗客がいたり。",,"En trenes fuera de
servicio a veces hay
pasajeros que no
deberian estar ahi."
0xeeffc,45,"ああ、昔はよくあったって聞いた
ことある……。",,"Ah, he oido que antes
pasaba seguido..."
0xef02c,45,"わしは行ったことがあるんだ、
まだ若い頃にな。",,"Yo estuve ahi una vez,
cuando aun era joven."
0xef05c,45,"ほかの穴と違って奥が深いな。
入って見ようか。",,"Este agujero es mas
profundo que los otros.
Entremos a ver."
0xef08c,45,"あ、あたし、トイレ。
今朝からお腹が痛くて…。",,"Ah, voy al bano.
Desde esta manana me
duele el estomago..."
0xef0bc,45,"（もっとやれることが
　あったのかもしれない）",,"(Tal vez habia mas cosas
que pude haber hecho)"
0xef0ec,45,"霊となっても自殺の場面を
繰り返しているとか、",,"Dicen que, convertido en
espiritu, repite la escena
de su suicidio,"
0xef11c,45,"とにかく、最近の江戸川線は
ヤバすぎるわけよ。",,"En fin, ultimamente la
linea Edogawa esta
demasiado rara."
0xef14c,45,"時刻表にのってない電車が
ホームに入ってきて、",,"Un tren que no esta en el
horario entra al anden,"
0xef17c,47,"まだあんたたちが生まれる前に
辞めちまったがね。",,"Aunque renuncie antes
de que ustedes
nacieran."
0xef1ac,47,"たしかにこのあたりは、昔の遺跡
とか多いもんね。",,"Es cierto que por aqui
hay muchas ruinas
antiguas."
0xef1dc,47,"そうか、ここらへん一帯は、
昔の処刑場だった…。",,"Ya veo, toda esta zona
era antiguamente un
lugar de ejecuciones..."
0xef20c,47,"首切りの井戸がここにつながって
いるってことか。",,"Osea que el pozo de las
decapitaciones se
conecta con aqui."
0xef23c,47,"学生さんたちも時刻表にのってない
電車を見たら、",,"Si ustedes tambien ven
un tren que no esta en el
horario,"
0xef26c,47,"とにかく相次ぐ工事トラブル、
人身事故の急増…。",,"En fin, problemas
seguidos en la obra, un
aumento repentino de
accidentes..."
0xef29c,47,"お客さんいないね。
リコも乗らなかったのかなぁ。",,"No hay pasajeros.
Me pregunto si Riko no
habra subido tampoco."
0xef2cc,47,"自分がロッカーに捨てた赤ちゃんを
取り返した…？",,"Recupero al bebe que
ella misma abandono en
el casillero...?"
0xef2fc,47,"嫌な予感がする…。
早く三ツ谷公園駅を目指そう。",,"Tengo un mal
presentimiento...
Vayamos rapido a la
estacion Mitsuya Koen."
0xef32c,47,"ちょっとお腹が痛くなって、
ちょっとトイレに…。",,"Me empezo a doler un
poco el estomago, y fui
un momento al bano..."
0xef35c,47,"（ナナカは東桐塚駅のホームで
　起こったことを）",,"(Lo que le paso a Nanaka
en el anden de la
estacion
Higashi-Kirizuka,)"
0xef38c,47,"その悪霊の正体、
あたしたちが突き止めてあげる！",,"La verdadera identidad
de ese espiritu maligno,
nosotras la vamos a
descubrir!"
0xef3bc,47,"（そして……江戸川線では今も
　昼夜を問わず、）",,"(Y aun ahora, en la
linea Edogawa, sin
importar el dia o la
noche,)"
0xef3ec,47,"ミズキにはナナカのつらさを
わかってほしいなあ。",,"Me gustaria que Mizuki
entendiera lo dificil que
la esta pasando Nanaka."
0xef41c,47,"って、その前にトイレ。
今朝からお腹が痛くて…。",,"Bueno, antes voy al
bano.
Desde esta manana me
duele el estomago..."
0xef44c,47,"怪奇現象の影響で、利用者が
減ってんだよきっと。",,"Seguro que por los
fenomenos extranos
bajaron los pasajeros."
0xef47c,47,"２つ目は、コインロッカーに
捨てられた赤ん坊が、",,"La segunda es que un
bebe abandonado en un
casillero,"
0xef4ac,47,"時刻表にない電車がホームに入って
くるだとか…。",,"un tren que no esta en el
horario entra al
anden..."
0xef4dc,47,"あと、下りは次の三ツ谷公園駅が
終点なんだけど、",,"Ademas, en direccion de
bajada la proxima
parada, Mitsuya Koen,
es la terminal,"
0xef50c,47,"今、その先に終点を伸ばす工事を
やってるでしょ？",,"y ahora estan haciendo
obras para extender la
terminal mas alla, no?"
0xef53c,47,"『江戸川線は闇につながってる』
って、そのこと？",,"Eso es lo de que la linea
Edogawa conecta con la
oscuridad?"
0xef56c,49,"あたしたち、ここの噂のことを
調べてるんですけど。",,"Estamos investigando el
rumor de este lugar."
0xef5a0,49,"さっきの駅員さんとの話、聞かせて
もらえませんか？",,"Podria contarnos lo que
hablo con el empleado de
hace un rato?"
0xef5d4,49,"天然ガスの噴出による爆発事故
では、作業員５０人が",,"En el accidente de
explosion por fuga de
gas natural, 50
trabajadores"
0xef608,49,"地蔵を調べてみようぜ。
きっと、何か分かるはずだ。",,"Revisemos la estatua de
Jizo.
Seguro que descubrimos
algo."
0xef63c,49,"だから、わしは工事を止めるよう
言うとるんじゃが。",,"Por eso les digo que
detengan la obra."
0xef670,49,"あれ、次の電車まで後１０分ぐらい
あるはずなのに。",,"Que raro, deberian
faltar unos 10 minutos
para el proximo tren."
0xef6a4,49,"ナナカとは１年のときから、同じ
クラスだったんだ。",,"Con Nanaka fuimos
companeros de clase
desde primer ano."
0xef6d8,49,"宿泊客にわからないように、部屋に
飾る額縁の裏に、",,"Sin que los huespedes se
den cuenta, detras del
marco decorativo de la
habitacion,"
0xef70c,51,"でも、最近特に変なことが
起こっているっていうのは？",,"Pero, eso de que
ultimamente pasan cosas
raras?"
0xef740,51,"ここは、電車が来たときに避難する
ための穴なのかな。",,"Sera que este agujero es
para refugiarse cuando
llega el tren?"
0xef774,51,"時計の音は、ゼッタイ改札口
辺りから聞こえたはず…。",,"El sonido del reloj seguro
que venia de cerca de los
torniquetes..."
0xef7a8,51,"（高校生３人組がふざけて地下鉄
　線路に入り込み、）",,"(Un grupo de tres
estudiantes de
secundaria entro por
diversion a las vias del
metro,)"
0xef7dc,51,"このあたりは工場も多いから、
ふれないほうがいいよ。",,"Por aqui hay muchas
fabricas, mejor no
toques nada."
0xef810,51,"それと、もし相手の調子が悪そう
だったらすぐ帰るよ。",,"Ademas, si vemos que la
otra persona no se siente
bien, nos vamos
enseguida."
0xef844,51,"この駅を出てから５分ぐらいしか
たってないってこと？",,"Osea que solo pasaron
unos 5 minutos desde
que salimos de esta
estacion?"
0xef878,51,"じゃあ、わたしたち帰るね。
ごめんね……押しかけて。",,"Bueno, nosotras ya nos
vamos.
Perdon... por venir sin
avisar."
0xef8ac,51,"コインロッカーって、いろいろ
怖いウワサがあるよね。",,"Los casilleros tienen
varios rumores de
miedo, no?"
0xef8e0,51,"まあ方向は同じかもしんないけど、
遠回りだろ、それ。",,"Bueno, puede que sea la
misma direccion, pero
eso es dar un rodeo."
0xef914,51,"あたしたち、ここで起きた
怪奇現象を調査しに来たの。",,"Vinimos a investigar los
fenomenos extranos que
pasaron aqui."
0xef948,51,"でもちょうどよかった。
あんたたちも協力するでしょ？",,"Pero que bien que los
encuentro.
Ustedes tambien van a
ayudar, no?"
0xef97c,53,"中でも開通目前、東桐塚駅と
三ツ谷公園駅の間で起きた、",,"Entre ellos, justo antes
de la inauguracion, el
que ocurrio entre las
estaciones
Higashi-Kirizuka y
Mitsuya Koen,"
0xef9b4,53,"わたしは電車通学じゃないから、
体験したことないなぁ。",,"Como yo no voy a la
escuela en tren, nunca
lo he vivido."
0xef9ec,53,"ちなみにあたしは１０回中に
４回くらいは引っかかるよ。",,"Por cierto, a mi me pasa
como 4 de cada 10
veces."
0xefa24,53,"（翌日の新聞に、わたしたちの
　死亡記事が載りました）",,"(Al dia siguiente, salio
en el periodico la noticia
de nuestra muerte)"
0xefa5c,53,"大丈夫、ただのコウモリだよ。
僕らにびっくりしたんだ。",,"Tranquila, solo es un
murcielago.
Se asusto con nosotros."
0xefa94,53,"電車が停まったことを駅員さんに
知らせないといけない。",,"Hay que avisarle al
empleado de la estacion
que el tren se detuvo."
0xefacc,53,"いまも『落ちろ』って声が、
ずっと耳から離れなくて…。",,"Todavia no se me quita
de la cabeza esa voz que
decia Caete..."
0xefb04,53,"そもそも江戸川線って、怖い
ウワサがいっぱいあるんだ。",,"Para empezar, la linea
Edogawa tiene un
monton de rumores de
miedo."
0xefb3c,53,"だってそういうの好きだろ、お前。
人に迷惑かけるなよ。",,"Es que a ti te gustan
esas cosas, no?
No molestes a la gente."
0xefb74,55,"とにかく、この音のおかげで
ここまでたどり着けたんだな。",,"En fin, gracias a este
sonido pudimos llegar
hasta aqui."
0xefbac,55,"だから、地中の掘削はもともと
あった遺跡につながる洞穴を",,"Por eso, la excavacion
subterranea conecto con
una cueva que llevaba a
unas ruinas que ya
existian,"
0xefbe4,55,"ああ。路線を延ばすために、
また地下を掘っておるんだよ。",,"Ah. Estan volviendo a
excavar bajo tierra para
extender la linea."
0xefc1c,55,"いま、非常用コックで扉を開けた。
降りた方がいいと思う。",,"Acabo de abrir la puerta
con la valvula de
emergencia.
Creo que deberiamos
bajar."
0xefc54,55,"どっちかに脱出の手がかりが
隠されていればいいんだけど。",,"Ojala que en alguno de
los dos este escondida
una pista para escapar."
0xefc8c,57,"（江戸川線の拡張工事現場で、
　大規模な事故が起きました）",,"(Ocurrio un accidente a
gran escala en la obra de
ampliacion de la linea
Edogawa)"
0xefcc8,57,"（わたしたちの力では、怪奇現象の
　原因を突き止めることが",,"(Con nuestras propias
fuerzas, descubrir la
causa de los fenomenos
extranos,"
0xefd04,57,"ここは…江戸川線に広がる怨念が
最後にたどり着く場所……。",,"Este es... el lugar al
que finalmente llega todo
el rencor que se extiende
por la linea Edogawa..."
0xefd40,57,"その後に、ロッカーから赤ん坊の
泣き声が聞こえるとか、な。",,"Y despues de eso, dicen
que se oye el llanto de
un bebe desde el
casillero."
0xefd7c,57,"まさか。あの話、本気にしたの？
ダイヤが乱れてるだけだろ。",,"No puede ser. Te creiste
esa historia?
Solo es que el horario
esta desordenado."
0xefdb8,57,"（江戸川線の拡張工事現場で、
　大規模な事故が起きました）",,"(Ocurrio un accidente a
gran escala en la obra de
ampliacion de la linea
Edogawa)"
0xefdf4,57,"時刻表にない電車に乗るって
言ってたよね、あのおじいさん。",,"Ese anciano dijo que iba
a subir a un tren que no
esta en el horario, no?"
0xefe30,59,"東桐塚駅で会ったお爺さん。
昔、この祠に来たことがあるって。",,"El anciano que conocimos
en la estacion
Higashi-Kirizuka.
Dijo que antes habia
venido a este santuario."
0xefe6c,59,"真相がわかれば、あの子だって
元気になるかもしれないでしょ。",,"Si averiguamos la
verdad, puede que ella
tambien se recupere."
0xefea8,61,"時計を落としたって言ってた。
とっても大事なものだったって…。",,"Dijo que se le habia
caido el reloj.
Que era algo muy
importante para el..."
0xefee8,61,"その区画にあった旧三ツ谷公園駅も
封鎖し、新しい三ツ谷公園駅を",,"Tambien cerraron la
antigua estacion Mitsuya
Koen que estaba en esa
zona, y construyeron la
nueva estacion Mitsuya
Koen"
0xeff28,63,"ああ。そもそもこの沿線が開通した
のは、戦前の物資の足りなかった",,"Ah. Para empezar, esta
linea se inauguro en la
epoca de antes de la
guerra, cuando faltaban
recursos,"
0xeff68,63,"サクマさんは、その幻のホームから
どうやって帰ってきたんですか？",,"El senor Sakuma, como
fue que regreso desde
ese anden fantasma?"
0xeffa8,63,"これって、昔の事故で亡くなった
人を供養するための場所なのかも。",,"Puede que este sea un
lugar para honrar a los
que murieron en
accidentes antiguos."
0xeffe8,63,"夜中にコインロッカーに近づくと、
赤ちゃんの泣き声が聞こえるって",,"Dicen que si te acercas al
casillero en medio de la
noche, se escucha el
llanto de un bebe,"
0xf0060,6,うん。,,Si.
0xf0070,6,出ない,,No contesta
0xf0078,6,えっ？,,Eh?
0xf0080,6,家族？,,Familia?
0xf0088,6,うん。,,Si.
0xf0098,6,ああ。,,Ah.
0xf00a8,6,出ない,,No contesta
0xf00b0,6,えっ？,,Eh?
0xf00b8,6,わっ。,,Uy.
0xf00c0,6,うん。,,Si.
0xf00d0,6,えっ？,,Eh?
0xf00d8,6,えっ？,,Eh?
0xf00f0,6,そう。,,Asi es.
0xf0108,6,そう？,,En serio?
0xf0110,6,小包？,,Un paquete?
0xf0118,6,うん。,,Si.
0xf0120,6,はい。,,Si.
0xf0128,6,うん。,,Si.
0xf0130,6,そお？,,Ah si?
0xf0140,6,うん。,,Si.
0xf0150,6,しっ。,,Shh.
0xf0160,6,うん。,,Si.
0xf0168,6,えっ。,,Eh.
0xf0170,6,はぁ？,,Ah?
0xf0180,6,へえ。,,Vaya.
0xf0188,6,マジ？,,En serio?
0xf0198,6,うん。,,Si.
0xf01a0,8,うん…。,,Si...
0xf01ac,8,うーん。,,Mmm.
0xf01b8,8,行こう。,,Vamos.
0xf01c4,8,教えて。,,Dime.
0xf01d0,8,決めた。,,Decidido.
0xf01f4,8,住所…？,,La direccion...?
0xf0200,8,えっ…？,,Eh...?
0xf020c,8,床にまく,,Esparcir en el piso
0xf0224,8,ははっ。,,Ja.
0xf0230,8,まあね。,,Mas o menos.
0xf023c,8,先生…。,,Profesor...
0xf0248,8,次は…。,,Lo siguiente es...
0xf0260,8,うわ…。,,Uy...
0xf026c,8,うん…。,,Si...
0xf0278,8,失礼な。,,Que grosero.
0xf0284,8,ちっ…、,,"Tsk...,"
0xf0290,8,うん…。,,Si...
0xf02a8,8,えーっ！,,Eeeh!
0xf02b4,8,さあ…。,,Quien sabe...
0xf02c0,8,お願い！,,Por favor!
0xf02cc,8,なに…？,,Que...?
0xf02d8,8,えっ…。,,Eh...
0xf02e4,8,きゃっ。,,Ay!
0xf02f0,8,霊が…。,,Un espiritu...
0xf02fc,8,おーい。,,Oigan.
0xf0308,8,はっ…。,,Ah...
0xf0314,8,えっ…。,,Eh...
0xf0320,8,いや…。,,No...
0xf0338,8,リコ…。,,Riko...
0xf0344,8,あっ…。,,Ah...
0xf0350,8,…動物？,,...Un animal?
0xf035c,8,なんて？,,Que dijiste?
0xf0368,8,どこで？,,Donde?
0xf0374,8,おーい。,,Oigan.
0xf0380,8,住所…？,,La direccion...?
0xf038c,8,メール？,,Un correo?
0xf03b0,8,勝手に？,,Por su cuenta?
0xf03bc,8,同窓会？,,"Una reunion de ex
alumnos?"
0xf03c8,8,ええっ？,,Eeeh?
0xf03e0,8,だね…。,,Es verdad...
0xf03ec,8,いいよ。,,Esta bien.
0xf03f8,8,ううん。,,No.
0xf0410,8,はっ…。,,Ah...
0xf0434,10,３回言う。,,Decirlo 3 veces
0xf0440,10,やべえよ。,,"Que mal, esto."
0xf0458,10,わかった。,,Entendido.
0xf0464,10,なるほど。,,Ya veo.
0xf0470,10,教えてよ。,,"Dime, anda."
0xf047c,10,……ダメ？,,...No se puede?
0xf0488,10,…うん…。,,...Si...
0xf04a0,10,知り合い？,,Un conocido?
0xf04ac,10,苦しい…。,,Me duele...
0xf04b8,10,あ、うん。,,"Ah, si."
0xf04c4,10,絶対そう。,,Seguro que es eso.
0xf04d0,10,…お願い！,,...Por favor!
0xf0500,10,あ、リコ！,,"Ah, Riko!"
0xf050c,10,いいなあ。,,Que envidia.
0xf0518,10,げほっ…。,,Cof...
0xf0524,10,その時は？,,Y en ese momento?
0xf0530,10,…さてと。,,...Bueno.
0xf053c,10,いいって。,,Ya te dije que esta bien.
0xf0548,10,げほっ…。,,Cof...
0xf0560,10,安全だよ。,,Es seguro.
0xf0584,10,うーん…。,,Mmm...
0xf0590,10,（お願い）,,(Por favor)
0xf05b4,10,なぁんだ。,,"Ah, era eso."
0xf05d8,10,（ひっ…）,,(Hii...)
0xf05f0,10,ミズキ…。,,Mizuki...
0xf05fc,10,口にふくむ,,Ponerselo en la boca
0xf0608,10,口にふくむ,,Ponerselo en la boca
0xf0614,10,玄関に出る,,Salir al recibidor
0xf062c,10,玄関に出る,,Salir al recibidor
0xf0638,10,なにそれ？,,Que es eso?
0xf0644,10,外をのぞく,,Mirar afuera
0xf0650,10,なんだ…。,,Que raro...
0xf065c,10,家族とか？,,Algun familiar?
0xf0668,10,（いや…）,,(No...)
0xf0680,10,やめてよ。,,Basta ya.
0xf068c,10,はいはい。,,"Si, si."
0xf0698,10,だよね…。,,Verdad que si...
0xf06a4,10,そうだ…。,,Es cierto...
0xf06b0,10,もう大丈夫,,Ya estoy bien
0xf06bc,10,ううん…。,,No...
0xf06d4,10,口にふくむ,,Ponerselo en la boca
0xf06ec,10,なんだ…？,,Que sera...?
0xf0704,10,…これ…。,,...Esto...
0xf0710,10,じゃ、再生,,"Bueno, reproducir"
0xf0728,10,床に落とす,,Dejarlo caer al piso
0xf0734,10,そうしよ。,,Hagamoslo asi.
0xf0740,10,（はっ…）,,(Ah...)
0xf074c,10,ふぁああ。,,Aaah.
0xf0758,10,あ、リコ。,,"Ah, Riko."
0xf0794,10,そして…、,,"Y entonces...,"
0xf07a0,10,家族とか？,,Algun familiar?
0xf07b8,10,風呂へ入る,,Entrar a la banera
0xf07c4,10,そっか…。,,Ya veo...
0xf07d0,10,…大丈夫？,,...Estas bien?
0xf07dc,10,…ゆみこ？,,...Yumiko?
0xf07f4,10,特には…。,,Nada en especial...
0xf0830,10,実はね…。,,La verdad es que...
0xf0848,10,よかった。,,Que alivio.
0xf0854,10,床に落とす,,Dejarlo caer al piso
0xf089c,12,行ってみる？,,Vamos a ver?
0xf08ac,12,何も無い…。,,No hay nada...
0xf08cc,12,らしいって。,,Eso dicen.
0xf08dc,12,（ユミコ…）,,(Yumiko...)
0xf08ec,12,どうしたの？,,Que te pasa?
0xf08fc,12,いやあああ！,,Noooo!
0xf090c,12,うん………。,,Si.........
0xf091c,12,……ばれた？,,...Se dieron cuenta?
0xf093c,12,趣味悪いね。,,Que mal gusto tienes.
0xf094c,12,・・・・・・,,......
0xf095c,12,…ゆみこ…。,,...Yumiko...
0xf096c,12,床下収納…。,,"El compartimiento bajo el
piso..."
0xf098c,12,（これを…）,,(Esto...)
0xf099c,12,ダッシュ…。,,A correr...
0xf09ac,12,（これを…）,,(Esto...)
0xf09bc,12,そうだね…。,,Tienes razon...
0xf09cc,12,コックリサン,,Kokkuri-san
0xf09dc,12,なにこれ…。,,Que es esto...
0xf09ec,12,（あれ…？）,,(Eh...?)
0xf09fc,12,・・・・・・,,......
0xf0a0c,12,心配ないよ。,,No te preocupes.
0xf0a1c,12,コンビニ…。,,"La tienda de
conveniencia..."
0xf0a2c,12,ミズキ……。,,Mizuki......
0xf0a3c,12,見たって…。,,Dijo que lo vio...
0xf0a4c,12,やめてよ…。,,Basta ya...
0xf0a5c,12,机で勉強する,,Estudiar en el escritorio
0xf0a6c,12,奥の物置…。,,El deposito del fondo...
0xf0a7c,12,さ、どうぞ。,,"Vamos, adelante."
0xf0a8c,12,やばくねえ？,,No es medio raro?
0xf0a9c,12,どうしたの？,,Que te pasa?
0xf0aac,12,どうしたの？,,Que te pasa?
0xf0abc,12,ああ………。,,Aaah.........
0xf0acc,12,（ひぃぃ！）,,(Hiii!)
0xf0adc,12,そうだね…。,,Tienes razon...
0xf0aec,12,もしもし…。,,Alo...
0xf0b0c,12,（はっ……）,,(Ah......)
0xf0b1c,12,…ミズキ…。,,...Mizuki...
0xf0b2c,12,わかったよ。,,Entendido.
0xf0b3c,12,…うーん…。,,...Mmm...
0xf0b4c,12,幽霊探知機！,,Detector de fantasmas!
0xf0b5c,12,（フフッ…）,,(Jeje...)
0xf0b6c,12,カップは…、,,"La taza esta...,"
0xf0b7c,12,この男…誰？,,"Este hombre... quien
es?"
0xf0b8c,12,耳をすませる,,Aguzar el oido
0xf0b9c,12,え？まあね。,,Eh? Mas o menos.
0xf0bac,12,どしたの…？,,Que te pasa...?
0xf0bbc,12,するしかない,,"No queda otra que
hacerlo"
0xf0bcc,12,やってみて。,,Intentalo.
0xf0bdc,12,（…終わり）,,(...Se acabo)
0xf0bec,12,やっぱり放置,,Dejarlo como esta
0xf0bfc,12,はがせるの？,,Se puede despegar?
0xf0c1c,12,不動産屋が？,,La inmobiliaria?
0xf0c2c,12,いけない…。,,No debo...
0xf0c3c,14,え……じゃあ。,,Eh... entonces.
0xf0c4c,14,ね……リコ……,,Oye... Riko...
0xf0c5c,14,マンションの？,,Del edificio?
0xf0c6c,14,えっ？まぁ…。,,Eh? Bueno...
0xf0c7c,14,熱でミイラが！,,"Con el calor la
momia...!"
0xf0c8c,14,そうだけど…。,,"Si, pero..."
0xf0c9c,14,一言だけいい？,,"Puedo decir solo una
cosa?"
0xf0cac,14,なっ、ユウタ？,,"Verdad, Yuuta?"
0xf0cbc,14,そうなんだ…。,,Ya veo...
0xf0ccc,14,ストーカー…。,,Un acosador...
0xf0cdc,14,そうだっけ…。,,Era asi...?
0xf0cec,14,（嘘でしょ…）,,(No puede ser...)
0xf0cfc,14,１回だけだよ。,,Solo una vez.
0xf0d0c,14,物置に行く…？,,Ir al deposito...?
0xf0d1c,14,１階の部屋…？,,"El cuarto del primer
piso...?"
0xf0d2c,14,普通なら日付？,,"Normalmente seria la
fecha?"
0xf0d3c,14,大丈夫だって。,,Te digo que estoy bien.
0xf0d4c,14,…壁紙が……。,,"...El papel de la
pared..."
0xf0d5c,14,マサキ！やだ！,,Masaki! No quiero!
0xf0d6c,14,…わかった…。,,...Entendido...
0xf0d7c,14,ホントだって。,,Es en serio.
0xf0d8c,14,（どうしよう）,,(Que hago...)
0xf0d9c,14,サイズかな…？,,Sera la talla...?
0xf0dac,14,…やめてよ…。,,...Basta ya...
0xf0dbc,14,お風呂かな…。,,Sera el bano...?
0xf0dcc,14,ホントかな…。,,Sera cierto...?
0xf0ddc,14,そうなんだ…。,,Ya veo...
0xf0dec,14,物置に行く…？,,Ir al deposito...?
0xf0dfc,14,わかったよ…。,,Entendido...
0xf0e0c,14,２人でやろうよ,,Hagamoslo entre las dos
0xf0e1c,14,あ、ごめんね。,,"Ah, perdon."
0xf0e2c,14,…まあね……。,,...Mas o menos......
0xf0e3c,14,（…この音…）,,(...Este sonido...)
0xf0e4c,14,まさか…恋人…,,"No puede ser... su
pareja..."
0xf0e5c,14,これで、よし。,,"Con esto, listo."
0xf0e6c,14,…どうしたの？,,...Que te pasa?
0xf0e7c,14,あ、止まった。,,"Ah, se detuvo."
0xf0e8c,14,え？　うちの？,,Eh? La nuestra?
0xf0e9c,14,…サイズかな？,,...Sera la talla?
0xf0eac,14,あ、メール…。,,"Ah, un correo..."
0xf0ebc,14,ラベル見て…。,,Mira la etiqueta...
0xf0ecc,14,もう…ダメ…。,,Ya no...puedo mas...
0xf0edc,14,次は浴室だよ。,,Lo siguiente es el bano.
0xf0eec,14,うん、さっき。,,"Si, hace un rato."
0xf0efc,14,あたし、紅茶。,,Yo quiero te.
0xf0f0c,14,知ってますか？,,Lo sabe usted?
0xf0f1c,14,忘れないでね。,,No lo olvides.
0xf0f2c,14,まずは浴室…。,,Primero el bano...
0xf0f3c,14,そうこなきゃ。,,Asi se hace.
0xf0f4c,14,元ネタだって。,,"Dicen que es el origen de
la historia."
0xf0f5c,14,えっ……マジ？,,Eh...... en serio?
0xf0f6c,14,もう無理だよ！,,Ya no puedo mas!
0xf0f7c,14,今開けるから！,,Ya lo abro!
0xf0f8c,14,ウソはいかん。,,No esta bien mentir.
0xf0f9c,14,ハヤカワさん。,,Senorita Hayakawa.
0xf0fac,14,（…魔除け…）,,(...Un amuleto...)
0xf0fbc,14,早く！逃げよ！,,Rapido! Escapemos!
0xf0fcc,14,そうなんだ…。,,Ya veo...
0xf0fdc,14,用意したけど。,,"Lo prepare, pero."
0xf0fec,14,いないのかな。,,No estara?
0xf0ffc,14,…どうしたの？,,...Que te pasa?
0xf100c,14,なんかあった？,,Paso algo?
0xf101c,14,（なにこれ…）,,(Que es esto...)
0xf102c,16,９月頃ですけど。,,"Fue como en
septiembre."
0xf1040,16,縫い合わせる…。,,Coserlo...
0xf1054,16,人影を見たとか、,,"Que vieron una silueta,
o algo asi,"
0xf1068,16,急にどうしたの？,,Que te pasa de repente?
0xf107c,16,わかってるって。,,Ya lo se.
0xf1090,16,見つかったら…？,,Y si nos descubren...?
0xf10a4,16,…ユカリ先生…。,,...Profesora Yukari...
0xf10b8,16,気をつけろって。,,"Me dijeron que tenga
cuidado."
0xf10cc,16,心の中で３回言う,,"Decirlo 3 veces en tu
mente"
0xf10e0,16,（感じました…）,,(Lo senti...)
0xf10f4,16,えっ、マサキ！？,,"Eh, Masaki!?"
0xf1108,16,見いつけた……。,,Te encontre......
0xf111c,16,見いつけた……。,,Te encontre......
0xf1130,16,見いつけた……。,,Te encontre......
0xf1144,16,えっ、そうなの？,,"Eh, en serio?"
0xf1158,16,なんかあったの？,,Paso algo?
0xf116c,16,机の下にかくれる,,"Esconderse bajo el
escritorio"
0xf1180,16,見いつけた……。,,Te encontre......
0xf1194,16,おばあちゃん…。,,Abuela...
0xf11a8,16,あれ、ベッドは？,,"Oye, y la cama?"
0xf11bc,16,これでおしまい。,,Con esto se acabo.
0xf11d0,16,…やめよっかな…,,"...Mejor dejo de
hacerlo..."
0xf11e4,16,かっこいいなあ。,,Que genial.
0xf11f8,16,心の中で１回言う,,"Decirlo 1 vez en tu
mente"
0xf120c,16,まさか…恋人…。,,"No puede ser... su
pareja..."
0xf1220,16,（もういいよ…）,,(Ya no importa...)
0xf1234,16,（見いつけた…）,,(Te encontre...)
0xf1248,16,心の中で３回言う,,"Decirlo 3 veces en tu
mente"
0xf125c,16,たぶんストーカー,,"Seguramente es un
acosador"
0xf1270,16,えっ、…いいよ。,,Eh... esta bien.
0xf1284,16,気味悪いよね…。,,"Da un poco de miedo,
no?"
0xf1298,16,（なんの音…？）,,"(Que sonido es
ese...?)"
0xf12ac,16,あ、懐中電灯…。,,"Ah, la linterna..."
0xf12c0,16,ヒトリカクレンボ,,Hitori Kakurenbo
0xf12d4,16,（どうしよう…）,,(Que hago...)
0xf12e8,16,そりゃ、そうだ。,,"Bueno, es logico."
0xf12fc,16,で、浴室に戻る。,,"Y, vuelvo al bano."
0xf1310,16,ドキドキするね。,,"Que emocion, no?"
0xf1324,16,（た…助けて…）,,(Au...auxilio...)
0xf1338,16,心の中で３回言う,,"Decirlo 3 veces en tu
mente"
0xf134c,16,……なにか用か？,,...Necesitas algo?
0xf1360,16,心の中で５回言う,,"Decirlo 5 veces en tu
mente"
0xf1374,16,ここから音が…？,,"El sonido viene de
aqui...?"
0xf1388,16,次はあなたがオニ,,"Ahora te toca ser el
buscador"
0xf139c,16,心の中で３回言う,,"Decirlo 3 veces en tu
mente"
0xf13b0,16,どう、そっちは？,,"Que tal, por alla?"
0xf13c4,16,見いつけた……。,,Te encontre......
0xf13d8,16,おーい、マサキ。,,"Oye, Masaki."
0xf13ec,16,あ、マサキだ…。,,"Ah, es Masaki..."
0xf1400,16,おいでください。,,"Por favor, venga."
0xf1414,16,切っちゃった…。,,Se corto...
0xf1428,16,（見いつけた…）,,(Te encontre...)
0xf143c,16,（もういいよ…）,,(Ya no importa...)
0xf1450,16,ね……リコ……。,,Oye... Riko...
0xf1464,16,心の中で５回言う,,"Decirlo 5 veces en tu
mente"
0xf1478,16,やっぱいないよ。,,Al final no esta.
0xf148c,16,（見いつけた…）,,(Te encontre...)
0xf14a0,16,気のせいでしょ。,,Sera tu imaginacion.
0xf14b4,16,おおっ…がっ…。,,Ohh...gah...
0xf14c8,16,わかった………。,,Entendido.........
0xf14dc,16,またレトロな…。,,"Que retro, otra vez..."
0xf14f0,16,見いつけた……。,,Te encontre......
0xf1504,16,心の中で１回言う,,"Decirlo 1 vez en tu
mente"
0xf1518,16,ビデオテープ…。,,Una cinta de video...
0xf152c,16,自分を信じて…。,,Cree en ti misma...
0xf1540,16,頭に塩水をかける,,"Echarse agua salada en
la cabeza"
0xf1554,16,え、お父さんは？,,"Eh, y papa?"
0xf1568,16,（もういいよ…）,,(Ya no importa...)
0xf157c,16,もう１回確認する,,Revisar una vez mas
0xf1590,16,リビングからだ！,,Viene de la sala!
0xf15a4,16,早く消さないと！,,"Hay que apagarlo
rapido!"
0xf15b8,16,頭に塩水をかける,,"Echarse agua salada en
la cabeza"
0xf15cc,16,ベッドにかくれる,,Esconderse en la cama
0xf15e0,16,おかしなこと…？,,Algo raro...?
0xf15f4,16,部屋に戻らない？,,No volvemos al cuarto?
0xf1608,16,なんだ、これ…。,,Que es esto...
0xf161c,16,目を閉じて……。,,Cierra los ojos......
0xf1630,16,次はあなたがオニ,,"Ahora te toca ser el
buscador"
0xf1644,16,あ、マサキだ…。,,"Ah, es Masaki..."
0xf1658,16,（時間が無い…）,,(No hay tiempo...)
0xf166c,16,じゃ、また……。,,"Bueno, nos
vemos......"
0xf1680,16,早く消さないと！,,"Hay que apagarlo
rapido!"
0xf1694,16,フフッ…かもね。,,Jeje... puede ser.
0xf16bc,16,再生してみよっか,,Probemos a reproducirlo
0xf16d0,16,のぞくしかない！,,"No queda otra que
espiar!"
0xf16e4,16,そうじゃのう…。,,"Asi es, pues..."
0xf16f8,16,（なんだろ…？）,,(Que sera...?)
0xf170c,16,（…心霊現象…）,,"(...Un fenomeno
paranormal...)"
0xf1720,18,（…倉田裕見子…）,,(...Kurata Yumiko...)
0xf1734,18,『自分を信じて…』,,Cree en ti misma...
0xf1748,18,（まだ…間に合う）,,"(Todavia... hay
tiempo)"
0xf175c,18,あ……俺、マサキ。,,Ah... yo soy Masaki.
0xf1770,18,それじゃないって。,,Te digo que no es eso.
0xf1784,18,…よし、できたよ。,,"...Bien, ya esta."
0xf1798,18,心の中で３回言う。,,"Decirlo 3 veces en tu
mente."
0xf17ac,18,さ、部屋に戻ろう。,,"Bueno, volvamos al
cuarto."
0xf17c0,18,…はい、もしもし。,,"Si, alo."
0xf17d4,18,まだ、ためらいが…,,"Todavia dudo un
poco..."
0xf17e8,18,ありがとう…先生。,,Gracias... profesora.
0xf17fc,18,ケータイで助けを…,,"Pedir ayuda con el
celular..."
0xf1810,18,（風呂を出たら…）,,"(Cuando salga del
bano...)"
0xf1824,18,心の中で３回言う。,,"Decirlo 3 veces en tu
mente."
0xf1838,18,すぐに浴室を出る！,,"Salir del bano de
inmediato!"
0xf184c,18,携帯にメールが…。,,"Llego un correo al
celular..."
0xf1860,18,そんな無責任な…。,,Que irresponsable...
0xf1874,18,ねえ、終わり方は？,,"Oye, y como termina?"
0xf1888,18,死体…ミ、ミイラ！,,"Un cadaver... u-una
momia!"
0xf189c,18,よしっ、外に出よう,,"Bien, salgamos afuera"
0xf18b0,18,何も反応が無い…。,,"No hay ninguna
reaccion..."
0xf18c4,18,心の中で３回言う。,,"Decirlo 3 veces en tu
mente."
0xf18d8,18,（殺されました…）,,(Fue asesinada...)
0xf18ec,18,（気味が悪いし…）,,(Ademas da miedo...)
0xf1900,18,そのままにしておく,,Dejarlo tal como esta
0xf1914,18,つかまえたあ……。,,Te atrape......
0xf1928,18,そういう遊びだし。,,"Es que es ese tipo de
juego."
0xf193c,18,つかまえたあ……。,,Te atrape......
0xf1950,18,これじゃない……。,,Este no es......
0xf1964,18,ナイフで刺す……。,,"Apunalar con el
cuchillo......"
0xf1978,18,あたしはカンベン。,,Yo mejor paso.
0xf198c,18,つかまえたあ……。,,Te atrape......
0xf19a0,18,つかまえたあ……。,,Te atrape......
0xf19b4,18,（まず…どこへ…）,,"(Primero... a
donde...)"
0xf19c8,18,立てかけちゃった。,,Termine apoyandolo.
0xf19dc,18,これじゃない……。,,Este no es......
0xf19f0,18,ナイフで刺す……。,,"Apunalar con el
cuchillo......"
0xf1a04,18,ナイフで刺す…と。,,"Apunalar con el
cuchillo... y."
0xf1a18,18,おじゃましまーす。,,Con permiso.
0xf1a2c,18,つかまえたあ……。,,Te atrape......
0xf1a40,18,それじゃないって。,,Te digo que no es eso.
0xf1a54,18,それじゃないって。,,Te digo que no es eso.
0xf1a68,18,なわけないよね…。,,"No puede ser,
verdad..."
0xf1a7c,18,何も反応が無い…。,,"No hay ninguna
reaccion..."
0xf1a90,18,何も反応が無い…。,,"No hay ninguna
reaccion..."
0xf1aa4,18,何も反応が無い…。,,"No hay ninguna
reaccion..."
0xf1ab8,18,あ、お母さんだ…。,,"Ah, es mama..."
0xf1acc,18,マジで怖かったよ。,,De verdad daba miedo.
0xf1ae0,18,（お願い…出て…）,,"(Por favor...
contesta...)"
0xf1af4,18,もしもし！レイカ？,,Alo! Reika?
0xf1b08,18,圏外！？…そんな！,,"Sin senal!? No puede
ser!"
0xf1b1c,18,そう。薄汚いやつ。,,Si. Un tipo asqueroso.
0xf1b44,18,…うん、わかった。,,"...Si, entendido."
0xf1b58,18,最初はわたしがオニ,,"Primero yo sere la que
busca"
0xf1b6c,18,（マサキ！リコ！）,,(Masaki! Riko!)
0xf1b80,18,はああ！すっきり！,,Aaah! Que alivio!
0xf1b94,18,なにこれ！キモッ！,,Que es esto! Que asco!
0xf1ba8,18,（…気のせい…？）,,"(...Sera mi
imaginacion...?)"
0xf1bbc,18,ほんとに捨てる気？,,"De verdad piensas
botarlo?"
0xf1bd0,18,…やめよっかな…。,,"...Mejor dejo de
hacerlo..."
0xf1be4,18,…はい、もしもし。,,"Si, alo."
0xf1bf8,18,心の中で１０数える,,"Contar hasta 10 en tu
mente"
0xf1c0c,18,ははっ…だね……。,,"Jaja... es
verdad......"
0xf1c20,18,マジで怖かったよ。,,De verdad daba miedo.
0xf1c34,18,これじゃない……。,,Este no es......
0xf1c48,18,ホントにそう思う？,,De verdad piensas eso?
0xf1c5c,18,あ……俺、マサキ。,,Ah... yo soy Masaki.
0xf1c70,18,とにかく出てみよ。,,"En fin, salgamos a ver."
0xf1c84,18,死体が起き上がる？,,El cadaver se levanta?
0xf1c98,18,おじゃましまーす。,,Con permiso.
0xf1cac,18,とにかくあがって。,,"En fin, pasa."
0xf1cc0,18,はああ！すっきり！,,Aaah! Que alivio!
0xf1cd4,18,えーっ！見ないで？,,Eeeh! No mires!
0xf1ce8,18,分かった分かった。,,"Ya, ya, entendido."
0xf1cfc,18,もったいないなぁ。,,Que desperdicio.
0xf1d10,18,しょうがないなあ。,,No hay remedio.
0xf1d24,18,（ひぃぃぃぃぃ！）,,(Hiiiiii!)
0xf1d38,18,（もう…ダメええ）,,(Ya no...puedoo)
0xf1d4c,18,（…どうしよう…）,,(...Que hago...)
0xf1d60,18,まだ…バスタブ…。,,Todavia... la banera...
0xf1d74,18,（お風呂場かな？）,,(Sera el bano?)
0xf1d88,18,２０年前？古すぎ。,,"Hace 20 anos? Que
viejo."
0xf1d9c,18,ごめんね…ミズキ。,,Perdon... Mizuki.
0xf1db0,18,（殺されました…）,,(Fue asesinada...)
0xf1dc4,18,…アルミホイル…。,,...Papel aluminio...
0xf1dd8,18,（殺されました…）,,(Fue asesinada...)
0xf1dec,18,わたしの部屋だ…。,,Es mi cuarto...
0xf1e14,18,押し入れにかくれる,,Esconderse en el armario
0xf1e28,18,…おい……天井…。,,"...Oye...... el
techo..."
0xf1e3c,18,……どうしよう…。,,...Que hago...
0xf1e50,18,倉田裕見子について,,Sobre Kurata Yumiko
0xf1e64,18,うん、わかってる。,,"Si, ya lo se."
0xf1e78,18,どっちなら信じる？,,Cual de los dos crees?
0xf1e8c,18,火の回りがはええ！,,"El fuego se extiende muy
rapido!"
0xf1ea0,18,怖くてのぞけない…,,"Da miedo, no puedo
mirar..."
0xf1eb4,18,つかまえたあ……。,,Te atrape......
0xf1ec8,18,おっ……ああ……。,,Oh...... ah......
0xf1edc,18,あったらしいって。,,Dicen que si hubo.
0xf1ef0,18,（ないという……）,,(Dicen que no hay...)
0xf1f04,18,これを沈めて…と。,,Hundir esto... y.
0xf1f18,20,（…ストーカー男…）,,(...Un acosador...)
0xf1f30,20,（貼られていました）,,(Estaba pegado)
0xf1f48,20,（都市伝説の真実…）,,"(La verdad detras de la
leyenda urbana...)"
0xf1f60,20,とっても不安です…。,,Estoy muy inquieta...
0xf1f78,20,どっちもどっちかな。,,"Puede que ambos sean
igual de malos."
0xf1f90,20,まだ、ためらいが…。,,"Todavia dudo un
poco..."
0xf1fa8,20,（わからせないと…）,,"(Tengo que hacerselo
entender...)"
0xf1fc0,20,まだ、何かあるの…？,,"Todavia hay algo
mas...?"
0xf1fd8,20,ひたすらたえるしか…,,"No queda mas que
aguantar..."
0xf1ff0,20,ちゃんと聞いててよ。,,"Escucha bien, eh."
0xf2008,20,いったん風呂を出る。,,"Salir del bano por un
momento."
0xf2020,20,ミズキ！やだあああ！,,Mizuki! Noooo!
0xf2038,20,（目をつむったら…）,,(Si cierro los ojos...)
0xf2050,20,それじゃないって…。,,"Te digo que no es
eso..."
0xf2068,20,（目をつむったら…）,,(Si cierro los ojos...)
0xf2080,20,わたしの勝ち…と…。,,Yo gane... y.
0xf2098,20,ほら、ケーキ食べよ。,,"Vamos, comamos pastel."
0xf20b0,20,（押し倒しました…）,,(La empujo al suelo...)
0xf20c8,20,（目をつむったら…）,,(Si cierro los ojos...)
0xf20e0,20,ナイスタイミング…。,,Que buen momento...
0xf20f8,20,全部１人でやるから。,,Yo lo hare todo sola.
0xf2110,20,（そうだ、ケータイ）,,"(Cierto, el celular)"
0xf2128,20,（なんとか収まった）,,"(De alguna forma se
calmo)"
0xf2140,20,（ミイラに集まった）,,"(Se juntaron alrededor
de la momia)"
0xf2158,20,（次に使うものは？）,,"(Que uso a
continuacion?)"
0xf2170,20,（しょうがないな…）,,(No hay remedio...)
0xf2188,20,次はわたしがかくれる,,"Ahora me toca
esconderme a mi"
0xf21a0,20,だといいんだけど…。,,Ojala sea asi...
0xf21b8,20,（使うアイテムは？）,,(Que objeto uso?)
0xf21d0,20,クマゾウって…名前。,,Se llama... Kumazou.
0xf21e8,20,じゃ、１階の庭とか。,,"Entonces, el jardin del
primer piso, por
ejemplo."
0xf2200,20,２階に住んでる子よ。,,"Es la chica que vive en el
segundo piso."
0xf2218,20,見間違いじゃないの？,,No sera que la viste mal?
0xf2230,20,（心に誓ったのです）,,"(Hice una promesa en mi
corazon)"
0xf2248,20,次はわたしがかくれる,,"Ahora me toca
esconderme a mi"
0xf2260,20,ちょっと調べてみよ。,,"Vamos a investigar un
poco."
0xf2278,20,また終電帰りか……。,,"Otra vez volviendo en el
ultimo tren......"
0xf2290,20,ん？…なんの音だ…？,,"Eh?...que sonido es
ese...?"
0xf22a8,20,バスタブに水を張る。,,"Llenar la banera con
agua."
0xf22c0,20,ねえ、ミズキ！早く！,,"Oye, Mizuki! Rapido!"
0xf22d8,20,ミズキ、やるじゃん。,,"Mizuki, nada mal."
0xf22f0,20,ちぇっ、つまんない。,,"Tsk, que aburrido."
0xf2308,20,どうしたの？ミズキ。,,"Que te pasa, Mizuki?"
0xf2320,20,（心に誓ったのです）,,"(Hice una promesa en mi
corazon)"
0xf2338,20,じゃあ…、違うか…。,,"Entonces... no es
eso..."
0xf2350,20,携帯は…机の上だ…。,,"El celular... esta sobre
el escritorio..."
0xf2368,20,（レイカに助けを…）,,"(Pedirle ayuda a
Reika...)"
0xf2380,20,（後で洗濯しないと）,,"(Despues tengo que
lavarlo)"
0xf2398,20,『次はあなたがオニ』,,"Ahora te toca ser el
buscador"
0xf23b0,20,もう、大事な時に…。,,"Justo en un momento
importante..."
0xf23c8,20,なに…？ポケット…？,,Que...? El bolsillo...?
0xf23e0,20,うん……あ、そうだ。,,"Si...... ah, cierto."
0xf23f8,20,（後で整理しないと）,,"(Despues tengo que
ordenarlo)"
0xf2410,20,同窓会のお知らせよ。,,"Es el aviso de la reunion
de ex alumnos."
0xf2428,20,…じゃあ、もう１回。,,"...Bueno, una vez
mas."
0xf2440,20,（のぞくしかない！）,,"(No queda otra que
espiar!)"
0xf2458,20,先に家中の照明を消す,,"Apagar antes todas las
luces de la casa"
0xf2470,20,（気にしすぎかな…）,,"(Sera que me preocupo
demasiado...)"
0xf2488,20,今度は外を調べてみる,,"Esta vez investigar
afuera"
0xf24a0,20,えっ？　今？なんで？,,Eh? Ahora? Por que?
0xf24b8,20,リコに相談されたの。,,Riko me pidio consejo.
0xf24d0,20,どこから音がするの？,,"De donde viene el
sonido?"
0xf24e8,20,特に反応しないね…。,,"No reacciona en
especial..."
0xf2500,20,特に反応しないね…。,,"No reacciona en
especial..."
0xf2518,20,ミズキ、お母さんは？,,"Mizuki, y tu mama?"
0xf2530,20,…またナナシから…。,,"...Otra vez de
Nanashi..."
0xf2548,21,"そっか。
そうだよね。",,"Ya veo.
Tienes razon."
0xf2560,22,（…ベッドの下の男…）,,"(...El hombre debajo
de la cama...)"
0xf2578,22,（真相は闇の中です…）,,"(La verdad quedo entre
las sombras...)"
0xf2590,22,…もういいんじゃない？,,"...Ya no importa, no
crees?"
0xf25a8,22,これからが重要だから。,,"Porque lo que viene
ahora es importante."
0xf25c0,22,（リコに…教えなきゃ）,,"(Tengo que contarselo a
Riko...)"
0xf25d8,22,次はリビングだっけ…。,,"Lo siguiente era la sala,
no...?"
0xf25f0,22,「最初はわたしがオニ」,,"Primero yo soy la que
busca"
0xf2608,22,「最初はあなたがオニ」,,"Primero tu eres el que
busca"
0xf2620,22,じゃあおさらいさせて。,,"Bueno, dejame
repasarlo."
0xf2638,22,やっぱストーカーが…。,,"Al final si era el
acosador..."
0xf2650,22,もう少しかくれていよう,,"Quedemonos escondidos
un poco mas"
0xf2668,22,捨てればいんじゃない？,,No seria mejor botarlo?
0xf2680,22,窓から外へ逃げよう！！,,"Escapemos por la
ventana!!"
0xf2698,22,（ここでのセリフは…）,,(La frase aqui es...)
0xf26b0,22,わたしの勝ちと３回言う,,"Decir 3 veces que yo
gane"
0xf26c8,22,…次はあなたがオニ…。,,"...Ahora te toca ser el
buscador..."
0xf26e0,22,…次はあなたがオニ…。,,"...Ahora te toca ser el
buscador..."
0xf26f8,22,…次はあなたがオニ…。,,"...Ahora te toca ser el
buscador..."
0xf2710,22,（はっ…リコたちだ…）,,"(Ah... son Riko y los
demas...)"
0xf2728,22,（リコ、どうしよう？）,,"(Riko, que hago?)"
0xf2740,22,そ、そんなことねぇよ。,,N-no es asi para nada.
0xf2758,22,わたしの勝ちと３回言う,,"Decir 3 veces que yo
gane"
0xf2770,22,そ、通路とか階段とか。,,"P-por ejemplo el pasillo
o las escaleras."
0xf2788,22,（もう…ダメ…うっ！）,,"(Ya
no...puedo...ugh!)"
0xf27a0,22,１人でする勇気なんて…,,"No tengo el valor para
hacerlo sola..."
0xf27b8,22,こんばんは。塾の帰り？,,"Buenas noches. Vuelves
de la academia?"
0xf27d0,22,はは、いい勘してるね。,,"Ja, tienes buen instinto."
0xf27e8,22,最初はわたしがかくれる,,Primero me escondo yo
0xf2800,22,えっ、物置調べないの？,,"Eh, no vamos a revisar
el deposito?"
0xf2818,22,（よかった…いない…）,,"(Que bueno... no
esta...)"
0xf2830,22,えーっ、そんなはず…。,,"Eeh, no puede ser..."
0xf2848,22,やっぱり大家さんの…。,,"Al final era del dueno del
edificio..."
0xf2860,22,大切に保管しとった…。,,"Lo guarde con mucho
cuidado..."
0xf2878,22,ちょっとダイジョーブ？,,"Oye, estas bien?"
0xf2890,22,きっと酔っぱらいだよ。,,"Seguro que es un
borracho."
0xf28a8,22,（押入れには何もない）,,"(No hay nada en el
armario)"
0xf28c0,22,ちゃんと成仏したかな。,,"Habra descansado en paz
de verdad?"
0xf28d8,22,あ、まだ持ってたんだ。,,"Ah, todavia lo tenias."
0xf28f0,22,１０３号室に住んどる？,,Vive en el cuarto 103?
0xf2908,22,（あっ…待って…っ！）,,(Ah... espera...!)
0xf2920,22,（リ、リコ！マサキ！）,,(R-Riko! Masaki!)
0xf2938,22,こんな時間に誰だろう？,,Quien sera a esta hora?
0xf2950,22,へへっ、びっくりした？,,"Jeje, te asuste?"
0xf2968,22,……うん……思う…よ。,,"......Si...creo...que
si."
0xf2980,22,時間がかかりそうだな。,,Parece que va a tardar.
0xf2998,22,あさって、帰ってくる。,,Vuelvo pasado manana.
0xf29b0,22,ほら……いるって……。,,"Ves...... te dije que
estaba......"
0xf29c8,22,もしもし？　もしもし？,,Alo? Alo?
0xf29e0,22,その手には乗りません。,,"No voy a caer en ese
truco."
0xf2a10,22,そりゃ、気になるけど。,,"Bueno, si me da
curiosidad, pero."
0xf2a28,22,もう一度中を調べてみる,,"Revisar el interior una
vez mas"
0xf2a40,22,勉強部屋を…指してる。,,"Apunta hacia... el
cuarto de estudio."
0xf2a58,22,次は浴室だよ、ミズキ。,,"Lo siguiente es el bano,
Mizuki."
0xf2a70,22,…やっぱストーカー…？,,"...Al final sera el
acosador...?"
0xf2a88,22,（他には何もないかな）,,"(No habra nada mas por
aqui?)"
0xf2aa0,22,もう１回浴室に行くの。,,"Voy al bano una vez
mas."
0xf2ab8,22,まず、ぬいぐるみね…。,,"Primero, el peluche..."
0xf2ad0,22,えーっ…やだ、キモッ。,,"Eeh... que asco, no
quiero."
0xf2ae8,22,ストーカー殺人について,,"Sobre el asesinato del
acosador"
0xf2b00,22,ここも…少し反応が…。,,"Aqui tambien... hay
algo de reaccion..."
0xf2b18,22,びくっとしちゃうんだ。,,"Me sobresalto sin
querer."
0xf2b30,22,（何か…引っかかる…）,,"(Algo... no me
cuadra...)"
0xf2b48,22,先にテレビを砂嵐にする,,"Poner primero la
television en estatica"
0xf2b60,24,やっぱ、あぶないじゃん。,,Al final si es peligroso.
0xf2b7c,24,…あなたなら…大丈夫よ。,,"...Tu si puedes... vas
a estar bien."
0xf2b98,24,水は少しだけでいいから。,,"Con un poco de agua
basta."
0xf2bb4,24,（とても不安です………）,,"(Estoy muy
inquieta.........)"
0xf2bd0,24,次はリビングのテレビね。,,"Lo siguiente es la
television de la sala."
0xf2bec,24,（ここで言うセリフは…）,,"(La frase que digo aqui
es...)"
0xf2c08,24,あ、殺意が……うそうそ。,,"Ah, senti ganas de
matar...... es broma,
es broma."
0xf2c24,24,あっ、ダメだよ！ミズキ！,,"Ah, no, Mizuki!"
0xf2c40,24,本番はちゃんと刺してね。,,"En la de verdad, apunala
bien, eh."
0xf2c5c,24,…………………オッケー。,,..............Okey.
0xf2c78,24,ここからは急ぐらしいの！,,"Dicen que de aqui en
adelante hay que
apurarse!"
0xf2c94,24,その間、じっとしてるの？,,"Mientras tanto, hay que
quedarse quieta?"
0xf2cb0,24,探すしかないんじゃない？,,"No queda otra que
buscar, no?"
0xf2ccc,24,うん、やるしかないよね。,,"Si, no queda otra que
hacerlo."
0xf2ce8,24,あたしは構わないけど…。,,"A mi no me importa,
pero..."
0xf2d04,24,それはまずいんじゃない？,,"No seria un problema
eso?"
0xf2d20,24,見て、カレンダーの日付…,,"Mira, la fecha del
calendario..."
0xf2d3c,24,なんか、疲れちゃったね。,,"Que cansada estoy, no
se por que."
0xf2d58,24,ぬいぐるみに塩水をかける,,"Echarle agua salada al
peluche"
0xf2d74,24,（…次はあなたがオニ…）,,"(...Ahora te toca ser el
buscador...)"
0xf2d90,24,（…次はあなたがオニ…）,,"(...Ahora te toca ser el
buscador...)"
0xf2dac,24,電気を消しテレビをつける,,"Apagar la luz y encender
la television"
0xf2dc8,24,（ちょっと…違うって…）,,"(Espera... no es
eso...)"
0xf2de4,24,（…わたしの…勝ち……）,,"(...Yo...
gane......)"
0xf2e00,24,（…都市伝説なんて……）,,"(...Eso de la leyenda
urbana......)"
0xf2e1c,24,（ひぃぃぃぃぃぃぃぃ！）,,(Hiiiiiiii!)
0xf2e38,24,（…少しだけ…開けて…）,,"(...Abrelo... solo un
poco...)"
0xf2e54,24,となると、猫？　ネズミ？,,"Entonces sera un gato?
Un raton?"
0xf2e70,24,かくれんぼ終了と３回言う,,"Decir 3 veces que el
escondite termino"
0xf2e8c,24,（もうこの際、いいや！）,,"(Ya que estamos, da
igual!)"
0xf2ea8,24,『見いつけた』と３回言う,,"Decir Te encontre 3
veces"
0xf2ec4,24,（…次はあなたがオニ…）,,"(...Ahora te toca ser el
buscador...)"
0xf2ee0,24,ミズキ、いるなら、出て！,,"Mizuki, si estas ahi,
sal!"
0xf2efc,24,カギ…、かかってない…。,,"La llave... no esta
puesta..."
0xf2f18,24,１０３号室の秘密って…。,,"El secreto del cuarto
103..."
0xf2f34,24,ミズキ、いるなら、出て！,,"Mizuki, si estas ahi,
sal!"
0xf2f50,24,きっと殺されたんだよ…。,,"Seguro que la
mataron..."
0xf2f6c,24,（…わたしの…勝ち……）,,"(...Yo...
gane......)"
0xf2f88,24,『見いつけた』と３回言う,,"Decir Te encontre 3
veces"
0xf2fa4,24,（…わたしの…勝ち……）,,"(...Yo...
gane......)"
0xf2fc0,24,幽霊退治に行ってやるよ。,,"Voy a ir a exterminar al
fantasma."
0xf2fdc,24,（なに…なんの音なの？）,,"(Que...que sonido es
ese?)"
0xf2ff8,24,（え？向こうで水の音？）,,(Eh? Suena agua alla?)
0xf3014,24,まるでホテルのように…。,,"Como si fuera un
hotel..."
0xf3030,24,（それってデートじゃ…）,,"(Eso es como una
cita...)"
0xf304c,24,（まだ寝るには早いかな）,,"(Sera muy temprano
para dormir?)"
0xf3068,24,『次はわたしがかくれる』,,"Ahora me toca
esconderme a mi"
0xf3084,24,（…わたしの…勝ち……）,,"(...Yo...
gane......)"
0xf30a0,24,うん。なら、よかった…。,,"Si. Entonces que
bueno..."
0xf30bc,24,（…わたしの…勝ち……）,,"(...Yo...
gane......)"
0xf30d8,24,…もう聞いてもムダだよ。,,"...Ya no sirve de nada
preguntar."
0xf30f4,24,（…わたしの…勝ち……）,,"(...Yo...
gane......)"
0xf3110,24,（…かくれんぼ終了……）,,"(...El escondite
termino......)"
0xf312c,24,（…かくれんぼ終了……）,,"(...El escondite
termino......)"
0xf3148,24,（…かくれんぼ終了……）,,"(...El escondite
termino......)"
0xf3164,24,なんだか元気が出てきた。,,"No se por que, pero
recupere energia."
0xf3180,24,（カップやお皿がある…）,,(Hay tazas y platos...)
0xf319c,24,…それで、どうだったの？,,"...Y entonces, como te
fue?"
0xf31b8,24,（誰…こんな時間に…？）,,"(Quien... a esta
hora...?)"
0xf31d4,24,２０年前のテープなの…？,,"Es una cinta de hace 20
anos...?"
0xf31f0,24,捨てればいいんじゃない？,,No seria mejor botarlo?
0xf320c,24,え？アイスって、冷蔵庫？,,"Eh? El helado esta en el
refrigerador?"
0xf3228,24,じゃあ、この男は誰なの？,,"Entonces, quien es este
hombre?"
0xf3244,24,（どうやって…リコに…）,,"(Como... decirselo a
Riko...)"
0xf3260,24,…たぶんストーカーかな？,,"...Sera un acosador,
tal vez?"
0xf327c,24,みたいね。何度も何度も。,,"Parece que si. Una y
otra vez."
0xf3298,24,さあ…。幽霊じゃ、ダメ？,,"Quien sabe... No sirve
si es un fantasma?"
0xf32b4,24,…そんなこと、ないよ…。,,...Eso no es asi...
0xf32d0,24,リビングでテレビで見よ。,,"Veamoslo en la television
de la sala."
0xf32ec,24,うん。なら、よかった…。,,"Si. Entonces que
bueno..."
0xf3308,24,ここ…少しだけ反応が…。,,"Aqui...hay un poco de
reaccion..."
0xf3324,24,あんまり反応ないなあ…。,,"No hay mucha
reaccion..."
0xf3340,24,風呂場も…特に反応なし。,,"En el bano tampoco...
sin reaccion en especial."
0xf335c,24,（帰国することになった）,,"(Termino volviendo a su
pais)"
0xf3378,24,新しく書くしかないか…。,,"No queda otra que
escribir uno nuevo..."
0xf3394,26,わかった。用意するのは…、,,"Entendido. Lo que hay
que preparar es...,"
0xf33b0,26,（まさか…ベッドの下に…）,,"(No puede ser...
debajo de la cama...)"
0xf33cc,26,気をつけて。刺さないでよ。,,"Ten cuidado. No me
vayas a apunalar."
0xf33e8,26,今リビングに移動したから。,,"Ahora me mude a la
sala."
0xf3404,26,リコには言われたくないな。,,"No quiero que me lo diga
Riko precisamente."
0xf3420,26,（次はなんて言うんだっけ）,,"(Que era lo que seguia
decir?)"
0xf343c,26,（次はなんて言うんだっけ）,,"(Que era lo que seguia
decir?)"
0xf3458,26,…次はわたしがかくれる…。,,"...Ahora me toca
esconderme a mi..."
0xf3474,26,…次はわたしがかくれる…。,,"...Ahora me toca
esconderme a mi..."
0xf3490,26,…次はわたしがかくれる…。,,"...Ahora me toca
esconderme a mi..."
0xf34ac,26,（風呂から出たら…次は…）,,"(Cuando salga del
bano... lo siguiente
es...)"
0xf34c8,26,（……もういいかい？……）,,"(......Estas
listo?......)"
0xf34e4,26,テレビをつけて、電気を消す,,"Encender la television y
apagar la luz"
0xf3500,26,テレビをつけて、電気を消す,,"Encender la television y
apagar la luz"
0xf351c,26,次は何を３回言うんだっけ？,,"Que era lo que habia que
decir 3 veces?"
0xf3538,26,（いろいろ実践したらしい）,,"(Parece que probo de
varias formas)"
0xf3554,26,ありがと。でも大丈夫だよ。,,"Gracias. Pero estoy
bien."
0xf3570,26,思えば…あわれな存在よね。,,"Pensandolo bien... es
un ser digno de lastima."
0xf358c,26,出るわけないでしょ、もう。,,"No va a aparecer, ya
basta."
0xf35a8,26,目を閉じて心の中で３数える,,"Cerrar los ojos y contar
hasta 3 en tu mente"
0xf35c4,26,だから花壇あたりが要注意。,,"Por eso hay que tener
cuidado cerca del jardin."
0xf35e0,26,やべ、柱にぶつけちゃった。,,"Uy, me choque con la
columna."
0xf35fc,26,（わたし、どうかしてた…）,,"(Yo no estaba bien de la
cabeza...)"
0xf3618,26,『つかまえたあ』と３回言う,,Decir Te atrape 3 veces
0xf3634,26,何言ってんの、ほら行くよ。,,"Que estas diciendo,
anda, vamos."
0xf3650,26,…さあ…そんな昔のこと…。,,"...Quien sabe... eso
fue hace tanto..."
0xf366c,26,（マサキたちが帰っちゃう）,,"(Masaki y los demas se
van a ir)"
0xf3688,26,『つかまえたあ』と３回言う,,Decir Te atrape 3 veces
0xf36a4,26,オトコ探しと一緒ぐらいに。,,Casi como buscar novio.
0xf36c0,26,今の音…リビングからだ…。,,"Ese sonido... vino de la
sala..."
0xf36dc,26,心の中で「もういいかい？」,,"Decir en tu mente Estas
listo?"
0xf36f8,26,…うん……大丈夫だよ……。,,"...Si...... estoy
bien......"
0xf3714,26,えっ、なにをしかられるの？,,"Eh, por que me van a
reganar?"
0xf3730,26,（中には何も入っていない）,,(No hay nada adentro)
0xf374c,26,別に殺されちゃいないって。,,"No es que la hayan
matado."
0xf3768,26,だから…単なる老朽化で…。,,"Por eso... solo es por el
deterioro..."
0xf3784,26,でも、あたしが小学生の時、,,"Pero, cuando yo estaba
en primaria,"
0xf37a0,26,だって、薄気味悪いじゃん。,,"Es que da bastante
escalofrio."
0xf37bc,26,わたしの…部屋…からだ…。,,"Viene de... mi
cuarto..."
0xf37d8,26,あ、もちろんみんなでだよ。,,"Ah, claro que con todos."
0xf37f4,26,どうせ、大した反応じゃ…。,,"De todos modos no sera
gran cosa..."
0xf3810,26,（…ホントの幽霊…なの？）,,"(...Sera un fantasma
de verdad...?)"
0xf382c,26,だから、すぐに慣れるって。,,"Por eso, te vas a
acostumbrar rapido."
0xf3848,26,どうするの？このビデオ…。,,"Que hacemos con este
video..."
0xf3864,26,次は押入れ。さ、早く行こ。,,"Lo siguiente es el
armario. Vamos,
rapido."
0xf3880,26,方位磁針…。また…針が…。,,"La brujula... otra
vez... la aguja..."
0xf389c,26,だよね、見なきゃソンだよ。,,"Verdad que si, seria una
lastima no verlo."
0xf38b8,26,サイアク…。間違い無い…。,,"Es lo peor... no hay
duda..."
0xf38d4,26,でもさ…２０年前のビデオ、,,"Pero bueno... un video
de hace 20 anos,"
0xf38f0,26,…それ、ただの方位磁針…。,,"...Eso es solo una
brujula comun..."
0xf390c,26,相談して警察に届けるとか。,,"Consultarlo y denunciarlo
a la policia, por
ejemplo."
0xf3928,27,"大丈夫？
もう１回確認する？",,"Estas bien?
Revisamos otra vez?"
0xf3944,27,"ありがと。
でも大丈夫だよ。",,"Gracias.
Pero estoy bien."
0xf3960,28,あ…、おいでください………。,,"Ah... por favor,
venga........."
0xf3980,28,…なんかダメな気がしたんだ。,,"...Senti que algo estaba
mal."
0xf39a0,28,消火はいいから、早く逃げろ！,,"Olvida apagar el fuego,
huye rapido!"
0xf39c0,28,もう手に負えないよ。逃げよ！,,"Ya no se puede
controlar. Escapemos!"
0xf39e0,28,（…最初は…わたしがオニ…）,,"(...Primero... yo soy
la que busca...)"
0xf3a00,28,（…最初は…わたしがオニ…）,,"(...Primero... yo soy
la que busca...)"
0xf3a20,28,（…最初は…わたしがオニ…）,,"(...Primero... yo soy
la que busca...)"
0xf3a40,28,（…最初は…わたしがオニ…）,,"(...Primero... yo soy
la que busca...)"
0xf3a60,28,（…最初は…あなたがオニ…）,,"(...Primero... tu eres
el que busca...)"
0xf3a80,28,かくれんぼ気分も盛り上がる！,,"El ambiente del escondite
se pone bueno!"
0xf3aa0,28,コップの塩水を口に入れて…。,,"Ponte en la boca el agua
salada del vaso..."
0xf3ac0,28,（７）ナイフを持って浴室へ。,,"(7) Ve al bano con el
cuchillo."
0xf3ae0,28,　死体に…。どういうこと？）,,"al cadaver... Que
significa eso?)"
0xf3b00,28,目を閉じて心の中で１０数える,,"Cerrar los ojos y contar
hasta 10 en tu mente"
0xf3b20,28,（過ごすことができました…）,,"(Pudimos pasar el
tiempo asi...)"
0xf3b40,28,（…次はわたしがかくれる…）,,"(...Ahora me toca
esconderme a mi...)"
0xf3b60,28,（…次はわたしがかくれる…）,,"(...Ahora me toca
esconderme a mi...)"
0xf3b80,28,（…次はわたしがかくれる…）,,"(...Ahora me toca
esconderme a mi...)"
0xf3ba0,28,えー、さんざん調べたでしょ。,,"Eeh, ya investigamos un
monton."
0xf3bc0,28,目を閉じて心の中で１０数える,,"Cerrar los ojos y contar
hasta 10 en tu mente"
0xf3be0,28,ね、今度は外を調べてみない？,,"Oye, que tal si esta vez
investigamos afuera?"
0xf3c00,28,『見いつけた』と心の中で３回,,"Decir Te encontre 3
veces en tu mente"
0xf3c20,28,最近“出る”っていうじゃん。,,"Dicen que ultimamente
aparece, no?"
0xf3c40,28,この通路の一番奥にあるから。,,"Esta al final de este
pasillo."
0xf3c60,28,…さあ、もう部屋に戻らない？,,"...Bueno, no volvemos
ya al cuarto?"
0xf3c80,28,（ノックする音が…消えた…）,,"(El sonido de los
golpes...
desaparecio...)"
0xf3ca0,28,…金目の物なんて…ないぞ…。,,"...No hay nada de valor
aqui..."
0xf3cc0,28,他に何か思い出せないですか？,,No recuerda algo mas?
0xf3ce0,28,キッチンじゃないとすると…。,,"Si no es la cocina,
entonces..."
0xf3d00,28,『もういいよ』と心の中で３回,,"Decir Ya estoy listo 3
veces en tu mente"
0xf3d20,28,…殺人事件があったって本当？,,"...Es verdad que hubo
un asesinato?"
0xf3d40,28,お母さん…、海外出張だっけ。,,"Mama... esta en viaje
de trabajo al extranjero,
verdad?"
0xf3d60,28,もう少しだけ勉強しよっかな。,,"Voy a estudiar un poco
mas."
0xf3d80,28,でも、マサキの話のおかげで、,,"Pero, gracias a lo que
conto Masaki,"
0xf3da0,28,でも、マサキの話のおかげで、,,"Pero, gracias a lo que
conto Masaki,"
0xf3dc0,28,地元だけど、聞いた事ないよ。,,"Aunque soy de aqui,
nunca lo he oido."
0xf3de0,28,念のため、探知機見てみたら？,,"Por si acaso, por que no
revisas el detector?"
0xf3e00,28,なあ…ぬいぐるみはどこだ…？,,"Oye... donde esta el
peluche...?"
0xf3e20,28,（倉田裕見子のことでした…）,,"(Era sobre Kurata
Yumiko...)"
0xf3e40,28,ア…アイス、食べたくない…？,,"N-no quieres comer
helado...?"
0xf3e60,28,…見て、カレンダーの日付…。,,"...Mira, la fecha del
calendario..."
0xf3e80,28,今日はリビングで寝るつもり。,,"Hoy pienso dormir en la
sala."
0xf3ea0,28,アルミホイルが…びっしり…。,,"Papel aluminio... por
todos lados..."
0xf3ec0,28,（ここの蛇口は閉まってる…）,,"(Esta llave esta
cerrada...)"
0xf3ee0,28,ふぅん、それ、誰の入れ知恵？,,"Mmm, y esa idea de
quien fue?"
0xf3f00,28,この棚もけっこう年代物だね。,,"Este estante tambien es
bastante antiguo."
0xf3f20,28,…お願い！コックリさんで…。,,"...Por favor! Con
Kokkuri-san..."
0xf3f40,29,"知らない？
埋められた死体が、",,"No lo sabes?
Un cadaver enterrado,"
0xf3f60,29,"こんな時間に何？
キモダメシ？",,"Que haces a esta hora?
Un juego de valentia?"
0xf3f80,30,（そうユカリ先生は言ってた…）,,"(Eso fue lo que dijo la
profesora Yukari...)"
0xf3fa0,30,そらすことができるからだって。,,"Dicen que asi se puede
desviar."
0xf3fc0,30,そして家中の電気をすべて消す。,,"Y luego apagar todas las
luces de la casa."
0xf3fe0,30,（…それを何回言うんだっけ…）,,"(...Cuantas veces habia
que decir eso...)"
0xf4000,30,（…それを何回言うんだっけ…）,,"(...Cuantas veces habia
que decir eso...)"
0xf4020,30,（…最初は…あなたが…オニ…）,,"(...Primero... tu
eres... el que
busca...)"
0xf4040,30,（…最初は…あなたが…オニ…）,,"(...Primero... tu
eres... el que
busca...)"
0xf4060,30,（…最初は…あなたが…オニ…）,,"(...Primero... tu
eres... el que
busca...)"
0xf4080,30,（あの音……床をひっかく音…）,,"(Ese sonido...... algo
aranando el piso...)"
0xf40a0,30,（今度はどこに行くんだっけ？）,,(A donde iba esta vez?)
0xf40c0,30,（５）家中の電気をすべて消す。,,"(5) Apagar todas las
luces de la casa."
0xf40e0,30,（捨てたビデオテープでした…）,,"(Era la cinta de video
que habian botado...)"
0xf4100,30,えっ？外で待ってるんじゃダメ？,,"Eh? No puedo esperar
afuera y ya?"
0xf4120,30,ね、２人でやったら…ダメなの？,,"Oye, si lo hacemos entre
las dos... no se puede?"
0xf4140,30,よかった…１階に…住んでて…。,,"Que bueno... que
vive... en el primer
piso..."
0xf4160,30,（…最初は…わたしが…オニ…）,,"(...Primero... yo
soy... la que
busca...)"
0xf4180,30,（…最初は…わたしが…オニ…）,,"(...Primero... yo
soy... la que
busca...)"
0xf41a0,30,（…最初は…わたしが…オニ…）,,"(...Primero... yo
soy... la que
busca...)"
0xf41c0,30,（…最初は…わたしが…オニ…）,,"(...Primero... yo
soy... la que
busca...)"
0xf41e0,30,（…最初は…わたしが…オニ…）,,"(...Primero... yo
soy... la que
busca...)"
0xf4200,30,（…最初は…わたしが…オニ…）,,"(...Primero... yo
soy... la que
busca...)"
0xf4220,30,（…最初は…わたしが…オニ…）,,"(...Primero... yo
soy... la que
busca...)"
0xf4240,30,（…最初は…わたしが…オニ…）,,"(...Primero... yo
soy... la que
busca...)"
0xf4260,30,（…最初は…わたしが…オニ…）,,"(...Primero... yo
soy... la que
busca...)"
0xf4280,30,（今度はどこに行くんだっけ？）,,(A donde iba esta vez?)
0xf42a0,30,なんか、いまいち寝れなくって。,,"No se por que no puedo
dormir bien."
0xf42c0,30,（はっ…ノックが鳴り止んだ…）,,"(Ah... los golpes se
detuvieron...)"
0xf42e0,30,かすかに反応が…外からかな…？,,"Hay una leve
reaccion... vendra de
afuera...?"
0xf4300,30,（…あ…塩水、吐いちゃった…）,,"(...Ah... escupi el
agua salada...)"
0xf4320,30,写真撮ってみたら何か写るかも。,,"Si tomamos una foto
puede que salga algo."
0xf4340,30,あはは、うちらと同じってこと？,,"Jaja, osea que es igual
que nosotras?"
0xf4360,30,ヘンな音や声もそのせいだよね。,,"Por eso son los sonidos y
voces raras, no?"
0xf4380,30,なんか、ミョーに親しげじゃん。,,"Que raro, se ven
bastante cercanos."
0xf43a0,30,ほら、マサキ、言ってやりなよ。,,"Vamos, Masaki, dile
algo."
0xf43c0,30,殺人事件なんて起きていないし。,,"Y no ha ocurrido ningun
asesinato."
0xf43e0,30,なんでミズキ、ナイフなんかで！,,"Por que, Mizuki, con un
cuchillo nada menos!"
0xf4400,30,（バスタブにぬいぐるみがある）,,"(Hay un peluche en la
banera)"
0xf4420,30,彼女、入院しちゃったんだって。,,"Dicen que ella termino
hospitalizada."
0xf4440,30,一度、見てもらった方がいいよ。,,"Deberias ir a que te
revisen alguna vez."
0xf4460,30,オノ！？ありえないんだけど…。,,"Un hacha!? No puede
ser..."
0xf4480,30,…わたし、もう信じないから…。,,"...Yo ya no voy a creer
mas..."
0xf44a0,30,じゃあ、今度俺が案内しようか？,,"Entonces, quieres que te
guie yo la proxima vez?"
0xf44c0,30,（このままじっとしていよう…）,,"(Mejor me quedo quieta
asi...)"
0xf44e0,30,（鳴り止まない…どうしよう…）,,"(No deja de sonar...
que hago...)"
0xf4500,30,（鳴り止まない…どうしよう…）,,"(No deja de sonar...
que hago...)"
0xf4520,30,あたし、知らないよ、そんなの。,,Yo no se nada de eso.
0xf4540,30,ホント急すぎ。でも、ありがと。,,"De verdad que es muy
repentino. Pero,
gracias."
0xf4560,30,８８って、たぶん西暦じゃない？,,"El 88 sera del ano, no?"
0xf4580,30,そんな昔に録画したテープが…？,,"Una cinta grabada hace
tanto tiempo...?"
0xf45a0,30,８８は分かるけど…。９は何よ？,,"Entiendo el 88, pero...
el 9 que es?"
0xf45c0,30,何が映っているか気にならない？,,"No te da curiosidad que
hay grabado?"
0xf45e0,30,…なんか、うれしそうじゃない？,,"...No te ves bastante
feliz?"
0xf4600,30,もしかして、この部屋全部が…。,,"Sera que todo este
cuarto..."
0xf4620,30,早く、リビングに行かないと！！,,"Rapido, hay que ir a la
sala!!"
0xf4640,30,どうせ、ナナシかレイカでしょ。,,"De seguro es Nanashi o
Reika."
0xf4660,30,前の人が残していったらしいの。,,"Parece que lo dejo la
persona anterior."
0xf4680,30,水場は霊を呼ぶっていうけどね。,,"Dicen que el agua atrae
a los espiritus."
0xf46a0,31,"いい？
ここからが儀式の始まり。",,"Listo?
De aqui en adelante
empieza el ritual."
0xf46c0,31,"そうする。
ひとまずホリュウで。",,"Asi hare.
Por ahora lo dejo
pendiente."
0xf46e0,32,"９月……？
９月……く…月……。",,"Septiembre...?
Septiembre...ku...
mes..."
0xf4700,31,"海外に出張中。
だから今、１人。",,"Esta de viaje de trabajo
en el extranjero.
Por eso ahora estoy
sola."
0xf4720,31,"他に何か覚えてます？
恋人とか。",,"Recuerda algo mas?
Como si tenia pareja."
0xf4740,31,"はいはい。
オサワガセしました。",,"Si, si.
Perdon por la molestia."
0xf4760,32,今やらないと…ゼッタイ後悔する。,,"Si no lo hago ahora...
seguro me arrepentire."
0xf4784,32,…ぬいぐるみはクマゾウでいっか。,,"...Para el peluche, con
Kumazou basta."
0xf47a8,32,（その理由はわからないままです）,,"(La razon quedo sin
saberse)"
0xf47cc,32,（楽しく過ごすことができました）,,(Pudimos pasarla bien)
0xf47f0,32,１０数えたら、ナイフを持って…。,,"Cuando cuentes hasta
10, toma el cuchillo..."
0xf4814,32,霊がオニになって探し始めるから。,,"Porque el espiritu se
convierte en el buscador
y empieza a buscar."
0xf4838,32,（９）ぬいぐるみをナイフで刺す。,,"(9) Apunalar el peluche
con el cuchillo."
0xf485c,32,あんまりいい加減なこと言うと…。,,"Si sigues diciendo
tonterias..."
0xf4880,32,（今となっては…知ることも……）,,"(Ahora ya... no hay
forma de
saberlo......)"
0xf48a4,32,…ホントにわたしが１人でするの？,,"...De verdad tengo que
hacerlo yo sola?"
0xf48c8,32,わたし…１人でする勇気なんて…。,,"Yo... no tengo el valor
para hacerlo sola..."
0xf48ec,32,（さらにここで使うアイテムは？）,,"(Y ademas, que objeto
uso aqui?)"
0xf4910,32,（さらにここで使うアイテムは？）,,"(Y ademas, que objeto
uso aqui?)"
0xf4934,32,（…最初は…わたしが…かくれる）,,"(...Primero... me
escondo... yo...)"
0xf4958,32,（…最初は…わたしが…かくれる）,,"(...Primero... me
escondo... yo...)"
0xf497c,32,（…最初は…わたしが…かくれる）,,"(...Primero... me
escondo... yo...)"
0xf49a0,32,（…最初は…わたしが…かくれる）,,"(...Primero... me
escondo... yo...)"
0xf49c4,32,（…最初は…わたしが…かくれる）,,"(...Primero... me
escondo... yo...)"
0xf49e8,32,（…最初は…わたしが…かくれる）,,"(...Primero... me
escondo... yo...)"
0xf4a0c,32,（マサキとリコに発見されました）,,"(Masaki y Riko me
encontraron)"
0xf4a30,32,（…最初は…わたしが…かくれる）,,"(...Primero... me
escondo... yo...)"
0xf4a54,32,（…最初は…わたしが…かくれる）,,"(...Primero... me
escondo... yo...)"
0xf4a78,32,（アイテムをバスタブに戻して…）,,"(Devolver el objeto a la
banera...)"
0xf4a9c,32,（さらにここで使うアイテムは？）,,"(Y ademas, que objeto
uso aqui?)"
0xf4ac0,32,（ホントに霊なんて現れるの…？）,,"(De verdad va a
aparecer un
espiritu...?)"
0xf4ae4,32,（えっ…？テレビの音が消えた…）,,"(Eh...? El sonido de la
television
desaparecio...)"
0xf4b08,32,（いったい外はどうなってるの…）,,"(Que estara pasando
afuera...)"
0xf4b2c,32,まだ、なんか見落としてるような。,,"Siento que todavia se me
esta pasando algo."
0xf4b50,32,（マサキとリコに発見されました）,,"(Masaki y Riko me
encontraron)"
0xf4b74,32,（その理由はわからないままです）,,"(La razon quedo sin
saberse)"
0xf4b98,32,リビングなら電波が通じるかも…。,,"En la sala tal vez si haya
senal..."
0xf4bbc,32,…２０年以上…昔からあったな…。,,"...Hace mas de 20
anos... que ya
estaba..."
0xf4be0,32,（やばっ…塩水、吐いちゃった…）,,"(Uy... escupi el agua
salada...)"
0xf4c04,32,だって、本当に流行ったんだから。,,"Es que de verdad se
puso de moda."
0xf4c28,32,じゃあ、あのコと仲良くすれば…。,,"Entonces, si me hago
amiga de ella..."
0xf4c4c,32,（誰かに見られたような感じが…）,,"(Senti como si alguien
me estuviera
mirando...)"
0xf4c70,32,（勝手に蛇口が開いてるなんて…）,,"(Que la llave se abra
sola...)"
0xf4c94,32,魔よけをすれば大丈夫じゃないの？,,"Si usamos un amuleto de
proteccion no estara
bien?"
0xf4cb8,32,（聞こえたような気がしました…）,,"(Senti que lo
escuche...)"
0xf4cdc,32,（今となっては…知ることも……）,,"(Ahora ya... no hay
forma de
saberlo......)"
0xf4d00,32,気になるけど…見ないでおこうよ。,,"Me da curiosidad,
pero... mejor no lo
veamos."
0xf4d24,32,（今となっては…知ることも……）,,"(Ahora ya... no hay
forma de
saberlo......)"
0xf4d48,32,バスタブにぬいぐるみを沈めるの。,,"Hundir el peluche en la
banera."
0xf4d6c,32,ウワサ通り、殺人事件が起きた！！,,"Tal como decia el rumor,
hubo un asesinato!!"
0xf4d90,32,部屋に戻って食塩水を口にふくむ。,,"Volver al cuarto y poner
en la boca el agua
salada."
0xf4db4,32,アルミホイルの箱だけあんなに…。,,"Solo la caja de papel
aluminio, asi de..."
0xf4dd8,32,なんで床下収納に、茶碗と箸だけ？,,"Por que en el
compartimiento bajo el
piso solo hay un tazon y
palillos?"
0xf4dfc,33,"あれ？
マサキがこっちを見てるよ。",,"Eh?
Masaki nos esta
mirando."
0xf4e20,33,"どうしたの？
急にメールなんか…。",,"Que pasa?
De repente un correo..."
0xf4e44,33,"女の名前？
女の名前を言ってんの？",,"El nombre de una mujer?
Estas diciendo el nombre
de una mujer?"
0xf4e68,35,"方位磁針がわたしの部屋を
指してる。",,"La brujula apunta hacia
mi cuarto."
0xf4e8c,35,"心霊現象の真相を
知りたいんでしょ。",,"Quieres saber la verdad
detras de los fenomenos
paranormales, no?"
0xf4eb0,35,"その間、あたしはどうすれば
いいの？",,"Mientras tanto, que se
supone que haga yo?"
0xf4ed4,35,"やってみなきゃ、わかんない
でしょ。",,"No lo vamos a saber si no
lo intentamos, no?"
0xf4ef8,35,"まだ時間あるし…、どうする？
次は？",,"Todavia hay tiempo...
que hacemos? Lo
siguiente?"
0xf4f1c,35,"いいよ。
ビデオの正体も知りたいし。",,"Esta bien. Tambien
quiero saber que es ese
video."
0xf4f40,35,"もぉ、本当に写ってたら
どうするの？",,"Ay, y si de verdad sale
algo, que hacemos?"
0xf4f64,35,"大丈夫だって…。
怖がりなんだから。",,"Te digo que esta bien...
Eres bien miedosa."
0xf4f88,35,"物置って…、
１階の通路の先にある？",,"El deposito... esta al
final del pasillo del
primer piso?"
0xf4fac,35,"ダメ？
あそこホントに怖そうだし…。",,"No se puede? Es que ese
lugar da mucho
miedo..."
0xf4fd0,35,"失礼ね。
ドロボウじゃないんだから。",,"Que grosero. No es que
sea una ladrona."
0xf4ff4,35,"そろそろ転職でも考えよう
かな……。",,"Creo que ya deberia
pensar en cambiar de
trabajo......"
0xf5018,35,"マサキって、
彼女いないんだよね…。",,"Masaki no tiene novia,
verdad..."
0xf503c,35,"でもさ、ミズキ。
仮に幽霊がいても、",,"Pero, Mizuki. Aunque de
verdad hubiera un
fantasma,"
0xf5060,35,"その探知機まんざらでもない
でしょ。",,"Ese detector no es tan
malo, no?"
0xf5084,35,"疲れちゃった…ベッドで休もう
かな。",,"Estoy cansada... creo
que descansare en la
cama."
0xf50a8,35,"気分転換に、お風呂でも
入ろっかな。",,"Para distraerme, creo
que voy a darme un
bano."
0xf50cc,35,"だから殺人事件は起きてない、
以上。",,"Por eso no hubo ningun
asesinato, punto."
0xf50f0,35,"お風呂の水が勝手に流れたり
するの。",,"El agua de la banera a
veces se abre sola."
0xf5114,35,"水道だけじゃないよ。
この前なんか、",,"No es solo el agua. El
otro dia, por ejemplo,"
0xf5138,35,"チェーンメールって、
あのナナシの？",,"Ese correo en cadena es
el de Nanashi?"
0xf515c,35,"玄関のドアの前に置かれて
いたけど。",,"Estaba puesto frente a la
puerta de entrada."
0xf5180,35,"普通なら日付？
８８年９月ってこと？",,"Normalmente seria una
fecha? Osea, septiembre
del 88?"
0xf51a4,35,"何度も言わなくても
分かってるって。",,"No hace falta que lo
repitas, ya lo se."
0xf51c8,35,"だいたい１組の生徒がなんの用
なの？",,"Para empezar, que
quiere un estudiante de
la clase 1?"
0xf51ec,35,"リビングに行って、テレビを
つける。",,"Ir a la sala y encender la
television."
0xf5210,35,"わたしの部屋で…、
カンベンして…。",,"En mi cuarto...
por favor, no..."
0xf5234,35,"やっぱ見なきゃよかった…
ビデオ…。",,"Al final mejor no haber
visto ese video..."
0xf5258,35,"はいはい。
やかんでお湯わかすから。",,"Si, si.
Voy a hervir agua en la
tetera."
0xf527c,35,"ホントは…さっきこんな
メールが…。",,"La verdad es que...
hace un rato llego un
correo asi..."
0xf52a0,35,"ミズキが落ち込んでるかも
しれない、",,"Puede que Mizuki este
deprimida,"
0xf52c4,35,"こっちの方がずっと反応が
いいって。",,"Dicen que por este lado
la reaccion es mucho
mejor."
0xf52e8,35,"この前のは、
燃やしちゃったでしょ。",,"El de la otra vez,
lo quemamos, no?"
0xf530c,37,"ま、もう１回集中してやって
みようよ。",,"Bueno, intentemoslo de
nuevo concentrandonos."
0xf5334,37,"（玄関にはリコとマサキが
　いました）",,"(En la entrada estaban
Riko y Masaki)"
0xf535c,37,"テレビをつける。
画面は砂嵐がベスト。",,"Encender la television.
Lo mejor es que la
pantalla este en
estatica."
0xf5384,37,"ナイフを持ったら、ゆっくりと
浴室へ。",,"Con el cuchillo en mano,
ve despacio al bano."
0xf53ac,37,"さあ、やばいことが
起きるんじゃない？",,"Bueno, no va a pasar
algo malo?"
0xf53d4,37,"じゃあ…リコが帰らないと
ダメなの…？",,"Entonces... Riko tiene
que irse si o si...?"
0xf53fc,37,"死体なんか出てきたら、
どうしよう…。",,"Si aparece un cadaver,
que hago..."
0xf5424,37,"…なんか、外の方が、
出そうって感じ。",,"...Siento que es mas
probable que aparezca
afuera."
0xf544c,37,"まだ。とりあえずホテル暮らし
継続中。",,"Todavia no. Por ahora
sigo viviendo en un
hotel."
0xf5474,37,"ああ。
悲鳴のようなものは聞こえた…。",,"Ah.
Escuche algo parecido a
un grito..."
0xf549c,37,"わたしは早く普通の生活に
戻りたいよ。",,"Yo quiero volver pronto a
una vida normal."
0xf54c4,37,"ごめん、忘れちゃったから、
写させて。",,"Perdon, se me olvido,
dejame copiarlo."
0xf54ec,37,"あの部屋には誰も住んどらん
はずじゃ。",,"Se supone que nadie
vive en ese cuarto."
0xf5514,37,"（昼間、あんなこと言われた
　から…）",,"(Es que de dia me
dijeron algo asi...)"
0xf553c,37,"リビングに行けば電波が通じる
かも…。",,"Si voy a la sala tal vez
haya senal..."
0xf5564,37,"（ご…ごめんね。浴室に
　行かなきゃ）",,"(P-perdon. Tengo que ir
al bano)"
0xf558c,37,"落ち込んでいるんじゃないかと
思って。",,"Pense que quizas estaba
deprimida."
0xf55b4,37,"さっきもお風呂の水が急に
漏れたり…。",,"Hace un rato tambien el
agua de la banera se
filtro de repente..."
0xf55dc,37,"落ち込んでいるんじゃないかと
思って。",,"Pense que quizas estaba
deprimida."
0xf5604,37,"手書きで小さく数字が
書かれている…。",,"Hay numeros escritos a
mano, pequenos..."
0xf562c,37,"他のものはキッチンに
行けばあるかな。",,"Las demas cosas las
encontrare si voy a la
cocina."
0xf5654,37,"２０年前？
古ッ！生まれてないじゃん。",,"Hace 20 anos?
Que viejo! Ni siquiera
habia nacido."
0xf567c,37,"じゃ、リビングのテレビで
見てみよう。",,"Entonces, veamoslo en
la television de la sala."
0xf56a4,37,"…ね、こいつ…何ブツブツ
言ってんの？",,"...Oye, este tipo...
que esta murmurando?"
0xf56cc,37,"（その足で近くの交番に
　駆け込んだ）",,"(Desde ahi mismo corrio
a la comisaria cercana)"
0xf56f4,37,"そんなことないよ。
心配してんじゃん。",,"Eso no es cierto.
Es que estoy
preocupada."
0xf571c,37,"ね、これ見て。
またナナシから来たの。",,"Oye, mira esto.
Llego otro de Nanashi."
0xf5744,37,"早く原因を解明して安心させたい
って。",,"Dice que quiere resolver
la causa pronto para que
este tranquila."
0xf576c,37,"生徒たちから聞いたわ。
大変だったね。",,"Me entere por los
alumnos.
La debes haber pasado
mal."
0xf5794,39,"明け方、リコはあきらめて帰宅
しました。",,"Al amanecer, Riko se
rindio y volvio a casa."
0xf57bc,39,"こうなったら“ひとりかくれんぼ”
で…。",,"Ya que llegamos a esto,
con el
hitorikakurenbo..."
0xf57e4,39,"早くリビングの火を消さないと
やべぇぞ。",,"Hay que apagar el fuego
de la sala rapido o sera
grave."
0xf580c,39,"そしてバスタブに、ぬいぐるみを
入れる。",,"Y luego meter el peluche
en la banera."
0xf5834,39,"（あのベッドの下から…
　聞こえた声…）",,"(Esa voz que se
escuchaba... debajo de
la cama...)"
0xf585c,39,"オニの気分になって、あたりを
探すのね。",,"Poniendote en el papel
del buscador, revisas
alrededor."
0xf5884,39,"これじゃない。
クマゾウを沈めないと…。",,"No es este.
Tengo que hundir a
Kumazou..."
0xf58ac,39,"３回言って、ぬいぐるみをナイフで
刺す。",,"Decirlo 3 veces y
apunalar el peluche con
el cuchillo."
0xf58d4,39,"（部屋全体が霊の力を弱める
　効果を…）",,"(Todo el cuarto tiene el
efecto de debilitar el
poder del espiritu...)"
0xf58fc,39,"完全に１人にならないと成功
しないって。",,"Dicen que no funciona si
no estas completamente
sola."
0xf5924,39,"まだ協力してもらいたいことも
あるから。",,"Es que todavia hay algo
en lo que quiero que me
ayudes."
0xf594c,39,"じゃあさ、横にいてくれるだけで
いいよ。",,"Entonces, con que te
quedes a mi lado basta."
0xf5974,39,"みんな…消えた…。
誰もしらんのじゃ…。",,"Todos...
desaparecieron...
Nadie sabe nada..."
0xf599c,39,"『押し入れにいる時は
物音に注意してね。",,"Cuando estes en el
armario, ten cuidado con
los ruidos."
0xf59c4,39,"（あれ……？
　テレビの音が…消えた…）",,"(Eh......? El sonido de
la television...
desaparecio...)"
0xf59ec,39,"…ね、この探知機、外でも
使えるのかな。",,"...Oye, este detector
se podra usar afuera
tambien?"
0xf5a14,39,"その幽霊、１階に住んでる
おばあちゃんの",,"Ese fantasma, de la
abuela que vive en el
primer piso,"
0xf5a3c,39,"ずっと、ここにあるんですか？
物置って。",,"El deposito ha estado
siempre aqui?"
0xf5a64,39,"前の大家が死んでから…放置
されとる…。",,"Desde que murio el
dueno anterior... quedo
abandonado..."
0xf5a8c,39,"それよかミズキ、新しい家は
決まったの？",,"Mas importante, Mizuki,
ya decidiste la casa
nueva?"
0xf5ab4,39,"（まだ、ちょっと様子を見たほう
　が…）",,"(Todavia sera mejor
esperar un poco a ver
que pasa...)"
0xf5adc,39,"（ダメだ…いつまでも
　隠れていたら…）",,"(No sirve... si me
quedo escondida para
siempre...)"
0xf5b04,39,"それとも逃げだしたペットが
迷い込んだ？",,"O sera que se metio una
mascota que se escapo?"
0xf5b2c,39,"えっ、悲鳴？
どこから聞こえたんですか？",,"Eh, un grito?
De donde vino?"
0xf5b54,39,"それより…ミズキ、数学の宿題
やってる？",,"Mas importante...
Mizuki, ya hiciste la
tarea de matematicas?"
0xf5b7c,39,"くらたゆみこ……？
くらた…くらた……。",,"Kurata Yumiko......?
Kurata...
Kurata......"
0xf5ba4,39,"その事件があってから、
マンションでは、",,"Desde que ocurrio ese
incidente, en el edificio,"
0xf5bcc,39,"何かがおかしい…。
何かが…起きてる…。",,"Algo esta mal...
Algo... esta
pasando..."
0xf5bf4,39,"あのな、リコ。
あれはただのウワサだろ。",,"Mira, Riko.
Eso es solo un rumor."
0xf5c1c,39,"あ、そっか、キモダメシ
したいんでしょ？",,"Ah, ya veo, quieres
hacer un juego de
valentia, no?"
0xf5c44,39,"ははっ、図星だ。
相変わらずコドモだね。",,"Jaja, en el blanco.
Sigues siendo una nina,
como siempre."
0xf5c6c,39,"うん………。
……こっちは心配しないで。",,"Si.........
......No te preocupes
por mi."
0xf5c94,39,"（いまはしっかりとまっている
　みたい）",,"(Parece que ahora esta
bien detenido)"
0xf5cbc,39,"（今日は勉強する気分じゃない
　なぁ…）",,"(Hoy no tengo ganas de
estudiar...)"
0xf5ce4,39,"（ここで、やらなきゃいけない
　のは…）",,"(Lo que tengo que hacer
aqui es...)"
0xf5d0c,39,"圏外…って……。
早くかけ直さないと…。",,"Sin senal... Tengo que
volver a llamar
rapido..."
0xf5d34,39,"…ただ男があまりにしつこく
迫ったから、",,"...Pero como el hombre
insistio demasiado,"
0xf5d5c,39,"ビデオはリビングにあるから
ついてきて。",,"El video esta en la sala,
ven conmigo."
0xf5d84,39,"マンションが古いせいかなぁ、
やっぱり。",,"Sera porque el edificio es
viejo, despues de todo."
0xf5dac,39,"ただ心霊写真が撮りたいだけ
じゃないの？",,"No es que solo quieras
tomar una foto de
fantasmas?"
0xf5dd4,39,"俺は…ユウタに、そう教えられた
けど…。",,"A mi... me lo enseno
Yuuta, pero..."
0xf5dfc,39,"（やっぱりダメ…怖くて
　のぞけない…）",,"(No puedo... me da
tanto miedo que no
puedo mirar...)"
0xf5e24,39,"ヒドイ言い方。
わたしだって女の子だよ。",,"Que forma tan cruel de
decirlo.
Yo tambien soy una
chica."
0xf5e4c,39,"（幽霊じゃない…本物の人間が
　いる！）",,"(No es un fantasma...
hay una persona de
verdad!)"
0xf5e74,39,"お兄ちゃんが妹の部屋に
入っているとか。",,"Como que el hermano
mayor entra al cuarto de
su hermana."
0xf5e9c,39,"さ、ケーキでも食べよ。
コーヒーでいい？",,"Bueno, comamos pastel.
Esta bien el cafe?"
0xf5ec4,39,"とにかく家の中をくまなく調べて
みよう。",,"En fin, revisemos toda la
casa de arriba a abajo."
0xf5eec,39,"ケータイの３本柱でも多少は
わかるけど、",,"Con las 3 barras del
celular se puede saber
algo, pero,"
0xf5f14,39,"すべての都市伝説には、必ず真実が
ある。",,"Toda leyenda urbana
siempre tiene algo de
verdad."
0xf5f3c,39,"しょうがないなあ、
つきあってあげるよ。",,"No hay remedio.
Te acompano."
0xf5f64,39,"ね、リコ、コックリさんの紙、
持ってる？",,"Oye, Riko, tienes el
papel de Kokkuri-san?"
0xf5f8c,39,"うん…。
コインに…指を乗せて力を抜く。",,"Si...
Pon el dedo en la
moneda... y relajate."
0xf5fb4,41,"うん、まあね。
ナナシ・バージョンだけど。",,"Si, mas o menos.
Pero es la version de
Nanashi."
0xf5fe0,41,"（わたし…、“ひとりかくれんぼ”
　を…）",,"(Yo... voy a hacer el
hitorikakurenbo...)"
0xf600c,41,"ナイフ、お米、食塩水、赤い糸、
ぬい針…。",,"Cuchillo, arroz, agua
salada, hilo rojo, aguja
de coser..."
0xf6038,41,"必要なものをキッチンへ取りに
いかなきゃ。",,"Tengo que ir a la cocina
por lo que necesito."
0xf6064,41,"（…それに…ナナシとの約束を
　破って、）",,"(...Ademas... rompi la
promesa con Nanashi,)"
0xf6090,41,"携帯はわたしの机に置きっぱなし
だっけ…。",,"El celular lo deje sobre
mi escritorio..."
0xf60bc,41,"（そしてバスタブに沈めるアイテム
　は…）",,"(Y el objeto que hundo
en la banera es...)"
0xf60e8,41,"かくれんぼだからね。
見つからないように。",,"Es un juego de
escondidas.
Para que no me
encuentren."
0xf6114,41,"きっと霊の正体のヒントがあるはず
だから。",,"Porque seguro que hay
una pista sobre la
identidad del espiritu."
0xf6140,41,"とりあえず今はぬいぐるみを
出しておいて。",,"Por ahora deja el
peluche listo."
0xf616c,41,"（１３）霊の気配が消えたら、
浴室に行く。",,"(13) Cuando la
presencia del espiritu
desaparezca, ve al
bano."
0xf6198,41,"だいたい覚えてるから大丈夫。
さ、やろう。",,"Mas o menos me lo
acuerdo, tranquila.
Bueno, hagamoslo."
0xf61c4,41,"それに…リコにもせっかく来て
もらったし、",,"Ademas... ya que Riko
vino hasta aqui,"
0xf61f0,41,"ひとりかくれんぼのチェンメは
転送したの？",,"Reenviaste la cadena del
hitorikakurenbo?"
0xf621c,41,"（米を入れて縫い合わせた
　ぬいぐるみを）",,"(El peluche al que le
meti arroz y cosi)"
0xf6248,41,"（そしてバスタブに沈める
　アイテムは…）",,"(Y el objeto que hundo
en la banera es...)"
0xf6274,41,"テレビと照明を消すのはどっちが
先だっけ？",,"Cual iba primero, apagar
la television o la luz?"
0xf62a0,41,"（霊となってなお自分に偏執的に
　迫る、）",,"(Aun convertido en
espiritu, la acosa de
forma obsesiva,)"
0xf62cc,41,"（それでよかったんだ…と
　今は思います）",,"(Ahora pienso que
estuvo bien asi)"
0xf62f8,41,"（また霊の動きが活発になったと
　いう…）",,"(Dicen que la actividad
del espiritu se volvio a
intensificar...)"
0xf6324,41,"もう一度、マンションの中を
調べてみない？",,"Que tal si revisamos el
edificio una vez mas?"
0xf6350,41,"わかんないよ、花壇に埋められて
たりとか。",,"No se sabe, tal vez la
enterraron en un jardin
o algo asi."
0xf637c,41,"うちのマンション、花壇なんか
ありません。",,"En mi edificio no hay
ningun jardin."
0xf63a8,41,"あの子はああ言っていたけど…。
どうする？",,"Ella dijo eso, pero...
que hacemos?"
0xf63d4,41,"なんかミョーな視線を感じることも
あるし。",,"Ademas a veces siento
una mirada rara."
0xf6400,41,"もう、ヘンなこと言って
おどかさないでよ。",,"Ya, no me asustes
diciendo cosas raras."
0xf642c,41,"たしか…今も犯人捕まって
ないんじゃない？",,"Creo que... todavia no
atraparon al culpable,
no?"
0xf6458,41,"あ、いやっ、その、…なんでも
ないから…。",,"Ah, no, este... no es
nada..."
0xf6484,41,"よかった。　突然切れたから、
ビビったよ。",,"Que bueno.
Se corto de repente y me
asuste."
0xf64b0,41,"それ、怖いって言うより、
危ないんじゃ…。",,"Mas que dar miedo, eso
es peligroso..."
0xf64dc,41,"それ、怖いっていうより、
危ないんじゃ…。",,"Mas que dar miedo, eso
es peligroso..."
0xf6508,41,"わたしはカンベン。
怖い目に遭うのはイヤ。",,"Yo paso.
No quiero pasar un mal
rato."
0xf6534,41,"だいたいそのマンションで殺人事件
なんて、",,"Para empezar, que haya
habido un asesinato en
ese edificio,"
0xf6560,41,"今度こそ、心霊現象の正体、
見つけてやる。",,"Esta vez si voy a
descubrir la verdad
detras del fenomeno
paranormal."
0xf658c,41,"（ビデオテープを捨てたゴミ箱
　でした…）",,"(Era el basurero donde
habian botado la cinta de
video...)"
0xf65b8,41,"…タオルで拭いたけど、さすがに
燃やすのに",,"...Lo limpie con una
toalla, pero para
quemarlo,"
0xf65e4,41,"あたりをうろうろしてから浴室に
戻る…と。",,"Deambular por ahi y
luego volver al bano...
y."
0xf6610,41,"わたしはぁ…食べたく…
なっちゃったな…。",,"A mi... me dieron
ganas... de comer..."
0xf663c,41,"この部屋、どう見ても…女の部屋
だよね…？",,"Se mire como se mire,
este es el cuarto de una
mujer, no?"
0xf6668,41,"いまさら誰がなんのために置いて
いったの？",,"Quien lo dejo ahi y para
que, a estas alturas?"
0xf6694,41,"方位磁針、あまり役に立たなかった
ようね。",,"Parece que la brujula no
sirvio de mucho."
0xf66c0,41,"なんか…どうしていいか
わからなくって…。",,No sabia que hacer...
0xf66ec,43,"（すべての都市伝説には必ず真実が
　ある…）",,"(Toda leyenda urbana
siempre tiene algo de
verdad...)"
0xf6718,43,"台所の炎が段ボールに引火して
手に負えない！",,"El fuego de la cocina
prendio las cajas de
carton y no se puede
controlar!"
0xf6744,43,"次に、そのぬいぐるみを持って、
浴室へ行く。",,"Luego, toma ese peluche
y ve al bano."
0xf6770,43,"じゃあ、“ひとりかくれんぼ”を
始めます…。",,"Bueno, voy a empezar el
hitorikakurenbo..."
0xf679c,43,"で…バスタブに、ぬいぐるみを
入れた後は…。",,"Y... despues de meter
el peluche en la
banera..."
0xf67c8,43,"（ユミコはストーカーに
　殺されたんでしょ）",,"(A Yumiko la mato el
acosador, no?)"
0xf67f4,43,"（壁紙が熱ではがれて、
　アルミホイルが…）",,"(El papel de la pared se
despego por el calor, y
el aluminio...)"
0xf6820,43,"あとは音を立てずに、霊が
出てくるのを待つ。",,"Despues, sin hacer
ruido, espera a que
aparezca el espiritu."
0xf684c,43,"あと、押し入れにいる時は物音に
注意してね。",,"Ademas, cuando estes
en el armario, ten
cuidado con los ruidos."
0xf6878,43,"最後に『あたしの勝ち』と心の中で
３回言う。",,"Al final, di en tu mente
Yo gane 3 veces."
0xf68a4,43,"（２）ぬいぐるみに
『最初はあたしがオニ』と",,"(2) Dile al peluche
Primero yo soy la que
busca,"
0xf68d0,43,"（４）テレビだけつけて、
画面を砂嵐にする。",,"(4) Encender solo la
television y poner la
pantalla en estatica."
0xf68fc,43,"（６）目をつむったら、
心の中で１０数える。",,"(6) Al cerrar los ojos,
contar hasta 10 en tu
mente."
0xf6928,43,"（お風呂に沈めたアイテムを手に
　とって…）",,"(Tomar el objeto que
hundi en la banera...)"
0xf6954,43,"なら、いいんじゃない。
今すぐじゃなくても。",,"Entonces esta bien.
No hace falta que sea
ahora mismo."
0xf6980,43,"（お風呂に沈めたアイテムを手に
　とって…）",,"(Tomar el objeto que
hundi en la banera...)"
0xf69ac,43,"じゃあ、“ひとりかくれんぼ”
を始めます…。",,"Bueno, voy a empezar el
hitorikakurenbo..."
0xf69d8,43,"（バスタブは、水を張ったままに
　なってる）",,"(La banera sigue con el
agua puesta)"
0xf6a04,43,"（霊の注意をそらせたら…次に
　目を閉じて）",,"(Cuando distraiga al
espiritu... luego cierro
los ojos)"
0xf6a30,43,"（お風呂に沈めたアイテムを
　手にとって…）",,"(Tomar el objeto que
hundi en la banera...)"
0xf6a5c,43,"（わたしは不安な一夜を、わりと
　楽しく、）",,"(Pase esa noche de
inquietud, bastante
bien,)"
0xf6a88,43,"きっと霊の正体のヒントがある
はずだから。』",,"Porque seguro que hay
una pista sobre la
identidad del espiritu."
0xf6ab4,43,"まだ夏場だし、死体が起き上がって
くるかも。",,"Todavia es verano,
puede que el cadaver se
levante."
0xf6ae0,43,"１階の庭は、わたしたちが
引っ越してくる前に",,"El jardin del primer piso,
antes de que nos
mudaramos,"
0xf6b0c,43,"（なぜ男がベッドの下に隠れていた
　のか、）",,"(Por que el hombre
estaba escondido bajo la
cama,)"
0xf6b38,43,"でも、あのばあちゃん、
ずっと寝たきりだろ。",,"Pero, esa anciana,
esta postrada en cama
todo el tiempo."
0xf6b64,43,"（でも…わたしは…どんなことが
　あっても）",,"(Pero... yo... pase lo
que pase)"
0xf6b90,43,"…あ、その…。
こ、この物置が気になって…。",,"...Ah, este...
e-es que este deposito
me da curiosidad..."
0xf6bbc,43,"２０年ぐらい前に、住んでいた人
ですけど…。",,"Es alguien que vivio aqui
hace unos 20 anos..."
0xf6be8,43,"安心しちゃってちゃんとカギを
かけないから。",,"Como se confia, no
cierra bien la llave."
0xf6c14,43,"そうだよね、不安で妄想とか入って
いたかも、",,"Es cierto, tal vez por la
ansiedad se le mezclo la
imaginacion,"
0xf6c40,43,"ただ男が…玄関の前をうろうろ
していたな…。",,"Solo que un hombre...
andaba rondando frente
a la entrada..."
0xf6c6c,43,"あそこ幽霊マンションで有名
だったんだから。",,"Ese edificio era famoso
por ser un edificio
embrujado."
0xf6c98,43,"若い女の住民が、ストーカーに
殺される事件が",,"Un caso donde una
residente joven fue
asesinada por un
acosador,"
0xf6cc4,43,"（なぜ男がベッドの下に隠れていた
　のか、）",,"(Por que el hombre
estaba escondido bajo la
cama,)"
0xf6cf0,43,"（でも…わたしは…どんなことが
　あっても）",,"(Pero... yo... pase lo
que pase)"
0xf6d1c,43,"別にあんたたちに用があるわけ
じゃないから。",,"No es que tenga algo que
ver con ustedes."
0xf6d48,43,"…思い切って聞いちゃった。
殺人事件のこと。",,"...Me arme de valor y
pregunte.
Sobre el asesinato."
0xf6d74,43,"マンションが古いせいなのかなぁ、
やっぱり。",,"Sera porque el edificio es
viejo, despues de todo."
0xf6da0,43,"“心霊現象”の正体も分かったし、
安心した。",,"Ya se supo la verdad
detras del fenomeno
paranormal, y me quede
tranquila."
0xf6dcc,43,"“心霊現象”の正体も分かったし、
安心した。",,"Ya se supo la verdad
detras del fenomeno
paranormal, y me quede
tranquila."
0xf6df8,43,"ったく、ヘンな言いがかりをつけて
くるよな。",,"De verdad que nos
acusan de cosas raras."
0xf6e24,43,"（建物のきしみとは違う…。
　なんの音…？）",,"(No es el crujido del
edificio... que sonido es
ese...?)"
0xf6e50,43,"うん。いつも一緒に寝てるクマの
ぬいぐるみ。",,"Si. El peluche de oso con
el que siempre duermo."
0xf6e7c,43,"撮ってもいいけど、どうせ何にも
写んないよ。",,"Puedes tomarla, pero de
todos modos no va a salir
nada."
0xf6ea8,43,"ま、たしかにお部屋探しは慎重に
しないとね。",,"Bueno, es cierto que hay
que tener cuidado al
buscar cuarto."
0xf6ed4,43,"（マンションを飛び出した
　わたしたちは、）",,"(Nosotros, que salimos
corriendo del edificio,)"
0xf6f00,43,"（ナナシのチェーンメールもあった
　らしい）",,"(Parece que tambien
hubo una cadena de
Nanashi)"
0xf6f2c,43,"信じてないみたいだし、自分で
やってみなよ。",,"Parece que no me crees,
mejor intentalo tu
misma."
0xf6f58,43,"台所の炎が段ボールに引火して
手に負えない！",,"El fuego de la cocina
prendio las cajas de
carton y no se puede
controlar!"
0xf6f84,43,"見たい番組があるの。もうすぐ
始まっちゃう。",,"Hay un programa que
quiero ver. Ya va a
empezar."
0xf6fb0,43,"この押入れ…、なんか…
気になるんだよね…。",,"Este armario... no
se... me da
curiosidad..."
0xf6fdc,43,"（…………ホントに…事件は解決
　したの？）",,"(.........De
verdad... se resolvio el
caso?)"
0xf7008,43,"次にリビング、その後にまた浴室
に行って…。",,"Luego a la sala, y
despues otra vez al
bano..."
0xf7034,45,"…コックリさん、コックリさん、
……えーと…。",,"...Kokkuri-san,
Kokkuri-san,......a
ver..."
0xf7064,45,"もし現れましたら、『はい』に
進んでください。",,"Si aparece, por favor
avance hacia el Si."
0xf7094,45,"それで、目をつむったら、
心の中で１０数える。",,"Y luego, al cerrar los
ojos, contar hasta 10 en
tu mente."
0xf70c4,45,"（霊が…なんで自分の名前を
　呼んでいるの？）",,"(El espiritu... por que
dice mi nombre?)"
0xf70f4,45,"（１５）『あたしの勝ち』と心の中
で３回言う。",,"(15) Decir en tu mente
Yo gane 3 veces."
0xf7124,45,"（でも…リコとマサキが遊びに
　来てくれて、）",,"(Pero... Riko y Masaki
vinieron a visitarme,)"
0xf7154,45,"（霊は魔よけの封印を解かせようと
　したり、）",,"(El espiritu intentaba
que rompiera el sello del
amuleto,)"
0xf7184,45,"（自分の死体の場所をわから
　せようとして、）",,"(Trataba de hacerme
saber donde estaba su
cadaver,)"
0xf71b4,45,"あたし、疲れちゃった。
ミズキ、１人で調べて。",,"Yo ya me canse.
Mizuki, investiga tu
sola."
0xf71e4,45,"ほら、髪型とかファッション、
ちゃんとすれば。",,"Vamos, si te arreglas
bien el peinado y la
ropa."
0xf7214,45,"友達はゼッタイ幽霊だって
言ってたけどなあ…。",,"Mi amiga decia que
seguro era un
fantasma..."
0xf7244,45,"なんか、おかしなことは、
起きなかったですか？",,No paso nada raro?
0xf7274,45,"…知らなかった。ごめんね、
変なこと聞いて…。",,"...No lo sabia.
Perdon por preguntar
algo raro..."
0xf72a4,45,"でもさ、初めての１階で不安かも
しれないけど、",,"Pero, se que da algo de
miedo ser tu primera vez
en el primer piso, pero,"
0xf72d4,45,"ああ、ユミちゃん。
素直ないい娘さんじゃった。",,"Ah, Yumi-chan.
Era una chica buena y
honesta."
0xf7304,45,"やっぱり…気になる。
ここで殺人起きたのか…。",,"Al final... me da
curiosidad.
Aqui fue donde ocurrio el
asesinato..."
0xf7334,45,"同窓会でまた八木先生に
しかられないようにね。",,"Cuidado con que te
vuelva a reganar el
profesor Yagi en la
reunion."
0xf7364,45,"（古いマンションって…みんな、
　こうなの？）",,"(Sera que todos los
edificios viejos son asi?)"
0xf7394,45,"（そもそも“ひとりかくれんぼ”
　って何…？）",,"(Para empezar, que es
el hitorikakurenbo...?)"
0xf73c4,45,"（またナナシからのメール…
　しつこいなあ…）",,"(Otro correo de
Nanashi... que
insistente...)"
0xf73f4,45,"いや、昼間、リコが変なことを
言っていたから、",,"No, es que de dia Riko
dijo algo raro,"
0xf7424,45,"いや、昼間、リコが変なことを
言っていたから、",,"No, es que de dia Riko
dijo algo raro,"
0xf7454,45,"キッチンのガスの火が急に大きく
なったりして、",,"El fuego del gas de la
cocina de repente se hizo
mas grande,"
0xf7484,45,"さっきもまたヘンなチェーンメール
が来てたよ。",,"Hace un rato tambien
llego otro correo en
cadena raro."
0xf74b4,45,"俺は、一人暮らしの女子大生と友達
の話だった。",,"A mi me toco la historia
de una universitaria que
vivia sola y su amiga."
0xf74e4,45,"“８８−０９”？
そんな住所、この辺にないよ。",,"88-09?
No existe esa direccion
por aqui."
0xf7514,45,"（死が近づいた…その時頭を
　よぎったのは…）",,"(Cuando la muerte se
acercaba... lo que paso
por mi mente fue...)"
0xf7544,45,"要は、その女の霊を成仏させれば
いいんでしょ。",,"En resumen, basta con
hacer que el espiritu de
esa mujer descanse en
paz, no?"
0xf7574,45,"（今晩、一人きりになるわたしを
　心配して、）",,"(Preocupados por que
esta noche yo estaria
completamente sola,)"
0xf75a4,45,"やっぱり…コックリさんの方が
まだマシかな…。",,"Al final... tal vez
Kokkuri-san sea menos
malo..."
0xf75d4,45,"じゃあ、始めよ。
今度はミズキが言ってみなよ。",,"Bueno, empecemos.
Esta vez dilo tu, Mizuki."
0xf7604,47,"もし…もし現れたら、『はい』に
進んでください。",,"Si... si aparece, por
favor avance hacia el Si."
0xf7634,47,"わたしもほとんど寝ないまま、
学校へ行きました。",,"Yo tambien fui a la
escuela casi sin dormir."
0xf7664,47,"『２４時間以内に実行すればいい
　んじゃない？』",,"Con hacerlo dentro de 24
horas basta, no?"
0xf7694,47,"全部、キッチンにありそうだから、
取ってくるね。",,"Parece que todo esta en
la cocina, voy a traerlo."
0xf76c4,47,"（これから、わたしの身に
　何が起きるのか…、）",,"(Que me iba a pasar de
ahora en adelante...,)"
0xf76f4,47,"手にとって『見いつけた』と
心の中でつぶやいて、",,"Tomarlo y susurrar en tu
mente Te encontre,"
0xf7724,47,"（最期の時……わたしの脳裏を
　かすめたのは、）",,"(En mis ultimos
momentos...... lo que
paso por mi mente fue,)"
0xf7754,47,"（１２）急いでコップの塩水を口に
入れて隠れる。",,"(12) Rapido, ponte en
la boca el agua salada
del vaso y escondete."
0xf7784,47,"（目を開けてから…今度はどこに
　行くんだっけ）",,"(Despues de abrir los
ojos... a donde iba esta
vez?)"
0xf77b4,47,"（ミイラの正体はやはりビデオの
　ストーカー男）",,"(La momia resulto ser el
acosador del video,
despues de todo)"
0xf77e4,47,"（彼女は、当時つきあっていた
　ストーカー男と）",,"(Ella, con el acosador
con el que salia en ese
entonces,)"
0xf7814,47,"（目を開けてから…今度はどこに
　行くんだっけ）",,"(Despues de abrir los
ojos... a donde iba esta
vez?)"
0xf7844,47,"（アイテムをバスタブに戻した後、
　行くのは…）",,"(Despues de devolver el
objeto a la banera, a
donde voy...)"
0xf7874,47,"（ひょっとして…、閉じこめられた
　地中から…）",,"(Sera que... desde
bajo tierra donde quedo
encerrado...)"
0xf78a4,47,"（その夜、２人は朝まで一緒に
　いてくれました）",,"(Esa noche, los dos se
quedaron conmigo hasta
el amanecer)"
0xf78d4,47,"どうしたの？眠そうな顔して。
ネットのやりすぎ？",,"Que te pasa? Tienes cara
de sueno.
Usaste mucho internet?"
0xf7904,47,"たしか……、いちまる…ナン…
号室…だったか…。",,"Creo que...... era el
cuarto uno cero...
algo..."
0xf7934,47,"１人でいると、台所でガタッ…て
音がするだけで、",,"Cuando estoy sola, solo
con que suene un ruido
en la cocina,"
0xf7964,47,"（その夜、２人は朝まで一緒に
　いてくれました）",,"(Esa noche, los dos se
quedaron conmigo hasta
el amanecer)"
0xf7994,47,"ユミちゃん、秋頃に突然…姿が
見えなくなった…。",,"Yumi-chan, como en
otono, de repente...
desaparecio..."
0xf79c4,47,"わたし、彼女と同じ１０３号室に
住んでるんです。",,"Yo vivo en el mismo
cuarto 103 que ella."
0xf79f4,47,"あの３人、同じ学校だってさ。
ここ桐塚が地元の。",,"Esos tres van a la misma
escuela.
Son de aqui, de
Kirizuka."
0xf7a24,47,"（ドアを開けて、わたしがいること
　だけでも、）",,"(Con solo abrir la puerta
y saber que yo estaba
ahi,)"
0xf7a54,47,"うちの小学校で流行った幽霊
マンションのウワサ、",,"El rumor del edificio
embrujado que se puso
de moda en mi primaria,"
0xf7a84,47,"それを聞いて、安心した…。
……ありがと………。",,"Al oir eso, me quede
tranquila...
......Gracias......"
0xf7ab4,47,"もうさ…終了のおまじないまで
ハラハラだったよ。",,"De verdad... hasta el
hechizo final me tuvo con
el corazon en la mano."
0xf7ae4,47,"（もう、わかったから。出れば
　いいんでしょ…）",,"(Ya entendi. Con salir
basta, no...?)"
0xf7b14,47,"（死が近づいた…わたしの目に
　映ったのは…、）",,"(Cuando la muerte se
acercaba... lo que
vieron mis ojos fue...,)"
0xf7b44,47,"気になるけど…。
夜、眠れなくなるとかイヤだし。",,"Me da curiosidad,
pero...
no quiero terminar sin
poder dormir de noche."
0xf7b74,47,"（火はわたしの部屋の一部と
　リビングを焼き、）",,"(El fuego quemo parte
de mi cuarto y la sala,)"
0xf7ba4,49,"…あの怪しいビデオテープは
いったい何だったのか。",,"...Que era en realidad
esa cinta de video tan
sospechosa."
0xf7bd8,49,"（隠れていたのか…その理由は
　わからないまま…）",,"(Por que se escondia...
la razon quedo sin
saberse...)"
0xf7c0c,49,"（バスタブには昨日のまま、水が
　少し張られてる）",,"(La banera sigue igual
que ayer, con un poco
de agua)"
0xf7c40,49,"そして、ぬいぐるみを見て、
『次はあなたがオニ』と",,"Y luego, mirando al
peluche, decir Ahora te
toca ser el buscador,"
0xf7c74,49,"ナイフを抜いて、ぬいぐるみを
バスタブに戻したら、",,"Saca el cuchillo,
devuelve el peluche a la
banera, y luego,"
0xf7ca8,49,"でも、たまに、ぬいぐるみが
移動してる時があるから",,"Pero, a veces el peluche
se mueve de lugar, asi
que"
0xf7cdc,49,"（３）バスタブにぬいぐるみを
入れて、風呂を出る。",,"(3) Meter el peluche en
la banera y salir del
bano."
0xf7d10,49,"（１０）『次はあなたがオニ』と
心の中で３回言う。",,"(10) Decir en tu mente
Ahora te toca ser el
buscador 3 veces."
0xf7d44,49,"（結局、“ひとりかくれんぼ”
　はうまくいかず、）",,"(Al final, el
hitorikakurenbo no salio
bien,)"
0xf7d78,49,"（うっ…あぶない…口の水、
　飲みそうになった…）",,"(Uh... casi... por poco
me trago el agua de la
boca...)"
0xf7dac,49,"（…引っかく…音？…なにを
　引っかいてるの…？）",,"(...Un sonido... de
rasguno? ...que estara
rasgunando...?)"
0xf7de0,49,"大気の熱で筋肉が収縮して
ムクムク起き上がるって。",,"Dicen que el calor del
ambiente contrae los
musculos y hace que se
levante poco a poco."
0xf7e14,49,"（必死にはい出ようとした…、
　その音なのかも…）",,"(Puede que sea el sonido
de alguien tratando
desesperadamente de
salir arrastrandose...)"
0xf7e48,49,"（マンションで起きる怪奇現象の
　謎や霊の正体、）",,"(El misterio de los
fenomenos extranos del
edificio, y la identidad
del espiritu,)"
0xf7e7c,49,"まあねえ、たしかに防犯のこと
を考えると１階は…。",,"Bueno, es cierto que
pensando en la
seguridad, el primer
piso..."
0xf7eb0,49,"あの頃は…、近所にも…自慢の
マンションだった…。",,"En esa epoca... era un
edificio del que el
vecindario se
enorgullecia..."
0xf7ee4,49,"うん…小学校の時、交通事故で
死んじゃったから…。",,"Si... porque murio en
un accidente de transito
cuando estaba en
primaria..."
0xf7f18,49,"（マンションで起きる怪奇現象の
　謎や霊の正体、）",,"(El misterio de los
fenomenos extranos del
edificio, y la identidad
del espiritu,)"
0xf7f4c,49,"変な音や声を耳にするように
なったってウワサだよ。",,"Es un rumor de que
empezaron a oirse
sonidos y voces raras."
0xf7f80,49,"幽霊やヘンな音もすべて勘違い
だったって聞いたよ。",,"Escuche que lo del
fantasma y los sonidos
raros fue todo un
malentendido."
0xf7fb4,49,"あとさ…ウワサで聞いたんだけど、
…この部屋で…、",,"Ademas... escuche por
rumores que... en este
cuarto..."
0xf7fe8,49,"（お母さんが戻ってきたら、
　ちゃんと言わなきゃ）",,"(Cuando mama vuelva,
tengo que contarle bien)"
0xf801c,49,"着信？あ、ケータイ、部屋に置いた
ままだったっけ。",,"Una llamada? Ah, deje el
celular en mi cuarto."
0xf8050,49,"ストーカーのようなトラブルは昔
あったらしいけど、",,"Parece que en el pasado
hubo problemas con un
acosador, pero,"
0xf8084,49,"（電波が悪そうだから、リビングに
　行って話そう）",,"(Como la senal parece
mala, voy a la sala a
hablar)"
0xf80b8,49,"ひょっとして…ずっと昔からこの
土地にいた霊かも。",,"Sera que es un espiritu
que ha estado en este
lugar desde hace mucho
tiempo."
0xf80ec,49,"わたしの部屋はちらかってるから、
リビングに行こ。",,"Mi cuarto esta
desordenado, vamos a la
sala."
0xf8120,49,"わたしが昔聞いたのは、留守番を
している姉妹の話。",,"Lo que yo escuche hace
tiempo fue la historia de
unas hermanas que
cuidaban la casa."
0xf8154,49,"わたしもこの桐塚のことをもっと
よく知らないとね。",,"Yo tambien deberia
conocer mejor este
lugar, Kirizuka."
0xf8188,49,"…あれ？“ひとりかくれんぼ”の
終わらせ方って…。",,"...Eh? Como se
terminaba el
hitorikakurenbo..."
0xf81bc,49,"たしか…ぬいぐるみを燃やすんじゃ
なかったっけ…。",,"Creo que... no habia
que quemar el
peluche...?"
0xf81f0,49,"８８ってたぶん西暦じゃない？
１９８８年９月とか。",,"El 88 sera del ano, no?
Como septiembre de
1988."
0xf8224,49,"えーっ！見ないの？
何が映っているか気にならない？",,"Eeeh! No lo vas a ver?
No te da curiosidad que
sale ahi?"
0xf8258,49,"フツーこんなビデオ回す？
どっちみちヘンタイだよ。",,"Es normal grabar un
video asi?
De cualquier forma es un
pervertido."
0xf828c,49,"（逮捕された男は、同じ
　マンションの住人だった）",,"(El hombre arrestado era
residente del mismo
edificio)"
0xf82c0,49,"霊が現れると、空間の磁場が揺らぐ
っていうでしょ。",,"Dicen que cuando
aparece un espiritu, el
campo magnetico del
lugar se altera, no?"
0xf82f4,49,"（駆けつけた消防車によって
　消し止められました）",,"(Los bomberos que
llegaron lograron
apagarlo)"
0xf8328,51,"コックリさん、コックリさん、
どうかおいでください。",,"Kokkuri-san,
Kokkuri-san, por favor,
venga."
0xf835c,51,"（玄関に行かないと…。
　マサキとリコが帰っちゃう）",,"(Tengo que ir a la
entrada... Masaki y
Riko se van a ir)"
0xf8390,51,"塩水を口に入れたまま、ソッコーで
押し入れに隠れる。",,"Con el agua salada en la
boca, escondete de
inmediato en el armario."
0xf83c4,51,"だったらいつでもいいんじゃない？
ゆっくり考えれば。",,"Entonces cualquier
momento esta bien, no?
Piensalo con calma."
0xf83f8,51,"あたしはいないつもりで、何も
アドバイスしないから。",,"Voy a hacer como que no
estoy y no te voy a dar
ningun consejo."
0xf842c,51,"（レイカが調べたところによると、
　倉田裕見子は、）",,"(Segun lo que investigo
Reika, Kurata Yumiko,)"
0xf8460,51,"（こんなこと…部屋で一人で
　やってるわたしって…）",,"(Yo, haciendo esto...
sola en mi cuarto...)"
0xf8494,51,"でもさ、あのストーカー、意外と
かっこよかったかも。",,"Pero bueno, ese
acosador, capaz que era
bastante guapo."
0xf84c8,51,"（わたしは、押し入れで気を失って
　いるところを、）",,"(A mi, que me habia
desmayado dentro del
armario,)"
0xf84fc,51,"昨日の夜も、外で男が叫んでる
ような声が聞こえたし。",,"Anoche tambien se
escucho lo que parecia la
voz de un hombre
gritando afuera."
0xf8530,51,"（わたしは、押し入れで気を失って
　いるところを、）",,"(A mi, que me habia
desmayado dentro del
armario,)"
0xf8564,51,"ここを借りる前に、不動産屋から
教えられたんだって。",,"Dicen que se lo dijo la
inmobiliaria antes de
alquilar este lugar."
0xf8598,51,"“ベッドの下の男”っていろんな
パターンがあるだろ。",,"El hombre debajo de la
cama tiene varias
versiones, no?"
0xf85cc,51,"それしか考えられないっしょ。
あの顔、ヤバすぎだよ。",,"No se me ocurre otra
cosa.
Esa cara era demasiado
terrible."
0xf8600,51,"リコ……たしかに…、
このマンション…おかしいよ…。",,"Riko...... es cierto...
este edificio... es
raro..."
0xf8634,51,"リコ……たしかに…、
このマンション…おかしいよ…。",,"Riko...... es cierto...
este edificio... es
raro..."
0xf8668,53,"（いったいこの部屋で何があった
　のか、今となっては）",,"(Que fue lo que
realmente paso en este
cuarto, ahora ya)"
0xf86a0,53,"ぬいぐるみ、ナイフ、お米、
食塩水、赤い糸、ぬい針…。",,"Peluche, cuchillo,
arroz, agua salada, hilo
rojo, aguja de coser..."
0xf86d8,53,"（２人が遊びに来てくれて、
　わたしは不安な一夜を、）",,"(Como los dos vinieron a
visitarme, pase esa
noche de inquietud,)"
0xf8710,53,"まず、ぬいぐるみの中の詰め物を
取り出して米を入れて、",,"Primero, saca el relleno
de dentro del peluche y
pon arroz,"
0xf8748,53,"（部屋で“ひとりかくれんぼ”
　をしなかったことで、）",,"(Por no haber hecho el
hitorikakurenbo en mi
cuarto,)"
0xf8780,53,"（１４）バスタブのぬいぐるみに
口の中の塩水をかける。",,"(14) Echarle al peluche
de la banera el agua
salada de tu boca."
0xf87b8,53,"（あのビデオには…いったい…
　何が映っていたのか…）",,"(Que era en realidad...
lo que salia en ese
video...)"
0xf87f0,53,"（火はわたしの部屋の一部と
　リビングを焼きつくして）",,"(El fuego quemo por
completo parte de mi
cuarto y la sala,)"
0xf8828,53,"（…引っかく…音？…なにを
　引っ掻いてるの？…床？）",,"(...Un sonido... de
rasguno? ...que estara
rasgunando? ...el
piso?)"
0xf8860,53,"（あの耳に残る音…床を引っ掻く音
　だと思ったけど…）",,"(Ese sonido que se me
quedo en el oido...
pense que era algo
rasgunando el piso,
pero...)"
0xf8898,53,"（“ひとりかくれんぼ”だけは、
　二度とするまいと、）",,"(Al hitorikakurenbo,
decidi que nunca mas lo
haria,)"
0xf88d0,53,"あの…おばあちゃん…。
倉田裕見子って人、知ってます？",,"Disculpe... senora...
Conoce a una persona
llamada Kurata Yumiko?"
0xf8908,53,"（“ひとりかくれんぼ”だけは、
　二度とするまいと、）",,"(Al hitorikakurenbo,
decidi que nunca mas lo
haria,)"
0xf8940,53,"（ホントは浴室へ、後始末に
　行かなきゃダメだけど…）",,"(En realidad tengo que ir
al bano a limpiar todo,
pero...)"
0xf8978,53,"じゃあさ、今度何かあったら俺と
ユウタでマンションに、",,"Entonces, si pasa algo la
proxima vez, Yuuta y yo
iremos al edificio,"
0xf89b0,53,"（とにかく…今は“かくれんぼ”を
　終わらせないと…）",,"(En fin... ahora tengo
que terminar el
escondite...)"
0xf89e8,53,"別れ話でもつれたけど、結局は
話し合いで別れたみたい。",,"Se complico la ruptura,
pero al final parece que
terminaron hablandolo."
0xf8a20,53,"この前もキッチンのガスの火が急に
大きくなったりして。",,"El otro dia tambien el
fuego del gas de la
cocina se hizo grande de
repente."
0xf8a58,53,"…うちのマンションが、都市伝説の
“ベッドの下の男”の",,"...Que mi edificio sea el
origen de la leyenda
urbana del hombre
debajo de la cama,"
0xf8a90,53,"あと男の持っていたのがナイフ
だったり、オノだったり。",,"Y ademas, a veces el
hombre llevaba un
cuchillo, a veces un
hacha."
0xf8ac8,53,"（なにこれ…。机のアイテムが…
　床に散らばってる…）",,"(Que es esto... las
cosas del escritorio...
estan tiradas por el
piso...)"
0xf8b00,53,"あたしのよけいな話でブルって
いるんじゃないかってね。",,"Pense que quizas se
asusto por mi comentario
de mas."
0xf8b38,53,"へー、意外。あんたのイメージ
じゃないなぁ、それって。",,"Vaya, que sorpresa.
Eso no pega con la
imagen que tengo de ti."
0xf8b70,53,"（薄れゆく意識の中でわたしは、
　ナナシの笑い声が、）",,"(Con la consciencia
desvaneciendose,
escuche la risa de
Nanashi,)"
0xf8ba8,53,"ううん、こういうのって、いろんな
パターンがあるしね。",,"No, es que este tipo de
cosas tiene varias
versiones."
0xf8be0,53,"（あのビデオには…いったい…
　何が映っていたのか…）",,"(Que era en realidad...
lo que salia en ese
video...)"
0xf8c18,53,"お母さんが帰ってくるまで、
そのままにしておこうかな。",,"Creo que lo voy a dejar
asi hasta que vuelva
mama."
0xf8c50,53,"見てヤバかったら、ケーサツに
持っていけばいいでしょ？",,"Si al verlo resulta ser
algo grave, con llevarlo
a la policia basta, no?"
0xf8c88,53,"ラベルの数字と同じ…。
やっぱり２０年前に撮ったんだ。",,"Es igual al numero de la
etiqueta...
Al final si lo grabaron
hace 20 anos."
0xf8cc0,53,"さすがに寝る気しないし、また誰か
隠れてたら怖いから、",,"La verdad no tengo
ganas de dormir, y me
da miedo que alguien
mas este escondido, asi
que"
0xf8cf8,53,"（…とても重要なことを…見落とし
　てる…気がする…）",,"(...Siento que se me
esta pasando algo muy
importante...)"
0xf8d30,55,"（燃えた壁紙の裏側には、アルミ
　ホイルがびっしりと、）",,"(Detras del papel de
pared quemado, habia
papel aluminio por todas
partes,)"
0xf8d68,55,"『“ひとりかくれんぼ”で真実を
　知りたい気もしない？』",,"No te dan ganas de
saber la verdad con el
hitorikakurenbo?"
0xf8da0,55,"ナイフ、お米、食塩水、赤い糸、
ぬい針…これで全部かな。",,"Cuchillo, arroz, agua
salada, hilo rojo, aguja
de coser... creo que es
todo."
0xf8dd8,55,"（米を入れて縫い合わせた
　ぬいぐるみを、まずどこへ…）",,"(El peluche al que le
meti arroz y cosi,
primero a donde lo
llevo...)"
0xf8e10,55,"ぬいぐるみを見たら、手にとって
『見いつけた』と心の中で",,"Cuando veas el peluche,
tomalo y di en tu mente
Te encontre,"
0xf8e48,55,"霊の気配が消えたら、とにかく
ダッシュして浴室に向かう。",,"Cuando desaparezca la
presencia del espiritu,
corre de inmediato hacia
el bano."
0xf8e80,55,"バスタブのぬいぐるみを見つけたら
口の中の塩水をかける。",,"Cuando encuentres el
peluche en la banera,
echale el agua salada de
tu boca."
0xf8eb8,55,"（１）米の詰め物をしたぬいぐるみ
を持って、浴室へ行く。",,"(1) Toma el peluche
relleno de arroz y ve al
bano."
0xf8ef0,55,"（わたしは自分の体が、ミイラと
　一緒に焼かれるのを、）",,"(Yo, viendo como mi
propio cuerpo era
quemado junto con la
momia,)"
0xf8f28,55,"（８）ぬいぐるみを手にとって
『見いつけた』と心の中で、",,"(8) Tomar el peluche y
decir en tu mente Te
encontre,"
0xf8f60,55,"（この服…ビデオで見た…。
　じゃあ、このミイラは…！）",,"(Esta ropa... la vi en el
video... entonces, esta
momia es...!)"
0xf8f98,55,"（別れ話でもめて、口論の末に
　殺してしまったという…）",,"(Dicen que discutieron
por la ruptura y termino
matandola...)"
0xf8fd0,55,"（隠れていたのか、その理由は
　わからないままでした…）",,"(Por que se escondia, la
razon quedo sin
saberse...)"
0xf9008,55,"（ストーカー男に恐怖を覚え、
　霊の力を弱める魔よけを）",,"(Con miedo del
acosador, un amuleto
para debilitar el poder
del espiritu,)"
0xf9040,55,"（それは長く効果を発揮したが、
　なぜか最近になって、）",,"(Eso funciono por mucho
tiempo, pero por alguna
razon, ultimamente,)"
0xf9078,55,"すべて掘り起こして、コンクリート
で舗装しちゃったから。",,"Porque lo desenterraron
todo y lo pavimentaron
con concreto."
0xf90b0,55,"友達が遊びに来た帰りに、あの近く
でおばあちゃんの幽霊を",,"Un amigo, al volver de
visitarme, cerca de ahi
vio al fantasma de una
anciana,"
0xf90e8,55,"２０年ぐらい前にこのマンションで
殺人事件が起きたこと、",,"Que hace unos 20 anos
ocurrio un asesinato en
este edificio,"
0xf9120,55,"（引っ越してきたばかりだから、
　全然整理されてないや）",,"(Como me acabo de
mudar, no he ordenado
nada)"
0xf9158,55,"ほら、幽霊マンションとか、
いろいろウワサがあるでしょ。",,"Vamos, hay varios
rumores, como que es
un edificio embrujado."
0xf9190,55,"あのマンションで一人暮らしを
してた時、つきあってた男と",,"Cuando vivia sola en ese
edificio, con el hombre
con el que salia,"
0xf91c8,55,"あ、ごめんね。　自分の部屋、
なんか電波の入りが悪いの。",,"Ah, perdon.
Es que en mi cuarto la
senal es mala."
0xf9200,55,"でも、その後は回復して、今は
幸せな結婚生活を送っている",,"Pero, despues se
recupero y ahora lleva
una vida de casada feliz,"
0xf9238,55,"（そう言った後は…そうか！
　やっと口からはき出せる！）",,"(Despues de decir
eso... ya veo! Por fin
puedo sacarmelo de
encima!)"
0xf9270,55,"色んなところを調べてみて。
ゼッタイ反応するはずだから。",,"Revisa en varios
lugares.
Seguro que va a
reaccionar."
0xf92a8,55,"お姉ちゃんがベッドの下の見知らぬ
男を見つけるっていう。",,"Donde la hermana mayor
encuentra a un hombre
desconocido debajo de la
cama."
0xf92e0,55,"（ごく普通の会社員で、わたしの
　部屋にいた時の記憶が）",,"(Era un oficinista comun
y corriente, y sus
recuerdos de cuando
estuvo en mi cuarto,)"
0xf9318,55,"あいつ、いつもはふざけてるけど、
いいところもあるのよ。",,"El siempre anda
bromeando, pero
tambien tiene su lado
bueno."
0xf9350,55,"これなら、わたしのケータイの
“圏外”と大差ないでしょ。",,"Con esto, no es muy
distinto de cuando mi
celular no tiene senal,
no?"
0xf9388,57,"その後隠れて…、最後にもう１回
浴室に行って終わりだよね。",,"Despues escondete... y
al final, con ir una vez
mas al bano se termina,
no?"
0xf93c4,57,"結局何度やっても、コックリさんは
反応がありませんでした。",,"Al final, por mas que lo
intentamos, Kokkuri-san
nunca respondio."
0xf9400,57,"（ひとりかくれんぼを終わらせる
　には浴室に行かないと…）",,"(Para terminar el
hitorikakurenbo tengo
que ir al bano...)"
0xf943c,57,"ぬいぐるみを持ったら、それを見て
『最初はあたしがオニ』と",,"Toma el peluche,
mirandolo di Primero yo
soy la que busca,"
0xf9478,57,"テレビを付けておくのは、テレビ
から出る電磁波で霊の注意を",,"Dejar la television
encendida es para que
las ondas
electromagneticas que
emite distraigan al
espiritu"
0xf94b4,57,"それで“ひとりかくれんぼ”って
基本、１人でやるんだけど。",,"Y bueno, el
hitorikakurenbo
basicamente se hace
solo."
0xf94f0,57,"（首に刺さった包丁…ストーカーと
　思われた男が殺され、）",,"(Un cuchillo clavado en
el cuello... el hombre
que parecia ser el
acosador fue
asesinado,)"
0xf952c,57,"（警察からは、古いガス管の異常が
　原因だっていわれた…）",,"(La policia dijo que la
causa fue una falla en
una tuberia de gas
vieja...)"
0xf9568,57,"（でも…世間の関心は、火事よりも
　床下から発見された、）",,"(Pero... la atencion de
la gente se centro mas
en lo encontrado bajo el
piso que en el
incendio,)"
0xf95a4,57,"夏場だと手や足だけ地面から出て
くることもあるらしいって。",,"Dicen que en verano a
veces solo salen del
suelo las manos o los
pies."
0xf95e0,57,"（そうだ“ひとりかくれんぼ”は、
　霊の気配が消えたら、）",,"(Cierto, en el
hitorikakurenbo, cuando
desaparece la presencia
del espiritu,)"
0xf961c,57,"ったく、昔のウワサでビビらせて…
住んでいる身にもなれよ。",,"De verdad, asustando
con rumores viejos...
ponte en el lugar de
quien vive aqui."
0xf9658,57,"あのマンション、ずっと前に、
ちゃんとオハライしているから",,"Ese edificio, ya hace
mucho tiempo le hicieron
un exorcismo como
corresponde, asi que"
0xf9694,57,"だね、ナナシのメールを見た時には
ちょっと落ち込んだけど。",,"Es verdad, cuando vi el
correo de Nanashi me
deprimi un poco, pero."
0xf96d0,57,"ま、霊が本当に出ても、写真でも
撮って成仏させたげるから。",,"Bueno, si de verdad
aparece un espiritu, le
tomo una foto y lo ayudo
a descansar en paz."
0xf970c,57,"（やはり彼女も…本当はストーカー
　に…殺されていた…？）",,"(Entonces ella
tambien... de verdad la
mato el acosador...?)"
0xf9748,57,"こいつがストーカーで、女の部屋に
侵入して待ち伏せたんだ。",,"Este tipo era el
acosador, entro al
cuarto de la mujer y la
espero escondido."
0xf9784,57,"（翌日、学校でもマンションの
　事件は大きな話題になった）",,"(Al dia siguiente, en la
escuela tambien el
incidente del edificio fue
un gran tema de
conversacion)"
0xf97c0,57,"じゃあ、女の霊がどこにいるのか、
突き止めることが先だね。",,"Entonces, lo primero es
averiguar donde esta el
espiritu de la mujer."
0xf97fc,57,"（リコとマサキからあとで遊びに
　くるという連絡が入った）",,"(Riko y Masaki avisaron
que vendrian a visitarme
mas tarde)"
0xf9838,59,"ね、リコは“ひとりかくれんぼ”の
やり方、知ってるんでしょ。",,"Oye, Riko, tu sabes
como se hace el
hitorikakurenbo, no?"
0xf9874,59,"ぬいぐるみを見て『最初はわたしが
オニ』と心の中で３回言う。",,"Mirando al peluche,
decir en tu mente
Primero yo soy la que
busca 3 veces."
0xf98b0,59,"（さっきの“ひとりかくれんぼ”
　でも、同じ声が聞こえた…）",,"(En el hitorikakurenbo
de hace un rato tambien
escuche la misma
voz...)"
0xf98ec,59,"その間、ずっとナイフを持って、
塩水を口に入れているのか…。",,"Durante ese tiempo, hay
que tener el cuchillo y el
agua salada en la boca
todo el rato..."
0xf9928,59,"（炎で急速に乾燥し、起き上がった
　ミイラがわたしの体を、）",,"(Secada rapidamente
por el fuego, la momia
que se levanto agarro mi
cuerpo,)"
0xf9964,59,"（殺したのは…以前あの部屋に
　住んでいた倉田裕見子だった）",,"(Quien la mato fue...
Kurata Yumiko, quien
antes vivia en ese
cuarto)"
0xf99a0,59,"（人が倒れる音は、彼が殺された
　直後の再現だったのかも…）",,"(El sonido de una
persona cayendo tal vez
era la reconstruccion
justo despues de que lo
mataron...)"
0xf99dc,59,"マサキって、単にあのマンションを
探検したいだけじゃないの？",,"No sera que Masaki solo
quiere explorar ese
edificio?"
0xf9a18,59,"近所に実家のあるＯＬで、不動産屋
もよく知ってる人らしくて、",,"Es una oficinista cuya
familia vive cerca y
parece que conoce bien a
la inmobiliaria,"
0xf9a54,59,"…でもさ、結局このマンションの
心霊現象って何だったんだろ？",,"...Pero bueno, al final,
que era el fenomeno
paranormal de este
edificio?"
0xf9a90,59,"でもでも、“ひとりかくれんぼ”で
真実を知りたい気もしない？",,"Pero, pero, no te dan
ganas de saber la verdad
con el hitorikakurenbo?"
0xf9acc,59,"へえ、“ひとりかくれんぼ”って、
ホントに霊が呼べるんだな。",,"Vaya, resulta que el
hitorikakurenbo si puede
llamar espiritus de
verdad."
0xf9b08,59,"（わたしは…ベッドの下に隠れて
　いた男に何度も刺されて、）",,"(A mi... el hombre
escondido bajo la cama
me apunalo varias
veces,)"
0xf9b44,59,"（あのチェーンメールをこっそり
　保存した呪いでしょうか？）",,"(Sera la maldicion de
haber guardado a
escondidas esa cadena?)"
0xf9b80,59,"（わたし自身が、都市伝説の
　モデルになってしまいました…）",,"(Yo misma termine
siendo el modelo de la
leyenda urbana...)"
0xf9bbc,59,"（警官が部屋に入っても、男は
　ベッドの下にいたままだった）",,"(Aunque el policia entro
al cuarto, el hombre
seguia debajo de la
cama)"
0xf9bf8,59,"ほら、霊がいそうって感じる場所に
向けて、針の動きを見るの。",,"Vamos, apunta hacia el
lugar donde sientas que
puede haber un espiritu
y observa como se
mueve la aguja."
0xf9c34,59,"（事件を聞いたお母さんは予定を
　繰り上げて、明日の朝には）",,"(Al enterarse del
incidente, mama
adelanto sus planes, y
manana por la manana)"
0xf9c70,59,"おかしいなあ…霊がいるならもっと
激しく反応するはずなのに。",,"Que raro... si hubiera
un espiritu deberia
reaccionar mas fuerte."
0xf9cac,61,"その間、オニの気持ちになって、
あたりを探しながら歩き回ると、",,"Mientras tanto,
poniendote en el papel
del buscador, caminas
revisando alrededor,"
0xf9cec,61,"（マンションで起きる怪奇現象の
　謎や、なぜ男がベッドの下に）",,"(El misterio de los
fenomenos extranos del
edificio, y por que el
hombre estaba bajo la
cama,)"
0xf9d2c,61,"（心霊現象を引き起こしていた…。
　それがレイカの推理だった）",,"(Era lo que causaba el
fenomeno
paranormal... esa fue
la deduccion de Reika)"
0xf9d6c,61,"面倒見のいい人じゃったからな…。
部屋を借りた人の…忘れ物も、",,"Era una persona muy
atenta... hasta las
cosas olvidadas por
quien alquilaba el
cuarto,"
0xf9dac,61,"たぶん…今住んでいるマンションが
１階で落ち着かないせいかも。",,"Puede que sea porque el
edificio donde vivo ahora
esta en el primer piso y
me pone inquieta."
0xf9dec,61,"だから幽霊マンションって言われて
いるのは、見た目が古いだけ。",,"Por eso, que le digan
edificio embrujado es
solo porque se ve viejo."
0xf9e2c,61,"たしかに、昔この部屋に住んでいた
女の人…つまり倉田裕見子に、",,"Es cierto que a la mujer
que vivio antes en este
cuarto... es decir, a
Kurata Yumiko,"
0xf9e6c,61,"でも倉田裕見子が生きてるってこと
は…たぶん、あの本の通りに、",,"Pero que Kurata Yumiko
este viva significa
que... probablemente,
tal como decia ese libro,"
0xf9eac,61,"ああ、“ひとりかくれんぼ”なんか
やってたらヤバかったかも…。",,"Ah, si hubieramos hecho
el hitorikakurenbo,
habria sido peligroso..."
0xf9eec,61,"（わたしは…ベッドの下に隠れて
　いた男に喉を切り裂かれて、）",,"(A mi... el hombre
escondido bajo la cama
me corto la garganta,)"
0xf9f2c,61,"（わたしは…ベッドの下に隠れて
　いた男に喉を切り裂かれて、）",,"(A mi... el hombre
escondido bajo la cama
me corto la garganta,)"
0xf9f6c,61,"どうみてもマトモじゃないよ、女の
部屋で１人でビデオ回すとか。",,"Se mire como se mire,
no esta bien grabar solo
en el cuarto de una
mujer."
0xf9fac,63,"（まさか…“ベッドの下の男”に…
　同じ霊が取り憑いていた…？）",,"(No puede ser... el
mismo espiritu poseia al
hombre debajo de la
cama...?)"
0xf9fec,63,"（１１）ナイフを抜き、ぬいぐるみ
をバスタブに戻して浴室を出る。",,"(11) Saca el cuchillo,
devuelve el peluche a la
banera y sal del bano."
0xfa02c,63,"（“ひとりかくれんぼ”をした時、
　キッチンで聞こえた悲鳴や、）",,"(Al hacer el
hitorikakurenbo, el grito
que se oyo en la cocina,
y,)"
0xfa06c,63,"実はマンションって、上の階の方が
ドロボーに狙われやすいんだよ。",,"En realidad, en los
edificios, los pisos de
arriba son mas
propensos a que los
ladrones los ataquen."
0xfa0ac,63,"（リコは喋っていないというけど、
　ウワサが広まるのも早かった）",,"(Riko dice que no lo
conto, pero el rumor se
esparcio rapido igual)"
0xfa0ec,65,"（でもマンションで起きる怪奇現象
　の謎や、なぜ男がベッドの下に）",,"(Pero el misterio de los
fenomenos del edificio, y
por que el hombre
estaba bajo la cama,)"
0xfa130,65,"あの魔よけの本……倉田裕見子も何
かにおびえてたってことでしょ…？",,"Ese libro de
amuletos......
significa que Kurata
Yumiko tambien le tenia
miedo a algo, no...?"
0xfa1ac,6,えっ？,,Eh?
0xfa1bc,6,上だ！,,Arriba!
0xfa1c4,6,俺が？,,Yo?
0xfa1cc,6,あん？,,Ah?
0xfa1d4,6,うん。,,Si.
0xfa1dc,6,へぇ。,,Vaya.
0xfa1e4,6,ああ。,,Ah.
0xfa1ec,6,そう。,,Asi es.
0xfa1fc,6,何だ？,,Que es?
0xfa204,6,信念？,,Convicciones?
0xfa20c,6,はい。,,Si.
0xfa214,6,うん。,,Si.
0xfa21c,6,別に。,,Nada en especial.
0xfa224,6,はっ！,,Ah!
0xfa22c,6,そう。,,Asi es.
0xfa234,6,ああ。,,Ah.
0xfa244,6,←広場,,<- Plaza
0xfa24c,8,フフフ。,,Jejeje.
0xfa258,8,お願い。,,Por favor.
0xfa264,8,親父…。,,Papa...
0xfa270,8,キャッ。,,Ay!
0xfa27c,8,うん…。,,Si...
0xfa288,8,ピエロ？,,Un payaso?
0xfa294,8,確かに。,,Es cierto.
0xfa2a0,8,写真は？,,Y la foto?
0xfa2ac,8,わかった,,Entendido
0xfa2b8,8,親父…。,,Papa...
0xfa2c4,8,レイカ！,,Reika!
0xfa2d0,8,リコは？,,Y Riko?
0xfa2dc,8,いまよ！,,Es ahora!
0xfa2e8,8,どこだ。,,Donde esta.
0xfa2f4,8,そして、,,"Y entonces,"
0xfa300,8,えっ！？,,Eh!?
0xfa30c,8,本物！？,,De verdad!?
0xfa318,8,はっ…！,,Ah...!
0xfa330,8,ミズキ！,,Mizuki!
0xfa354,8,何でだ？,,Por que?
0xfa360,8,レイカ！,,Reika!
0xfa36c,8,ミズキ？,,Mizuki?
0xfa384,8,井戸…。,,Un pozo...
0xfa390,8,そっか、,,"Ya veo,"
0xfa39c,8,きゃっ。,,Ay!
0xfa3b4,8,待って。,,Espera.
0xfa3cc,8,はっ…。,,Ah...
0xfa3d8,8,逃げて！,,Corre!
0xfa3e4,8,出口は？,,Y la salida?
0xfa3f0,8,いや…。,,No...
0xfa3fc,8,ああ…。,,Ah...
0xfa414,8,待って！,,Espera!
0xfa420,8,そうだ。,,Es verdad.
0xfa438,8,←　広場,,<- Plaza
0xfa444,8,そうね。,,Es cierto.
0xfa450,8,はっ…！,,Ah...!
0xfa45c,10,…ごめん。,,...Perdon.
0xfa468,10,井戸だ…。,,Es un pozo...
0xfa474,10,そうだね。,,Es cierto.
0xfa480,10,ほらここ。,,"Mira, aqui."
0xfa48c,10,電力を…。,,La energia...
0xfa498,10,たしか…。,,Creo que...
0xfa4a4,10,…親父…。,,...Papa...
0xfa4b0,10,どうして？,,Por que?
0xfa4bc,10,そうだね。,,Es cierto.
0xfa4c8,10,これは…。,,Esto es...
0xfa4d4,10,全く……。,,De verdad......
0xfa4e0,10,こっちだ！,,Por aqui!
0xfa4ec,10,早く出よう,,Salgamos rapido
0xfa4f8,10,別に……。,,Nada en especial......
0xfa504,10,確かめよう,,Vamos a comprobarlo
0xfa510,10,ははは…。,,Jajaja...
0xfa51c,10,じゃあね。,,Nos vemos.
0xfa528,10,ピエロ…。,,Un payaso...
0xfa534,10,そうそう。,,Eso mismo.
0xfa540,10,こっちだ！,,Por aqui!
0xfa54c,10,お化け屋敷,,Casa embrujada
0xfa558,10,ホントに？,,En serio?
0xfa564,10,えっ…！？,,Eh...!?
0xfa570,10,最後がいい,,Prefiero al final
0xfa588,10,こっちだ！,,Por aqui!
0xfa594,10,外だ……。,,Es afuera......
0xfa5a0,10,どうして？,,Por que?
0xfa5ac,10,←　観覧車,,<- Rueda de la fortuna
0xfa5b8,10,（えっ…）,,(Eh...)
0xfa5c4,12,強い気持ち。,,Un sentimiento fuerte.
0xfa5d4,12,これは…何？,,Esto es... que?
0xfa5e4,12,そうする…。,,Asi hare...
0xfa5f4,12,なにこれ…！,,Que es esto...!
0xfa604,12,そんな……。,,No puede ser......
0xfa614,12,ミズキ……。,,Mizuki......
0xfa624,12,人の声……。,,Una voz humana......
0xfa634,12,どうやって？,,Como?
0xfa644,12,もうやだっ。,,Ya no quiero!
0xfa654,12,これって…。,,Esto es...
0xfa664,12,ヤバくない？,,No es peligroso esto?
0xfa674,12,どうしたの？,,Que te pasa?
0xfa684,12,ギロチン…。,,Una guillotina...
0xfa694,12,何これ……？,,Que es esto......?
0xfa6a4,12,１番先がいい,,Prefiero ir primero
0xfa6b4,12,……ミズキ。,,......Mizuki.
0xfa6c4,12,理念ですか？,,Es una filosofia?
0xfa6d4,12,ミラーハウス,,Casa de espejos
0xfa6e4,12,う、うん…。,,S-si...
0xfa6f4,12,このイス…。,,Esta silla...
0xfa704,12,赤い…風船？,,Un globo... rojo?
0xfa714,12,理念ですか？,,Es una filosofia?
0xfa724,12,じゃあこれで,,"Bueno, es todo"
0xfa734,12,気をつけて。,,Ten cuidado.
0xfa744,12,あの子……？,,Esa nina......?
0xfa754,12,調べてみる。,,Voy a investigar.
0xfa764,12,うーん……。,,Mmm......
0xfa774,12,おまたせっ。,,Perdon por la espera!
0xfa784,12,……消えた。,,......Desaparecio.
0xfa794,12,きっと……。,,Seguro......
0xfa7a4,12,どうかした？,,Paso algo?
0xfa7b4,12,どうかしら。,,Quien sabe.
0xfa7c4,12,遠慮しとく。,,Prefiero no.
0xfa7d4,12,う、うん…。,,S-si...
0xfa7e4,12,あ、そうか！,,"Ah, ya veo!"
0xfa7f4,12,わからん…。,,No lo se...
0xfa804,12,このツボ…。,,Esta vasija...
0xfa814,12,うーん……。,,Mmm......
0xfa824,12,どうかしら。,,Quien sabe.
0xfa844,14,変な夢を見て…,,Tuve un sueno raro...
0xfa854,14,ミズキ、急げ！,,"Mizuki, apurate!"
0xfa864,14,ハセガワさん、,,"Senor Hasegawa,"
0xfa874,14,夜光塗料…か。,,"Pintura fosforescente...
ya veo."
0xfa884,14,なにかの暗号？,,Sera algun codigo?
0xfa894,14,あなたは……。,,Usted es......
0xfa8a4,14,うん、わかった,,"Si, entendido"
0xfa8b4,14,え？どうして？,,Eh? Por que?
0xfa8c4,14,子供の落書き？,,Un garabato de nino?
0xfa8d4,14,座ってごらん。,,"Sientate, vamos."
0xfa8e4,14,電源パネル…。,,El panel de energia...
0xfa8f4,14,死んだ親父は、,,"Mi papa que murio,"
0xfa904,14,アカイクレヨン,,Crayon rojo
0xfa914,14,（…ピエロ…）,,(...Un payaso...)
0xfa924,14,なにかあった？,,Paso algo?
0xfa934,14,手帳だ………。,,Es una libreta.........
0xfa944,14,確かめようか。,,Vamos a comprobarlo?
0xfa954,14,ギロチンだ…。,,Es una guillotina...
0xfa964,14,あ、ここ……。,,"Ah, aqui......"
0xfa974,14,いいから早く！,,"No importa, rapido!"
0xfa984,14,…そうだよね。,,...Tienes razon.
0xfa994,14,ハヤカワさん。,,Senorita Hayakawa.
0xfa9a4,14,親父は今も…。,,"Mi papa incluso
ahora..."
0xfa9b4,14,他の霊たちは、,,"Los demas espiritus,"
0xfa9c4,14,まだ言うか！！,,Todavia sigues con eso!!
0xfa9d4,14,ミズキ？私よ。,,Mizuki? Soy yo.
0xfa9e4,14,早く逃げよう！,,Escapemos rapido!
0xfa9f4,14,またチェンメ？,,Otra cadena?
0xfaa14,14,変な夢を見て…,,Tuve un sueno raro...
0xfaa24,14,あ、メールだ。,,"Ah, un correo."
0xfaa34,14,夜が明ける…。,,Esta amaneciendo...
0xfaa44,14,そこをなんとか,,"Por favor, hazme el
favor"
0xfaa54,14,わたしが……。,,Yo......
0xfaa64,14,お客さんから、,,"De un cliente,"
0xfaa74,14,わたしが……。,,Yo......
0xfaa84,14,もう知らない！,,Ya no me importa!
0xfaa94,14,レイカからだ。,,Es de Reika.
0xfaaa4,14,子供の落書き？,,Un garabato de nino?
0xfaab4,14,あったあった。,,"Aqui esta, aqui esta."
0xfaac4,16,夢の遊園地……。,,"El parque de diversiones
de los suenos......"
0xfaad8,16,観覧車の設計図？,,"Los planos de la rueda
de la fortuna?"
0xfaaec,16,（ここは……？）,,(Este lugar es......?)
0xfab00,16,…ありがとう…。,,...Gracias...
0xfab14,16,ハセガワさん…。,,Senor Hasegawa...
0xfab28,16,観覧車が見える。,,"Se ve la rueda de la
fortuna."
0xfab3c,16,次はどこに行く？,,A donde vamos ahora?
0xfab50,16,いや、親父だよ。,,"No, es mi papa."
0xfab64,16,より恐ろしく…。,,Aun mas aterrador...
0xfab78,16,どういう意味だ？,,Que quieres decir?
0xfab8c,16,今も霊が集まる？,,"Todavia se reunen los
espiritus aqui?"
0xfaba0,16,ん？なんだこれ？,,Eh? Que es esto?
0xfabb4,16,わかったよ……。,,Entendido........
0xfabc8,16,最後がいいな…。,,Prefiero al final...
0xfabdc,16,待ってください。,,"Espere, por favor."
0xfabf0,16,気が進まないの。,,No tengo muchas ganas.
0xfac04,16,なにがうつるの？,,Que sale ahi?
0xfac18,16,わ、わかんない。,,N-no lo se.
0xfac2c,16,ハセガワさん…。,,Senor Hasegawa...
0xfac40,16,わからない……。,,No lo se......
0xfac54,16,ピエロの象徴…。,,El simbolo del payaso...
0xfac68,16,今の音……なに？,,Ese sonido...que fue?
0xfac7c,16,赤いクレヨン…。,,Un crayon rojo...
0xfac90,16,私はその息子だ。,,Yo soy su hijo.
0xfaca4,16,チェーンソー…。,,Una motosierra...
0xfacb8,16,…あ、あなたは？,,...U-usted es...?
0xfaccc,16,だから親父……。,,"Por eso, papa......"
0xface0,16,あなたは誰なの？,,Quien es usted?
0xfacf4,18,なにか手はないの？,,No hay alguna forma?
0xfad08,18,もう１回選ぶんだ。,,Elige una vez mas.
0xfad1c,18,リコ、無事なの！？,,"Riko, estas bien!?"
0xfad30,18,よかった、無事で。,,"Que bueno que estas
bien."
0xfad44,18,うん、ありがとう。,,"Si, gracias."
0xfad58,18,チェーンソーだ…。,,Es una motosierra...
0xfad6c,18,そういえば当時は、,,"Ahora que lo pienso, en
esa epoca,"
0xfad80,18,いや、作り物だよ。,,"No, es de mentira."
0xfad94,18,ドリームパークで？,,En el Dream Park?
0xfada8,18,親父のイタズラで、,,"Por una broma de mi
papa,"
0xfadbc,18,メリーゴーラウンド,,Carrusel
0xfadd0,18,ついてなかったよ。,,No tuve suerte.
0xfade4,18,じゃあ、まずは…、,,"Bueno, primero...,"
0xfadf8,18,ホントに大丈夫です,,De verdad estoy bien
0xfae0c,18,物好きな人たちね。,,Que gente tan curiosa.
0xfae20,18,ナナシからだ……。,,Es de Nanashi......
0xfae34,18,ドリームパークに？,,Al Dream Park?
0xfae48,18,……そんなはずは。,,......No puede ser.
0xfae5c,18,ハセガワさん……。,,Senor Hasegawa......
0xfae70,18,そうだね、出口は？,,"Es verdad, y la salida?"
0xfae84,18,ハセガワさん……。,,Senor Hasegawa......
0xfae98,18,し……黙って……。,,"Sh...... quedate
callado......"
0xfaeac,18,やだ！逃げて早く！,,"No! Corre, rapido!"
0xfaec0,18,正反対な内容だね。,,"Es un contenido
totalmente opuesto."
0xfaed4,18,やっと思い出した？,,Por fin te acordaste?
0xfaee8,18,コラ、まだ言うか。,,"Oye, todavia sigues con
eso."
0xfaefc,18,あの服…小さい頃、,,"Esa ropa... cuando era
pequena,"
0xfaf10,18,裏に通じているの。,,"Lleva hacia la parte de
atras."
0xfaf24,18,ああ、そっちもな。,,"Ah, por ahi tambien."
0xfaf38,18,こ、怖かったぁ…。,,Q-que miedo pase...
0xfaf4c,18,何をやってるんだ！,,Que estan haciendo!
0xfaf60,18,やだ！逃げて早く！,,"No! Corre, rapido!"
0xfaf74,18,あ……あれは……。,,Ah...... eso es......
0xfaf88,18,夢と……同じ……。,,"Igual... que el
sueno......"
0xfaf9c,18,裏に通じているの。,,"Lleva hacia la parte de
atras."
0xfafb0,18,何が来るって……？,,"Que dijiste que
viene......?"
0xfafc4,18,何だぁ、お前は！！,,Que rayos eres tu!!
0xfafd8,18,いま観覧車の前だ。,,"Ahora estoy frente a la
rueda de la fortuna."
0xfafec,18,ハセガワさん……。,,Senor Hasegawa......
0xfb000,18,また…ピエロ…！？,,"Otra vez... el
payaso...!?"
0xfb014,20,…うん、何でもない。,,"...Si, no es nada."
0xfb02c,20,心にとめていたもの？,,"Algo que tenias grabado
en el corazon?"
0xfb044,20,よく自慢していたな。,,Solia presumirlo mucho.
0xfb05c,20,これ、ハセガワさん？,,"Esto, senor Hasegawa?"
0xfb074,20,園内の非常用電源だ。,,"Es la energia de
emergencia del parque."
0xfb08c,20,地下通路見つけたよ。,,"Encontre un pasadizo
subterraneo."
0xfb0a4,20,逃げ道はないですか？,,"No hay alguna via de
escape?"
0xfb0bc,20,鍵がかかっている…。,,Esta con llave...
0xfb0d4,20,（こんな太ったら…）,,(Si engordara asi...)
0xfb0ec,20,それは、どこに……。,,"Eso, donde......"
0xfb104,20,っていう内容だった。,,Ese era el contenido.
0xfb11c,20,（真っ暗…じゃない）,,"(No esta...
completamente oscuro)"
0xfb134,20,ここはもう入ったよ。,,Aqui ya entramos.
0xfb14c,20,お前たちの仕業だろ？,,"Esto es obra de ustedes,
no?"
0xfb164,20,その声は……リ…コ？,,"Esa voz es...... Ri...
Riko?"
0xfb17c,20,これは夜光塗料だね。,,"Esto es pintura
fosforescente."
0xfb194,20,地下通路見つけたよ。,,"Encontre un pasadizo
subterraneo."
0xfb1ac,20,見て…ナナシから…。,,"Mira... es de
Nanashi..."
0xfb1c4,20,レイカに電話しなきゃ,,Tengo que llamar a Reika
0xfb1dc,20,人の声に聞こえたぞ。,,"Sono como una voz
humana."
0xfb1f4,20,心にとめていたもの？,,"Algo que tenias grabado
en el corazon?"
0xfb20c,20,こっち側は出口だな。,,Este lado es la salida.
0xfb224,20,…ピエロ…そんな…。,,"...El payaso... no
puede ser..."
0xfb23c,20,落ち着いて、ミズキ。,,"Calmate, Mizuki."
0xfb254,22,ここはもういいっしょ。,,"Ya esta bien con este
lugar, no?"
0xfb26c,22,（それから間もなく、）,,"(Poco despues de eso,)"
0xfb284,22,遊園地を楽しんでいる。,,"Esta disfrutando del
parque de diversiones."
0xfb29c,22,一通り回ってみようぜ。,,"Vamos a recorrer todo un
poco."
0xfb2b4,22,今のなんだったんだ！？,,Que fue eso!?
0xfb2cc,22,わたしたちがするの…。,,Nosotras lo hacemos...
0xfb2e4,22,まだ確信はないけど…。,,"Todavia no estoy
segura, pero..."
0xfb2fc,22,あの白い影も…幽霊…。,,"Esa sombra blanca
tambien... un
fantasma..."
0xfb314,22,レイカも誘ってみない？,,"No invitamos a Reika
tambien?"
0xfb32c,22,ツケナクテ　ヨカッタナ,,"QUE BUENO QUE NO LO
USASTE"
0xfb344,22,ははっ、びっくりした？,,"Jaja, te asuste?"
0xfb35c,22,あ、ちょっと待ってよ。,,"Ah, espera un momento."
0xfb374,22,これは…関係ないか…。,,"Esto... no tendra que
ver..."
0xfb38c,22,外に出たらやばいって。,,"Dicen que es peligroso
salir afuera."
0xfb3a4,22,どんなトコなんですか？,,Que tipo de lugar es?
0xfb3bc,22,こんなところに通路が！,,"Hay un pasadizo en un
lugar asi!"
0xfb3d4,22,そう、人を喜ばせたり、,,"Si, hacer feliz a la
gente,"
0xfb3ec,22,安心して、消えたんだ。,,"Se tranquilizo, y
desaparecio."
0xfb404,22,今入ったばっかりだろ。,,Si acabamos de entrar.
0xfb41c,22,マサキと合流しないと。,,"Tenemos que reunirnos
con Masaki."
0xfb434,22,わたし、１番先がいい。,,Yo prefiero ir primero.
0xfb44c,22,結構、時間かかったね。,,"Nos tomo bastante
tiempo."
0xfb464,22,あれ、これなんだろう？,,"Eh, que sera esto?"
0xfb47c,22,思い出の場所なんだね。,,"Es un lugar de
recuerdos, verdad."
0xfb494,22,じゃあ、とってあげる。,,"Entonces, te lo tomo yo."
0xfb4ac,22,ごめん、迷っちゃった。,,"Perdon, me perdi."
0xfb4c4,22,ここ扉になってるよね？,,"Esto es una puerta, no?"
0xfb4dc,22,電源が入ってないから、,,"Como no esta encendida
la energia,"
0xfb4f4,22,なにが起こっているの？,,Que esta pasando?
0xfb50c,22,こんな仕掛けあったか？,,Habia un mecanismo asi?
0xfb524,22,やなこと言わないでよ。,,No digas cosas feas.
0xfb53c,22,……なんでここに……。,,"......Por que
aqui......"
0xfb554,22,やっぱりそうなんだな。,,Al final si era eso.
0xfb56c,22,ハセガワさん、待って！,,"Senor Hasegawa,
espere!"
0xfb584,22,みんな、落ち着くんだ。,,"Todos, calmense."
0xfb59c,22,お、おい、おまえたち！,,"O-oigan, ustedes!"
0xfb5b4,22,集まってきているんだ。,,Se estan reuniendo.
0xfb5cc,22,ここはもう簡便して…。,,"Ya, por favor, aqui
no..."
0xfb5e4,22,逃げないと殺されるっ！,,"Si no huimos nos van a
matar!"
0xfb5fc,22,どこから出てきたんだ？,,De donde salio?
0xfb614,22,あたしたち、小さい時は,,"Nosotras, cuando
eramos pequenas,"
0xfb62c,22,（あ、写真とらなきゃ）,,"(Ah, tengo que tomar
una foto)"
0xfb644,22,どんなトコなんですか？,,Que tipo de lugar es?
0xfb65c,22,戦う武器はないですか？,,"No hay algun arma para
pelear?"
0xfb674,23,"いまだ！
早く逃げろ！！",,"Ahora!
Corran rapido!!"
0xfb68c,24,あのピエロに心当たりは？,,"Tiene idea de quien es
ese payaso?"
0xfb6a8,24,しばらくじっとしていて。,,"Quedate quieta un
momento."
0xfb6c4,24,（狂気のまなざしでした）,,"(Era una mirada de
locura)"
0xfb6e0,24,他の場所も見てみようか。,,"Vamos a ver otros
lugares tambien?"
0xfb6fc,24,わかった。気をつけてね。,,Entendido. Ten cuidado.
0xfb718,24,ここがミラーハウス……。,,"Aqui es la casa de
espejos......"
0xfb734,24,オーナーの息子なのに…。,,"Y eso que es el hijo del
dueno..."
0xfb750,24,元に戻る方法はないのか。,,"No hay forma de volver a
como estaba?"
0xfb76c,24,まだ調べ終わってないわ。,,"Todavia no termino de
investigar."
0xfb788,24,ドリームパークの模型…。,,"Una maqueta del Dream
Park..."
0xfb7a4,24,ハセガワさんにそっくり。,,"Se parece muchisimo al
senor Hasegawa."
0xfb7c0,24,楽しいものはより楽しく？,,"Lo divertido, mas
divertido todavia?"
0xfb7dc,24,昔は大泣きしたくせにな。,,"Y eso que antes llorabas
a mares."
0xfb7f8,24,親父の金庫が開いている！,,"La caja fuerte de mi papa
esta abierta!"
0xfb814,24,開け方は親父しか知らん。,,"Solo mi papa sabia como
abrirla."
0xfb830,24,電気つけられるんですか？,,"Se puede encender la
luz?"
0xfb84c,24,ひょっとして、気になる？,,"Sera que te da
curiosidad?"
0xfb868,24,レイカも一緒に行かない？,,"No vamos con Reika
tambien?"
0xfb884,24,んー。何も落ちてないや。,,"Mmm. No hay nada
tirado."
0xfb8a0,24,面白い人だったんですね。,,"Era una persona
interesante, verdad."
0xfb8bc,24,親父らしいイタズラだな。,,"Una broma bien tipica de
mi papa."
0xfb8d8,24,ほかになにか情報あった？,,"Habia alguna otra
informacion?"
0xfb8f4,24,座席のところに落ちてた。,,"Estaba tirado en el
asiento."
0xfb910,24,お化け屋敷をＯＮっと…。,,"Encender la casa
embrujada..."
0xfb92c,24,あの女の子…あの服……。,,"Esa nina... esa
ropa......"
0xfb948,24,ピエロに追われてるの！？,,"Te esta persiguiendo el
payaso!?"
0xfb964,24,（鏡に少しゆがみがある）,,"(El espejo esta un poco
deformado)"
0xfb980,24,赤いクレヨンでいっぱい、,,"Lleno de crayon rojo,"
0xfb99c,24,ね、ここ出よ。早く……！,,"Oye, salgamos de aqui.
Rapido......!"
0xfb9b8,24,そ、そんなことないよ…。,,N-no es asi...
0xfb9d4,24,まだ調べ終わってないわ。,,"Todavia no termino de
investigar."
0xfb9f0,24,他の場所も見てみようか。,,"Vamos a ver otros
lugares tambien?"
0xfba0c,24,こっちは出口だったかな。,,Este lado era la salida?
0xfba28,24,ずいぶん錆びついてるな。,,Esta bien oxidado.
0xfba44,24,おい、勝手に決めるなよ。,,"Oye, no decidas por tu
cuenta."
0xfba60,24,あの白い影に心当たりは？,,"Tiene idea de que es esa
sombra blanca?"
0xfba7c,24,（狂気のまなざしでした）,,"(Era una mirada de
locura)"
0xfba98,24,あの白いのは幽霊なのか？,,"Esa cosa blanca es un
fantasma?"
0xfbab4,24,心当たりがあるんですね？,,"Tiene alguna idea,
verdad?"
0xfbad0,24,何か、理由があるんです。,,Hay una razon para ello.
0xfbaec,25,"事務所がある。
そこへ…。",,"Hay una oficina.
Vamos ahi..."
0xfbb08,26,ただ肝試ししたいだけだろ。,,"Solo quieres hacer una
prueba de valor, no?"
0xfbb24,26,特に変わったものはないね。,,"No hay nada raro en
especial."
0xfbb40,26,まるで悪夢を見てるようだ。,,"Es como estar viviendo
una pesadilla."
0xfbb5c,26,マサキ！いまどこにいるの？,,"Masaki! Donde estas
ahora?"
0xfbb78,26,とにかく、さっさと行くぞ。,,"En fin, vamos rapido."
0xfbb94,26,……わかった。やってみる。,,"......Entendido. Lo
voy a intentar."
0xfbbb0,26,よく出来ているな。本物か？,,"Esta bien hecho. Sera
real?"
0xfbbcc,26,この上が観覧車前みたいね。,,"Parece que arriba de
esto esta frente a la
rueda de la fortuna."
0xfbbe8,26,はじめは誰もが青ざめるね。,,"Al principio todos se
ponen palidos."
0xfbc04,26,それで奥までいった証拠に、,,"Y como prueba de que
llegaste hasta el fondo,"
0xfbc20,26,待って。一度話し合おうよ。,,"Espera. Hablemoslo una
vez."
0xfbc3c,26,うん、やってやろうじゃん。,,"Si, hagamoslo."
0xfbc58,26,ちょっと大雑把でしょうか？,,"Sera un poco
descuidado?"
0xfbc74,26,特に変わった様子はないな。,,"No hay nada raro en
particular."
0xfbc90,26,スタッフルームに入るには、,,"Para entrar al cuarto del
personal,"
0xfbcac,26,ドリームパークのオーナー？,,"El dueno del Dream
Park?"
0xfbcc8,26,（これがウワサの真相……）,,"(Esta es la verdad detras
del rumor......)"
0xfbce4,26,もう何も心配しなくていい。,,"Ya no hace falta que te
preocupes por nada."
0xfbd00,26,中は暗いから気をつけろよ。,,"Adentro esta oscuro, ten
cuidado."
0xfbd1c,26,なんで最初に電話したとき、,,"Por que, cuando llame
por primera vez,"
0xfbd38,26,仕掛けになっているんだよ。,,Es un mecanismo.
0xfbd54,26,お化け屋敷で見たような…。,,"Parece algo que vi en la
casa embrujada..."
0xfbd70,26,イルミネーションライトか？,,Sera una luz decorativa?
0xfbd8c,26,暗闇を明るくしろってこと？,,"Quiere decir que ilumine
la oscuridad?"
0xfbda8,26,な、泣き声だよ、これ……。,,"E-esto es un
llanto......"
0xfbdc4,26,どうでもいいから早く行こ。,,"No importa, vamos
rapido."
0xfbde0,26,空気がひんやりしてる……。,,El aire esta frio......
0xfbdfc,26,ドリームパークのオーナー？,,"El dueno del Dream
Park?"
0xfbe18,26,何で、こんな時間にここに？,,"Por que estas aqui a esta
hora?"
0xfbe34,26,特に変わった様子はないな。,,"No hay nada raro en
particular."
0xfbe50,26,ううん、前はそう思ってた。,,"No, antes pensaba eso."
0xfbe6c,26,金庫の中身を確かめなきゃ。,,"Tengo que revisar el
contenido de la caja
fuerte."
0xfbe88,26,そんなウワサあったかなぁ。,,"Habra existido ese
rumor?"
0xfbea4,26,なんだこの感じ？まるで…。,,"Que es esta sensacion?
Es como..."
0xfbec0,26,空気がひんやりしてる……。,,El aire esta frio......
0xfbedc,26,それに、あのピエロは……。,,"Ademas, ese
payaso......"
0xfbef8,27,"そこをなんとか！
行こうよ。",,"Hazme el favor!
Vamos."
0xfbf14,27,"親父！俺だよ！
忘れたのか！",,"Papa! Soy yo!
Me olvidaste!?"
0xfbf30,28,どこかに逃げ道はないですか？,,"No hay alguna via de
escape por algun lado?"
0xfbf50,28,なかなか作りこまれているな。,,"Esta bastante bien
elaborado."
0xfbf70,28,本物を置いているって噂だよ。,,"Dicen que ponen cosas
reales."
0xfbf90,28,警察にも連絡しておくけど…。,,"Voy a avisarle a la policia
tambien, pero..."
0xfbfb0,28,ちっちゃいとき好きだったな。,,"Cuando era pequeno me
gustaba."
0xfbfd0,28,楽しいものは、より楽しく…。,,"Lo divertido, mas
divertido todavia..."
0xfbff0,28,もう１度よく見直してみたら？,,"Por que no lo revisas de
nuevo con calma?"
0xfc010,28,もう１度よく見直してみたら？,,"Por que no lo revisas de
nuevo con calma?"
0xfc030,28,この金庫、ダイヤルがない…。,,"Esta caja fuerte no tiene
combinacion..."
0xfc050,28,楽しいものは、より楽しく…。,,"Lo divertido, mas
divertido todavia..."
0xfc070,28,ミラーハウスで見たような…。,,"Parece algo que vi en la
casa de espejos..."
0xfc090,28,それはそうかもしれないが…。,,"Puede que sea asi,
pero..."
0xfc0b0,28,リコと俺とユウタと３人でね。,,"Entre Riko, Yuuta y yo,
los tres."
0xfc0d0,28,この近くにあった遊園地だよ。,,"Es el parque de
diversiones que estaba
cerca de aqui."
0xfc0f0,28,実はわたし、ドリームパークで,,"La verdad es que yo, en
el Dream Park,"
0xfc110,28,僕は先に行っちゃったから…。,,"Es que yo me
adelante..."
0xfc130,28,久しぶりだね本当。懐かしい。,,"De verdad hace tiempo
que no venia. Que
nostalgia."
0xfc150,28,うん。観覧車に１人で乗ると、,,"Si. Si subes solo a la
rueda de la fortuna,"
0xfc170,28,（電子ロックが開いている…）,,"(La cerradura
electronica esta
abierta...)"
0xfc190,28,あんまりミズキを脅かすなよ。,,"No asustes tanto a
Mizuki."
0xfc1b0,28,とかヘンなウワサがあってさ。,,"Hay rumores raros como
ese."
0xfc1d0,28,そんな大したものじゃないよ！,,"No es nada del otro
mundo!"
0xfc1f0,28,ちょ、ちょっと待ちなさいよ。,,Es-espera un momento.
0xfc210,28,昨日はおかげで忙しかったわ。,,"Gracias a eso ayer
estuve ocupada."
0xfc230,28,機械の電源は入ってないよな？,,"La maquina no esta
encendida, verdad?"
0xfc250,28,どうにかして扉を閉めれば…。,,"Si de alguna forma
cerramos la puerta..."
0xfc270,28,ねえ、ドリームパークって何？,,"Oye, que es el Dream
Park?"
0xfc290,28,マサキは観覧車前にいるよね？,,"Masaki esta frente a la
rueda de la fortuna, no?"
0xfc2b0,28,どうして風船がこんな所に…。,,"Por que hay un globo en
un lugar asi..."
0xfc2d0,28,マサキは観覧車前にいるよね？,,"Masaki esta frente a la
rueda de la fortuna, no?"
0xfc2f0,28,ハセガワさん、待って下さい！,,"Senor Hasegawa, espere
por favor!"
0xfc310,29,"オーナー…
つまりお父さんは、",,"El dueno... osea, su
papa,"
0xfc330,30,そんな気持ちを思い出させれば、,,"Si le hago recordar ese
sentimiento,"
0xfc350,30,この地図で確認しながらまわろ。,,"Vamos a recorrer
revisando este mapa."
0xfc370,30,…そう、また巻き込まれたのね。,,"...Ya veo, otra vez te
viste envuelta en esto."
0xfc390,30,いったいわたし、どうすれば…。,,"Que se supone que haga
yo..."
0xfc3b0,30,（そして、あの女の子は……？）,,"(Y esa nina... que fue
de ella......?)"
0xfc3d0,30,（いろいろな謎を残したまま、）,,"(Dejando varios
misterios sin resolver,)"
0xfc3f0,30,うん、わたしなりに考えてみた。,,"Si, lo pense a mi
manera."
0xfc410,30,邪悪なピエロがいられないほど？,,"Tanto que un payaso
maligno no pueda
quedarse?"
0xfc430,30,そう。楽しいものはより楽しく、,,"Si. Lo divertido, mas
divertido todavia,"
0xfc450,30,やってもらいたいことがあるの。,,"Hay algo que quiero que
hagan."
0xfc470,30,そんなに大雑把なわけないだろ。,,"No puede ser tan
descuidado."
0xfc490,30,座ると音がなるように出来てる。,,"Esta hecho para que
suene al sentarte."
0xfc4b0,30,こ、これは関係ないよね。うん。,,"E-esto no tiene nada que
ver. Si."
0xfc4d0,30,ちょっと。昔のことなんだから。,,"Oye. Eso fue hace
mucho tiempo."
0xfc4f0,30,開かないようになっていたが…。,,"Estaba hecho para que
no se abriera, pero..."
0xfc510,30,実は、気になる夢を見ちゃって。,,"La verdad es que tuve un
sueno que me preocupo."
0xfc530,30,今夜、ドリームパークに行くの？,,"Esta noche vas a ir al
Dream Park?"
0xfc550,30,……僕らが大きくなったんだよ。,,"......Es que nosotros
crecimos."
0xfc570,30,怪奇現象のウワサの現場は３つ。,,"Los lugares con rumores
de fenomenos extranos
son tres."
0xfc590,30,ゼッタイ、お尻が汚れちゃうよ。,,"Seguro que se me va a
ensuciar el trasero."
0xfc5b0,30,あたし、お化け屋敷に行きたい。,,"Yo quiero ir a la casa
embrujada."
0xfc5d0,30,うわ…。ゼッタイ何か出そう…。,,"Uy... seguro que va a
aparecer algo..."
0xfc5f0,30,泣くのは勘弁してくれよ、リコ。,,"No llores, por favor,
Riko."
0xfc610,30,お化け屋敷の意味ないよ、それ。,,"Eso no tiene sentido para
una casa embrujada."
0xfc630,30,（これからも守られていきます）,,"(Seguira siendo
protegido de ahora en
adelante)"
0xfc650,30,（あの遊園地の中に見たのか、）,,"(Si lo vio dentro de ese
parque de diversiones,)"
0xfc670,30,何か言いたいことがあるんだろ？,,"Tienes algo que quieres
decir, no?"
0xfc690,30,なんでこんなことになるのよぅ。,,"Por que termina pasando
esto..."
0xfc6b0,30,こんな日記を見つけるなんて…。,,"No puedo creer que
encontrara un diario
asi..."
0xfc6d0,30,ドリームパークのオーナーが！？,,"El dueno del Dream
Park!?"
0xfc6f0,30,どうやら管理事務所みたいだな。,,"Parece que es la oficina
de administracion."
0xfc710,30,ここで観覧車を操作するんだね。,,"Aqui es donde se opera
la rueda de la fortuna."
0xfc730,30,ずいぶん簡単な操作パネルだな。,,"Es un panel de control
bastante simple."
0xfc750,31,"なによっ！
いま取り込み中なの！",,"Que quieres!
Estoy ocupada ahora!"
0xfc770,31,"大丈夫。
どうってことないから。",,"Estoy bien.
No es nada del otro
mundo."
0xfc790,32,とにかく、このままじゃ危険です。,,"En fin, asi como estamos
es peligroso."
0xfc7b4,32,あんまり動かないほうがいいって。,,"Mejor no te muevas
mucho."
0xfc7d8,32,でも詳しい話はあとにしましょう。,,"Pero dejemos los detalles
para despues."
0xfc7fc,32,そう、どんな小さなものでもいい。,,"Si, con algo pequeno
basta."
0xfc820,32,流石に刃は作り物みたいだけどね。,,"Aunque claro, la hoja
parece ser falsa."
0xfc844,32,スプラッター映画でよく見るよね。,,"Se ve seguido en las
peliculas gore."
0xfc868,32,ピエロも…遊園地に現れる幽霊…。,,"El payaso tambien... un
fantasma que aparece en
el parque..."
0xfc88c,32,夢を継ぐ気はないみたいだけどね。,,"Aunque no parece tener
intencion de continuar el
sueno."
0xfc8b0,32,でも、彼の理念は徹底していたわ。,,"Pero su filosofia era muy
firme."
0xfc8d4,32,だったら、あのピエロも同じかも。,,"Entonces, tal vez ese
payaso sea igual."
0xfc8f8,32,だから、全体を照らすのは無理だ。,,"Por eso, es imposible
iluminar todo."
0xfc91c,32,オーナーの思い入れのあるものを、,,"Algo con un significado
especial para el dueno,"
0xfc940,32,リコが今、お化け屋敷にいたっけ。,,"Riko esta ahora en la
casa embrujada,
verdad."
0xfc964,32,それに、ドリームパークは特にね。,,"Y ademas, el Dream Park
en especial."
0xfc988,32,え！？どうして知ってるんですか？,,Eh!? Como lo sabe?
0xfc9ac,32,でも、彼の理念は徹底していたわ。,,"Pero su filosofia era muy
firme."
0xfc9d0,32,じゃあ、まずはどこから行こうか？,,"Bueno, por donde
empezamos primero?"
0xfc9f4,32,ひゃー、さわったら手が汚れそう。,,"Ay, si lo toco se me van
a ensuciar las manos."
0xfca18,32,いい感じでボロボロになってるな。,,"Esta bastante
deteriorado."
0xfca3c,32,わたしのお気に入りだった服なの。,,Era mi ropa favorita.
0xfca60,32,通路があるのは聞いたことがある。,,"He oido que hay un
pasadizo."
0xfca84,32,…霊の動きは収まったみたいだ…。,,"...Parece que el
movimiento del espiritu
se calmo..."
0xfcaa8,32,バーカ。じゃあ誰が先に入ろうか？,,"Tonto. Entonces, quien
entra primero?"
0xfcacc,32,それは……、そうかもしれないが。,,"Eso...... puede que
sea asi, pero."
0xfcaf0,32,リコ！よかった！どこからきたの？,,"Riko! Que bueno! De
donde saliste?"
0xfcb14,32,だってここ、電源きてないんだよ！,,"Es que aqui no llega la
energia!"
0xfcb38,32,早いところマサキとも合流しよう。,,"Reunamonos con Masaki
pronto."
0xfcb5c,32,とにかく、ここを動くのは危ない。,,"En fin, es peligroso
movernos de aqui."
0xfcb80,32,しっ、何か……音が聞こえないか？,,"Shh, no escuchas
algo... un sonido?"
0xfcba4,32,リコ！よかった！どこからきたの？,,"Riko! Que bueno! De
donde saliste?"
0xfcbc8,32,（夢のことは忘れることにします）,,"(Decido olvidar lo del
sueno)"
0xfcbec,32,早いところマサキとも合流しよう。,,"Reunamonos con Masaki
pronto."
0xfcc10,32,しっ、大きな声を出さない方が…。,,"Shh, mejor no hables
tan fuerte..."
0xfcc34,32,そんな物騒なもの、ここにはない。,,"Aqui no hay algo tan
peligroso."
0xfcc58,33,"ピエロに襲われる夢を
見たんです。",,"Tuve un sueno donde me
atacaba un payaso."
0xfcc7c,33,"→　観覧車
↓　メリーゴーラウンド",,"--Noria
vv Carrusel"
0xfcca0,33,"あ、私…
てっきり怒られるのかと。",,"Ah, yo... crei que me
ibas a regañar."
0xfccc4,33,"地下通路？
わかった、ありがとう。",,"Un pasadizo
subterraneo? Entendido,
gracias."
0xfcce8,33,"いったい、
なにが起こっているの？",,Que rayos esta pasando?
0xfcd0c,33,"心当たり？
…いや、馬鹿馬鹿しい。",,"Se me ocurre algo?
...No, es una tonteria."
0xfcd30,35,"親父のお気に入りの
場所だったから。",,"Porque era el lugar
favorito de mi viejo."
0xfcd54,35,"アイテムとして
しっかり見ておこう。",,"Voy a fijarme bien,
puede ser un objeto util."
0xfcd78,35,"おもしろそう！
やってやろうじゃん！",,"Suena divertido! Vamos
a hacerlo!"
0xfcd9c,35,"何か書いてあるな…
よく見てみよう。",,"Hay algo escrito... voy
a mirarlo bien."
0xfcdc0,35,"わからない。
私も見るのは初めてだ。",,"No lo se. Yo tambien lo
veo por primera vez."
0xfcde4,35,"それに金目のものなんて
ないはずだ。",,"Ademas, no deberia
haber nada de valor."
0xfce08,35,"↑　観覧車
→　ドリームパーク事務所",,"^^ Noria
-- Oficina de Dream
Park"
0xfce2c,35,"なにをする必要があるか
考えないと。",,"Tengo que pensar que
hay que hacer."
0xfce50,35,"またチェンメ？
ドリームパークは…。",,"Otra cadena de
mensajes? Lo de Dream
Park es..."
0xfce74,35,"もう十年ぐらい前だよ、
つぶれたの。",,"Fue hace como diez
años, quebro."
0xfce98,35,"観覧車が
金庫のカギだったなんて…。",,"No puedo creer que la
noria fuera la llave de la
caja fuerte..."
0xfcebc,35,"お化け屋敷に
電力を通す必要がある。",,"Hay que llevar
electricidad a la casa
embrujada."
0xfcee0,35,"そういうところに
興味本位で行くの、",,"Ir a esos lugares solo por
curiosidad,"
0xfcf04,35,"いえ、大した話じゃ
ありませんから。",,"No, no es nada
importante."
0xfcf28,35,"大丈夫です。
心配かけてすいません。",,"Estoy bien. Perdon por
preocuparte."
0xfcf4c,35,"私は真面目に
聞いていなかったから。",,"Es que no estaba
escuchando en serio."
0xfcf70,35,"なにをする必要があるか
考えないと。",,"Tengo que pensar que
hay que hacer."
0xfcf94,35,"乗ってみれば？
写真とってあげるよ。",,"Por que no te subes? Te
saco una foto."
0xfcfb8,35,"電子ロックが、これで
開けるはず…。",,"La cerradura electronica
deberia abrirse con
esto..."
0xfcfdc,35,"ここがホラースポットの
ひとつなの？",,"Este es uno de los
lugares de terror?"
0xfd000,35,"奥にある鏡に
自分の顔をうつすと…。",,"Si reflejas tu cara en el
espejo del fondo..."
0xfd024,35,"部屋の明かりを
つけなかったために、",,"Por no haber encendido
la luz del cuarto,"
0xfd048,35,"きっと鏡の角度で
そういう風に見える",,"Seguro que por el angulo
del espejo se ve asi"
0xfd06c,35,"もしかして、ここって
鬼門の方向！？",,"No me digas que esta es
la direccion maldita!?"
0xfd090,35,"メリーゴーラウンドで
見たような…。",,"Me parece haberlo visto
en el carrusel..."
0xfd0b4,35,"ここのオバケは
機械で動くんだけど、",,"Los fantasmas de aqui
funcionan con maquinas,
pero"
0xfd0d8,35,"鏡は光があって
はじめて光るんだよ。",,"Un espejo solo brilla si
hay luz."
0xfd0fc,35,"道順の矢印がかすかに
光っているね。",,"Las flechas del camino
brillan tenuemente."
0xfd120,35,"もしかしたら何かの
仕掛けかも……。",,"Tal vez sea algun tipo de
mecanismo..."
0xfd144,35,"通路はそれぞれの
アトラクションの、",,"El pasillo conecta cada
atraccion,"
0xfd168,35,"本当になくなるのか、
やっぱり……。",,"De verdad va a
desaparecer, despues
de todo..."
0xfd18c,35,"祟りなんてイタズラに
決まっている。",,"Una maldicion no es mas
que una broma, seguro."
0xfd1b0,35,"わたしたちは別に
イタズラなんか…。",,"Nosotras no hicimos
ninguna broma..."
0xfd1d4,35,"通路はそれぞれの
アトラクションの、",,"El pasillo conecta cada
atraccion,"
0xfd1f8,35,"霊たちが、楽しかった
思い出の場所に",,"Los espiritus, en el lugar
de sus recuerdos felices,"
0xfd21c,35,"今も遊園地で遊んでいる
っていうの？",,"Me estas diciendo que
siguen jugando en el
parque?"
0xfd240,35,"夜光塗料が、
かすかに光っているね。",,"La pintura fosforescente
brilla tenuemente."
0xfd264,37,"そんなこと、言われんでも
わかってる。",,"Eso ya lo se sin que me
lo digas."
0xfd28c,37,"マサキとリコとも
はぐれちゃったし…。",,"Ademas me separe de
Masaki y de Riko..."
0xfd2b4,37,"子供の頃、私は親父が…
嫌いだった…。",,"De nino, yo... odiaba a
mi viejo..."
0xfd2dc,37,"でもこの事務所になら…
あるかもな…。",,"Pero en esta oficina...
tal vez si haya..."
0xfd304,37,"私は親父のような情熱は
持っていない。",,"Yo no tengo la misma
pasion que tenia mi
viejo."
0xfd32c,37,"親父は強い信念をもった
経営者だった。",,"Mi viejo era un
empresario con fuertes
convicciones."
0xfd354,37,"←　ジェットコースター
　　お化け屋敷",,"Montana rusa
Casa embrujada"
0xfd37c,37,"秘密の地下通路のことは
ご存知ですか？",,"Sabe usted algo del
pasadizo secreto
subterraneo?"
0xfd3a4,37,"ただ電源を入れるだけじゃ
ダメだよね。",,"No basta con solo
encender la energia,
verdad?"
0xfd3cc,37,"そっか。
ミズキは行ったことないっけ？",,"Ya veo. Mizuki, tu no
habias ido?"
0xfd3f4,37,"ピエロは消えるんじゃ
ないでしょうか。",,"Creo que el payaso
podria desaparecer."
0xfd41c,37,"まさか、こんな大掛かりな
仕掛けを…。",,"No puedo creer que
hicieran un mecanismo
tan grande..."
0xfd444,37,"『呪いの遊園地』の謎を
解くためにね。",,"Para resolver el misterio
del parque maldito."
0xfd46c,37,"風船は必ず自分で
ガスを入れていると、",,"El siempre inflaba los
globos con gas el mismo,"
0xfd494,37,"ドリームパークに
行ったことあるんだ。",,"Si, he ido a Dream Park."
0xfd4bc,37,"こいつ、ピエロが怖くて
泣き出してさ。",,"Este se puso a llorar del
miedo que le dio el
payaso."
0xfd4e4,37,"…ま、解体前に最後の
お別れにいくか。",,"...Bueno, vayamos a
despedirnos antes de
que lo demuelan."
0xfd50c,37,"今夜、行ってみようって
ことになって。",,"Se decidio que iriamos
esta noche."
0xfd534,37,"スタッフルームへの扉は
電子ロックだ。",,"La puerta al cuarto del
personal tiene cerradura
electronica."
0xfd55c,37,"『電気をつけなくて
　良かったな』は、",,"Lo de
que bueno que no
encendimos la luz,"
0xfd584,37,"わかった、気をつける。
じゃ、またね。",,"Entendido, tendre
cuidado. Nos vemos."
0xfd5ac,37,"わたし、引っ越してきた
ばかりなのに、",,"Yo que recien me habia
mudado,"
0xfd5d4,37,"このドリームパークは、
私が再建する。",,"Yo voy a reconstruir este
Dream Park."
0xfd5fc,37,"ただ電源を入れるだけじゃ
ダメだよね。",,"No basta con solo
encender la energia,
verdad?"
0xfd624,37,"スタッフルームって
どこにあるのよ…？",,"Donde queda el cuarto
del personal...?"
0xfd64c,37,"自分が死ぬときの
顔がうつるんだって！",,"Dicen que se refleja la
cara que pondras al
morir!"
0xfd674,37,"壁の裏に閉鎖された
隠し部屋があって、",,"Detras de la pared hay
un cuarto secreto
clausurado,"
0xfd69c,37,"暗闇の中にメッセージが
あるってこと？",,"Quieres decir que hay un
mensaje en la oscuridad?"
0xfd6c4,37,"わたしたちの状況とか
理解できてたの？",,"Entendias lo que nos
estaba pasando?"
0xfd6ec,37,"昔ここに入った時、
リコが怖がってさ。",,"Cuando entramos aqui
hace tiempo, Riko se
asusto."
0xfd714,37,"違うよっ！
ユウタに聞いてみなさいよ。",,"Eso no es cierto!
Preguntale a Yuuta."
0xfd73c,37,"扉のすぐ外にいるの！
なんとかしてっ！",,"Esta justo afuera de la
puerta! Haz algo!"
0xfd764,37,"（ラッキー！
　扉のカギがかかった！）",,"Que suerte!
La puerta se cerro con
llave!"
0xfd78c,37,"早くしてよ！
もうすぐそこまで来てる！",,"Apurate! Ya casi llega
hasta aqui!"
0xfd7b4,37,"な、なにかの聞き間違えだよ、
きっと。",,"S-seguro que
escuchamos mal, algo
asi."
0xfd7dc,37,"私はハセガワという。
ここの所有者だ。",,"Me llamo Hasegawa. Soy
el dueño de este lugar."
0xfd804,37,"（大きな謎が
　残ることになりました）",,"Quedo un gran misterio
sin resolver"
0xfd82c,37,"何なんだ？
何のイタズラだ、これは！？",,"Que es esto? Que clase
de broma es esta!?"
0xfd854,37,"まずは、あの金庫を調べて
みましょう。",,"Primero, revisemos esa
caja fuerte."
0xfd87c,37,"あのピエロに心当たりは
ありませんか？",,"No se le ocurre nada
sobre ese payaso?"
0xfd8a4,37,"あの白い影に心当たりは
ありませんか？",,"No se le ocurre nada
sobre esa sombra
blanca?"
0xfd8cc,37,"確かに……
親父の格好によく似ている。",,"Es verdad... se parece
mucho a como se vestia
mi viejo."
0xfd8f4,39,"どちらにせよ、
もう電源通ってないから。",,"De cualquier forma, ya
no hay electricidad."
0xfd91c,39,"だろうな。
しばらく隠れて様子を見るよ。",,"Me lo imagino. Voy a
esconderme un rato a
ver que pasa."
0xfd944,39,"（そして、
　わたしを見つめるピエロの）",,"Y el payaso
que me miraba fijamente"
0xfd96c,39,"（わたしたちの長い夜は
　終わりました）",,"Nuestra larga noche
llego a su fin"
0xfd994,39,"それまであなたたちで
なんとかしなきゃ。",,"Hasta entonces, tendran
que arreglarselas
ustedes."
0xfd9bc,39,"（あのピエロの目的が
　何だったのか？）",,"Cual habra sido el
proposito de ese payaso?"
0xfd9e4,39,"そんなに自慢するほどのことじゃ
ねーよ。",,"No es como para andar
presumiendo tanto."
0xfda0c,39,"たぶん、みんなまだ
生きているつもりで、",,"Seguro que todos creen
que siguen vivos, y"
0xfda34,39,"マサキ、
観覧車の操作室まで移動できる？",,"Masaki, puedes llegar
hasta la sala de control
de la noria?"
0xfda5c,39,"←　ミラーハウス
　　メリーゴーラウンド",,"Casa de espejos
Carrusel"
0xfda84,39,"短時間、そして１区画なら
なんとかなる。",,"Por poco tiempo y en una
sola zona, se podra."
0xfdaac,39,"今夜、ドリームパークに
行ってみようか。",,"Vamos a Dream Park esta
noche?"
0xfdad4,39,"親父は風船を配るのを
楽しみにしていた。",,"A mi viejo le encantaba
repartir globos."
0xfdafc,39,"それはもちろん、
ドリームパーク全体よ。",,"Eso, por supuesto, es
todo Dream Park."
0xfdb24,39,"子供の頃の記憶は、
不確かなものだから。",,"Los recuerdos de la
infancia son poco
fiables."
0xfdb4c,39,"どうしたミズキ？
顔色悪いみたいだけど。",,"Que te pasa, Mizuki? Te
ves palida."
0xfdb74,39,"イヤ。だって、
こんなところに座ったら、",,"No quiero. Es que si me
siento en un lugar asi,"
0xfdb9c,39,"もしもしリコ？
お願いがあるんだけど…。",,"Hola, Riko? Tengo que
pedirte un favor..."
0xfdbc4,39,"いいけど、ホントそういうの
好きだよな。",,"Esta bien, pero de
verdad te gustan esas
cosas."
0xfdbec,39,"…盛り上げようとして
言い過ぎました…。",,"...Me pase tratando de
animar el ambiente..."
0xfdc14,39,"いつになく積極的だね。
じゃあ、どうぞ。",,"Que raro verte tan
decidida. Bueno,
adelante."
0xfdc3c,39,"奥まで行って、
写真を撮ってこないと…。",,"Tengo que ir hasta el
fondo y sacar una
foto..."
0xfdc64,39,"「おかあさん出して」って
書かれていた。",,"Decia: Sacame de aqui,
mama."
0xfdc8c,39,"子供の頃の記憶は、
不確かなものだから。",,"Los recuerdos de la
infancia son poco
fiables."
0xfdcb4,39,"追いついちゃったな。
じゃあ、戻ろうか。",,"Ya te alcance. Bueno,
volvamos?"
0xfdcdc,39,"マサキの『死に顔』
見せてもらおうかな。",,"A ver si me muestras la
cara de muerto de
Masaki."
0xfdd04,39,"自分の死に顔が映るって…
ホントかなぁ。",,"Que se refleja tu propia
cara de muerto... sera
cierto?"
0xfdd2c,39,"それほどの照明設備は
もうないのだが…。",,"Ya no queda tanto
equipo de iluminacion,
pero..."
0xfdd54,39,"古いから、だいぶ弱くなって
いるけどね。",,"Como es viejo, ya esta
bastante debil."
0xfdd7c,39,"セキュリティで
ロックされたままみたい。",,"Parece que sigue
bloqueado por
seguridad."
0xfdda4,39,"ユウタはよくお化け屋敷
入ってたもんな。",,"Yuuta entraba seguido a
la casa embrujada."
0xfddcc,39,"（わたしたちの
　長い夜は終わりました）",,"Nuestra larga noche
llego a su fin"
0xfddf4,39,"あ、ミズキ。
もしかして…ビビッてない？",,"Ah, Mizuki. No
estaras... asustada?"
0xfde1c,39,"親父はここを使って園内を
回っていた…。",,"Mi viejo usaba esto para
recorrer el parque..."
0xfde44,39,"（そして、
　わたしを見つめるピエロの）",,"Y el payaso
que me miraba fijamente"
0xfde6c,39,"ああっ、マサキとリコと
はぐれちゃった。",,"Ay, me separe de Masaki
y de Riko."
0xfde94,41,"どう？お化け屋敷でも泣かなかった
でしょ。",,"Que tal? No llore ni en la
casa embrujada, no?"
0xfdec0,41,"息子さんって、ハセガワさんの
ことだよね。",,"El hijo es el senor
Hasegawa, verdad?"
0xfdeec,41,"そして、
恐ろしいものはより恐ろしく、だ。",,"Y lo que da miedo, que
de mas miedo aun."
0xfdf18,41,"それがあのピエロじゃないか
と思うんです。",,"Creo que ese podria ser
el payaso."
0xfdf44,41,"ピエロに変装した変質者が
子供をさらう…。",,"Un pervertido disfrazado
de payaso secuestra
ninos..."
0xfdf70,41,"どうやったら、
思い出させることができる？",,"Como puedo hacer que lo
recuerde?"
0xfdf9c,41,"もちろん、あんたたちも
一緒に来なさいよ。",,"Por supuesto, ustedes
tambien vengan
conmigo."
0xfdfc8,41,"ねぇ、レイカ。
ドリームパークに興味ない？",,"Oye, Reika. No te
interesa Dream Park?"
0xfdff4,41,"あまり遅くならないように
気をつけるのよ。",,"Ten cuidado de no volver
muy tarde."
0xfe020,41,"もしかしたら、
覚えていないだけなのかも。",,"Tal vez simplemente no
lo recuerde."
0xfe04c,41,"ピエロやマスコットたちが
移動するための、",,"Para que los payasos y
las mascotas se
movieran,"
0xfe078,41,"ビックリさせることが
大好きなオーナーで。",,"Era un dueño al que le
encantaba dar sustos."
0xfe0a4,41,"もしかしたら、
覚えていないだけなのかも。",,"Tal vez simplemente no
lo recuerde."
0xfe0d0,41,"じゃあ、
俺、ユウタ、リコ、ミズキの順で。",,"Entonces, en orden: yo,
Yuuta, Riko y Mizuki."
0xfe0fc,41,"どうせまた泣き出すんだから
やめとけって。",,"Total vas a llorar de
nuevo, mejor no vayas."
0xfe128,41,"（これで違和感のある顔に
　うつるんだわ）",,"Con esto se refleja una
cara rara"
0xfe154,41,"俺のケータイ、暗いところだと
写り悪くて。",,"Mi celular saca fotos
malas en lugares
oscuros."
0xfe180,41,"横の鏡に映っている顔、
角度おかしくない？",,"No te parece raro el
angulo de la cara en el
espejo de al lado?"
0xfe1ac,41,"明るいと、いろいろ見えて
当たり前だけど、",,"Con luz, es normal que
se vean muchas cosas,
pero"
0xfe1d8,41,"暗くして見えてくるものなんて
あるのかな？",,"Habra algo que solo se
vea a oscuras?"
0xfe204,41,"（ドリームパークの再建が
　始まりました）",,"Comenzo la
reconstruccion
de Dream Park"
0xfe230,41,"（オーナーのドリームパーク
　への夢は、）",,"El sueño del dueño
para Dream Park,"
0xfe25c,41,"オーナーだった親父は
ずいぶん前に死んだ。",,"Mi viejo, que era el
dueño, murio hace
mucho tiempo."
0xfe288,41,"こんなところにいられない！
早く逃げよう！",,"No podemos quedarnos
aqui! Escapemos rapido!"
0xfe2b4,43,"じゃあ、ドリームパークから
外に出る方法は？",,"Entonces, como se sale
de Dream Park?"
0xfe2e0,43,"いまドリームパークで
霊に追いかけられてて！",,"Ahora mismo un espiritu
me esta persiguiendo en
Dream Park!"
0xfe30c,43,"（ドリームパークは
　消えようとしています）",,"Dream Park esta
a punto de desaparecer"
0xfe338,43,"どうしてオーナーは邪悪な
ピエロなんかに…。",,"Por que el dueño se
convirtio en un payaso
maligno..."
0xfe364,43,"生きていたときの
楽しかったという気持ちが、",,"El sentimiento de
felicidad de cuando
estaba vivo,"
0xfe390,43,"イタズラで人を驚かすのが
好きな親父だった。",,"Era un viejo al que le
gustaba asustar a la
gente con bromas."
0xfe3bc,43,"でも、もう１面の楽しいものを
より楽しく…、",,"Pero hacer que lo
divertido sea aun mas
divertido..."
0xfe3e8,43,"とにかく言われたとおりに
すればいいんだな。",,"Total, solo tengo que
hacer lo que me dijeron."
0xfe414,43,"うちの小学校だと、
ピエロがさらった子供は、",,"En mi primaria, decian
que a los ninos que se
llevaba el payaso,"
0xfe440,43,"じゃあ、決まり！
今夜７時、ゲート前集合ね。",,"Bueno, decidido! Nos
juntamos hoy a las 7
frente a la entrada."
0xfe46c,43,"しつこいわね。
行かないって言ってるでしょ。",,"Que insistente. Ya te
dije que no voy a ir."
0xfe498,43,"それに、ドリームパークは
特に行きたくない。",,"Ademas, no tengo
especial interes en ir a
Dream Park."
0xfe4c4,43,"よくわかんないけど……
行くなら気をつけて。",,"No entiendo bien...
pero si van, tengan
cuidado."
0xfe4f0,43,"ドリームパークのことを
聞きたいんですけど。",,"Queria preguntarle sobre
Dream Park."
0xfe51c,43,"私が聞いたことがあるのは、
オーナーの人柄。",,"Lo que yo escuche fue
sobre la personalidad del
dueño."
0xfe548,43,"ゲート付近につながっている
可能性が高いね。",,"Es muy probable que
conecte cerca de la
entrada."
0xfe574,43,"昔はもっと広く感じたけどな。
なぁ、ユウタ？",,"Antes se sentia mas
grande. No crees,
Yuuta?"
0xfe5a0,43,"侵入者に気がつかず、
命が助かったって話…。",,"Una historia de alguien
que se salvo porque el
intruso no lo noto..."
0xfe5cc,43,"…じゃあ、
他のアトラクションに行こうかっ！",,"...Bueno, vamos a otra
atraccion!"
0xfe5f8,43,"お化け屋敷に手がかりが
あるんだよ、きっと！",,"Seguro que hay una
pista en la casa
embrujada!"
0xfe624,43,"ごめん、リコ！
またお願いがあるんだけど…。",,"Perdon, Riko! Tengo
otro favor que
pedirte..."
0xfe650,43,"慣れちゃってぜんぜん
怖がらなくなってたし。",,"Ya me habia
acostumbrado y no me
daba nada de miedo."
0xfe67c,43,"（それから間もなく、
　ハセガワさんの手で）",,"Poco despues,
por mano del señor
Hasegawa"
0xfe6a8,43,"よし、わたしたちもそこを
使って移動しよう。",,"Bien, usemos eso
tambien para movernos."
0xfe6d4,43,"僕がナナシじゃないかと疑ってる、
そうだろ？",,"Sospechas que yo soy
Nanashi, verdad?"
0xfe700,43,"だって、ユウタはわたしの
大事な友達だから。",,"Es que Yuuta es un
amigo muy importante
para mi."
0xfe72c,43,"風船以外は特に変わったものは
無いようだな。",,"Aparte de los globos, no
parece haber nada raro."
0xfe758,43,"もしかしたら上のほうに
誰か乗ってたりして。",,"A lo mejor hay alguien
montado arriba."
0xfe784,43,"確かに上のほうは暗くて
よく見えないけど…。",,"Es verdad que arriba
esta oscuro y no se ve
bien..."
0xfe7b0,43,"よし、わたしたちもそこを
使って移動しよう。",,"Bien, usemos eso
tambien para movernos."
0xfe7dc,43,"この階段を上がれば
観覧車に出るみたいだな。",,"Parece que si subimos
esta escalera llegamos a
la noria."
0xfe808,43,"よくピエロの格好で
パーク内をまわっていた。",,"Solia recorrer el parque
disfrazado de payaso."
0xfe834,45,"あの正面のゲート以外は
完全に封鎖されている。",,"Aparte de la entrada
principal, todo esta
completamente cerrado."
0xfe864,45,"親父が１番気に入っていたのは
その色じゃない。",,"Ese no era el color que
mas le gustaba a mi
viejo."
0xfe894,45,"うん、いまのところは…。
みんなどこにいるの？",,"Si, por ahora... Donde
estan todos?"
0xfe8c4,45,"マサキがいる観覧車にはどうやった
らいけるの？",,"Como se llega a la noria
donde esta Masaki?"
0xfe8f4,45,"この通路のどこかに観覧車へ続く
階段があるぞ。",,"En algun lugar de este
pasillo hay una escalera
que lleva a la noria."
0xfe924,45,"親父はいつもドリームパークの
運営に夢中で…。",,"Mi viejo siempre estaba
metido de lleno en
administrar Dream
Park..."
0xfe954,45,"知ってる知ってる。
人をズバーって切るやつね。",,"Si, si, lo conozco. El
truco de cortar a alguien
en dos."
0xfe984,45,"いまよりももっとハッピーな
ドリームパークに、",,"En un Dream Park mucho
mas feliz que el de
ahora,"
0xfe9b4,45,"今は電気が通ってないから、
飛び出たままだね。",,"Como ahora no hay
electricidad, se quedo
asi, afuera."
0xfe9e4,45,"わたしの言うように観覧車を
動かして欲しいの。",,"Quiero que muevas la
noria como te voy a
decir."
0xfea14,45,"ここで遊んでる霊たちは
本当に楽しそうでした。",,"Los espiritus que
jugaban aqui se veian de
verdad felices."
0xfea44,45,"ミラーハウス、観覧車、
それとお化け屋敷……。",,"La casa de espejos, la
noria, y la casa
embrujada..."
0xfea74,45,"ケータイで自分の死に顔を撮って
もどってくる。",,"Sacate una foto de tu
cara de muerto con el
celular y vuelve."
0xfeaa4,45,"まずはこのドリームパークを
探検してみようぜ。",,"Primero, exploremos
este Dream Park."
0xfead4,45,"部屋を明るくしてはじめて
見える赤い文字と…、",,"Letras rojas que solo se
ven si se ilumina el
cuarto, y..."
0xfeb04,45,"あたしたちの面倒見るのにも
慣れたってことか。",,"Osea que ya te
acostumbraste a
cuidarnos."
0xfeb34,45,"お化け屋敷の電源スイッチは
配電盤にあったよ。",,"El interruptor de la casa
embrujada estaba en el
tablero electrico."
0xfeb64,45,"死んで十年以上経つのに、
なぜあんな姿で……。",,"Aunque murio hace mas
de diez años, por que
tiene esa forma..."
0xfeb94,45,"どこかにピエロに対抗できる
武器はないですか？",,"No habra en algun lado
un arma para hacerle
frente al payaso?"
0xfebc4,47,"マサキは観覧車の前。
わたしたちは事務所にいる。",,"Masaki esta frente a la
noria. Nosotras estamos
en la oficina."
0xfebf4,47,"たぶん、私有地だから
入るのには時間がかかるわ。",,"Seguro que, al ser
propiedad privada,
tardaremos en entrar."
0xfec24,47,"ここのオーナーが、
海外から取り寄せてきたとか。",,"Dicen que el dueño lo
mando a traer del
extranjero."
0xfec54,47,"私はドリームパークのこと、
もう少し調べてみる。",,"Voy a investigar un poco
mas sobre Dream Park."
0xfec84,47,"オーナーの思い出の品って、
なにかありませんか？",,"No hay algun objeto que
le recuerde al dueño?"
0xfecb4,47,"私も他の子供のように
親父と遊びたかったんだ…。",,"Yo tambien queria jugar
con mi viejo como los
demas ninos..."
0xfece4,47,"だからドリームパークにも
あまり近づかなかった。",,"Por eso tampoco me
acercaba mucho a Dream
Park."
0xfed14,47,"遊園地の楽しい雰囲気を
求めてやってきている…。",,"Vienen buscando el
ambiente alegre del
parque de
diversiones..."
0xfed44,47,"こうして仕掛けが分かると、
なんかマヌケだよね。",,"Ahora que se entiende el
truco, da un poco de
verguenza, no?"
0xfed74,47,"よくわからないけど、
移動しておけばいいんだな。",,"No entiendo muy bien,
pero con moverme ya
esta, no?"
0xfeda4,47,"遊園地の思い出があった
からこそ集まってきた…。",,"Se reunieron aqui
justamente por los
recuerdos del parque..."
0xfedd4,47,"そのまま残って、ここに
集まっているんだと思う。",,"Creo que se quedaron asi
y se reunieron aqui."
0xfee04,47,"そう、恐ろしいものを
より恐ろしくしたいという、",,"Si, el deseo de hacer
que lo que da miedo de
mas miedo aun,"
0xfee34,47,"たしか防犯のため、電源が
供給されていない夜間は",,"Segun recuerdo, por
seguridad, durante la
noche sin electricidad"
0xfee64,47,"ドリームパークについて、
ネットで調べてみたの。",,"Investigue sobre Dream
Park en internet."
0xfee94,47,"秘密の地下通路があるって
いうウワサがあったわ。",,"Habia un rumor de que
existia un pasadizo
secreto subterraneo."
0xfeec4,47,"行った事がない場所を
夢で見るなんて変ですよね。",,"Es raro sonar con un
lugar al que nunca fui,
no?"
0xfeef4,47,"移動が目的だとすると、
いくつかに枝分かれして、",,"Si el objetivo es
moverse, se dividiria en
varias ramas,"
0xfef24,47,"停電でロックされたまま
だった、スタッフルームの",,"El cuarto del personal,
que seguia bloqueado
por el corte de luz,"
0xfef54,47,"ずいぶん静かになった。
ちょっと様子を見てくる。",,"Se quedo bastante
silencioso. Voy a ver que
pasa."
0xfef84,47,"部屋を明るくしなかった
からこそ難を逃れる話…。",,"Una historia de que se
salvo justamente por no
iluminar el cuarto..."
0xfefb4,47,"ここ、ホントの霊が出るって
噂があったんだよな。",,"Aqui corria el rumor de
que salian espiritus de
verdad."
0xfefe4,47,"でも、外側からじゃ
わからなくなっているみたい。",,"Pero parece que desde
afuera ya no se puede
distinguir."
0xff014,47,"でも、もう、ユウタを疑うことは、
やめにしたの。",,"Pero ya deje de
sospechar de Yuuta."
0xff044,47,"でも、外側からじゃ
わからなくなっているみたい。",,"Pero parece que desde
afuera ya no se puede
distinguir."
0xff074,49,"お化け屋敷の中。
サイアクな場所に隠れちゃったよ。",,"Dentro de la casa
embrujada. Me escondi
en el peor lugar posible."
0xff0a8,49,"（ドリームパークの解体作業が
　始まったそうです）",,"(Parece que empezaron
las obras de demolicion
de Dream Park)"
0xff0dc,49,"昔は近付いたら、人形が飛び出す
仕掛けだったんだ。",,"Antes, si te acercabas,
saltaba un muñeco de
sorpresa."
0xff110,49,"オーナーが強い信念をもったまま、
亡くなっていて、",,"El dueño murio
manteniendo firmes sus
convicciones, y"
0xff144,49,"もう昔のような照明や
電源施設は撤去してしまった。",,"Ya quitaron la
iluminacion y las
instalaciones electricas
de antes."
0xff178,49,"マサキ聞こえる？
いま観覧車の電源をＯＮにしたわ。",,"Masaki, me escuchas?
Acabo de encender la
energia de la noria."
0xff1ac,49,"この図がなにを意味しているか、
よく考えてみよう。",,"Pensemos bien que
significa este dibujo."
0xff1e0,49,"ロウ人形にされて、
お化け屋敷に飾られているとか。",,"Dicen que lo convirtieron
en figura de cera y lo
pusieron en la casa
embrujada."
0xff214,49,"その意見に賛成。
この地下通路を使えばできそうだ。",,"Estoy de acuerdo.
Parece que se puede
lograr usando este
pasadizo subterraneo."
0xff248,49,"興味本位でそういうことするの、
まだ懲りてないの？",,"Todavia no aprendes a
no hacer esas cosas solo
por curiosidad?"
0xff27c,49,"手作りの模型…。
これは想い入れがないと作れない。",,"Una maqueta hecha a
mano... esto no se hace
sin mucho cariño."
0xff2b0,49,"わかった、ごめん。
わたし、無神経に誘っちゃって。",,"Entendido, perdon. Fui
insensible al invitarte."
0xff2e4,49,"あなたは、ただ興味本位って
わけじゃないんでしょ？",,"Tu no lo haces solo por
curiosidad, verdad?"
0xff318,49,"大丈夫よ。夜遊びを止めようなんて
思ってないから。",,"Tranquila. No pienso
decirte que dejes de salir
de noche."
0xff34c,49,"ドリームパークに行ったことが
あるってことですか？",,"Eso quiere decir que
usted fue a Dream Park?"
0xff380,49,"（これだけやせれば、
　ダイエットしなくて済むね）",,"(Con adelgazar asi, ya
no necesito hacer dieta)"
0xff3b4,49,"ドリームパークに行ったことが
あるってことですか？",,"Eso quiere decir que
usted fue a Dream Park?"
0xff3e8,49,"今までこういう流れで
大事にならなかったことある？",,"Alguna vez esto no
termino siendo un
problema grave?"
0xff41c,49,"とにかく、早く１番奥まで行って
写真撮っちゃおう。",,"Bueno, vayamos rapido
hasta el fondo y
saquemos la foto."
0xff450,49,"（ただ、どうして幼いころの
　わたし自身の幻を、）",,"(Pero, por que la ilusion
de mi misma de
pequeña,)"
0xff484,49,"そうね、まずはここでじっくり対策
を考えましょう。",,"Es verdad, pensemos
bien un plan aqui
primero."
0xff4b8,49,"そうだとしたら…、
降りれなくて困っているかもな。",,"Si es asi... tal vez este
atrapado sin poder
bajar."
0xff4ec,51,"オーナーが最も心にとめていた
ものを探し出しなさい。",,"Encuentra lo que el
dueño mas apreciaba en
su corazon."
0xff520,51,"（結局、わたしの運命は
　夢で見た通りだったのです）",,"(Al final, mi destino fue
tal como lo vi en el
sueño)"
0xff554,51,"オーナーが最も心にとめていた
ものを探し出しなさい。",,"Encuentra lo que el
dueño mas apreciaba en
su corazon."
0xff588,51,"ちょっとさわるとバラバラ
になる仕組みになっている。",,"Esta hecho de forma que
se desarma con solo
tocarlo un poco."
0xff5bc,51,"死んだオーナーの息子が、
解体を計画しているらしい。",,"Parece que el hijo del
dueño fallecido esta
planeando la demolicion."
0xff5f0,51,"そう？何か心配事があるなら
話した方が楽になるわよ。",,"Ah si? Si tienes alguna
preocupacion, contarla
te hara sentir mejor."
0xff624,51,"頂上付近でいつのまにか
もう１人が乗ってるらしいよ。",,"Dicen que cerca de la
cima, sin darte cuenta,
aparece otra persona
montada."
0xff658,51,"さて、ここで提案！
１人ずつ、時間を空けて入らない？",,"Bueno, una propuesta!
Que tal si entramos uno
por uno, con tiempo de
por medio?"
0xff68c,51,"暗闇だからこそ見えるもの…。
どこかで見た気がする。",,"Algo que solo se ve por
estar a oscuras...
siento que lo vi en algun
lado."
0xff6c0,51,"（結局……、全員無事に
　ドリームパークを脱出し、）",,"(Al final... todos
escapamos sanos y
salvos de Dream Park,)"
0xff6f4,51,"（でも、わからないままで
　よかったかもしれません）",,"(Pero tal vez haya sido
mejor no saberlo)"
0xff728,51,"（結局、わたしの運命は
　夢で見た通りだったのです）",,"(Al final, mi destino fue
tal como lo vi en el
sueño)"
0xff75c,53,"逃げる方法を考えるか……
あのピエロの謎を解かないと。",,"Pensar como escapar...
o resolver el misterio de
ese payaso."
0xff794,53,"…あのピエロ…風船を見て、
一瞬正気に戻ったような…。",,"...Ese payaso... al ver
el globo parecio
recuperar la cordura por
un instante..."
0xff7cc,53,"ガスって…ヘリウムガス？
それってどこかにありますか？",,"Gas... te refieres a
helio? Hay algo de eso
por aqui?"
0xff804,53,"以前…、お化け屋敷の
スタッフルームで見かけたような。",,"Antes... creo que lo vi
en el cuarto del personal
de la casa embrujada."
0xff83c,53,"もう、ホントに怖がりなんだから。
じゃ、男子からだね。",,"Que miedosa eres, de
verdad. Bueno,
entonces empiezan los
chicos."
0xff874,53,"このまま通路の先へ行けば、
ゲート前に出れるみたいよ。",,"Si seguimos por este
pasillo, parece que
salimos frente a la
entrada."
0xff8ac,53,"ここは潰す予定だ……。
今さら私にどうしろというんだ？",,"Este lugar sera
demolido... Que quieres
que haga yo ahora?"
0xff8e4,53,"ドリームパークが閉鎖されて、
何年も経つと言うのに…。",,"Aunque ya pasaron
varios años desde que
cerro Dream Park..."
0xff91c,53,"ここは潰す予定だ……。
今さら私にどうしろというんだ？",,"Este lugar sera
demolido... Que quieres
que haga yo ahora?"
0xff954,55,"そこまでビビらなくても。
よっぽどコワイ夢でも見てたの？",,"No hace falta que te
asustes tanto. Tuviste
una pesadilla o algo asi?"
0xff98c,55,"人の想いが集まる場所には、
何かが残っているものだから。",,"En los lugares donde se
juntan los sentimientos
de la gente, siempre
queda algo."
0xff9c4,55,"ところで、オーナーが最も心に
とめていたものはわかった？",,"Por cierto, ya
descubriste que era lo
que mas apreciaba el
dueño?"
0xff9fc,55,"こういうとき、最初に入った方が
ハッキリ見えるらしいよ。",,"Dicen que en estos
casos, el primero en
entrar es el que ve mas
claro."
0xffa34,55,"電灯の明かりなんかを吸収して、
発光する性質があるんだ。",,"Tiene la propiedad de
absorber la luz de las
lamparas y despues
brillar."
0xffa6c,55,"ここを取り壊すためだよ。
祟りの正体を確かめに来たんだ。",,"Es para demoler este
lugar. Vine a comprobar
que hay detras de la
maldicion."
0xffaa4,55,"あたしたちだって、タタリの正体を
たしかめに来たのに…。",,"Nosotras tambien
vinimos a comprobar que
hay detras de la
maldicion..."
0xffadc,55,"人の想いが集まる場所には、
何かが残っているものだから。",,"En los lugares donde se
juntan los sentimientos
de la gente, siempre
queda algo."
0xffb14,55,"リコが危ないの！スタッフルームの
外にピエロがいるって。",,"Riko esta en peligro!
Dicen que hay un payaso
afuera del cuarto del
personal."
0xffb4c,57,"（わたしが最後に見た光景は、
　血に染まったテーマパーク）",,"(Lo ultimo que vi fue el
parque tenido de
sangre)"
0xffb88,57,"オーナーが大好きだった、
大掛かりなサプライズで見せるの。",,"Se los muestro con una
gran sorpresa, algo que
le encantaba al dueño."
0xffbc4,57,"幽霊役の人がいて怖かったって
言われたことがあったらしい。",,"Dicen que alguien conto
que le dio miedo por una
persona que hacia de
fantasma."
0xffc00,57,"（わたしが最後に見た光景は、
　血に染まったテーマパーク）",,"(Lo ultimo que vi fue el
parque tenido de
sangre)"
0xffc3c,59,"そのメリーゴーラウンドの模型は、
親父が自分でつくったんだ。",,"Esa maqueta del carrusel
la hizo mi viejo con sus
propias manos."
0xffc78,59,"だったらあの霊たちの力を借りて、
ピエロを元に戻せないかな。",,"Entonces, no se podra
usar el poder de esos
espiritus para que el
payaso vuelva a la
normalidad?"
0xffcb4,59,"楽しいものはより楽しくって、
それが彼の理念だったらしいわ。",,"Parece que su lema era:
lo divertido, hacerlo aun
mas divertido."
0xffcf0,59,"みんなが集まる夢の遊園地を、
真剣に作ろうとしていたんです。",,"Estaba tratando en serio
de crear un parque de
diversiones soñado
donde todos se
reunieran."
0xffd2c,59,"楽しいものはより楽しくって、
それが彼の理念だったらしいわ。",,"Parece que su lema era:
lo divertido, hacerlo aun
mas divertido."
0xffd68,59,"ちょっとぉ。女の子をからかう
なんてヒドくない？ね、ミズキ。",,"Oye. No es cruel
burlarse de una chica?
Verdad, Mizuki."
0xffda4,59,"（結局、わたしたちが見たものの
　正体はわかりませんでした）",,"(Al final, nunca supimos
que era realmente lo que
vimos)"
0xffde0,59,"お化け屋敷の電源を落とせば扉に
ロックがかかるんじゃないか？",,"Si cortamos la energia de
la casa embrujada, no se
bloquearia la puerta?"
0xffe1c,61,"その信念がピエロというカタチで
今、現れているのだとしたら…。",,"Si esa conviccion se
manifiesta ahora en
forma de ese payaso..."
0xffe5c,61,"作り物って分かっているのに、
どうも１人だと不安になるなぁ…。",,"Aunque se que es falso,
estar solo me pone
nervioso de todos
modos..."
0xffe9c,61,"どこから、お化けが出てくるか、
仕掛けも全部覚えちゃったから。",,"Ya me aprendi de
memoria todos los
trucos, de donde sale
cada fantasma."
0xffedc,63,"（私はピエロに追いかけられている
　こと、そしてそのピエロは、）",,"(Que un payaso me
estaba persiguiendo, y
que ese payaso,)"
0xfff1c,63,"オーナーが死んだ後に閉鎖されて、
ずっと放置されているらしいよ。",,"Dicen que cerro despues
de que murio el dueño y
quedo abandonado
desde entonces."
0xfff5c,63,"早いトコ、スタッフルームを探して
ヘリウムガスを見つけなきゃ…。",,"Hay que encontrar
rapido el cuarto del
personal y conseguir el
gas helio..."
0xfff9c,65,"（どうやらオーナーの霊らしい、と
　いうことをレイカに話しました）",,"(Le conte a Reika que
parecia ser el espiritu
del dueño)"
0xffff8,6,リコ？,,Riko?
0x100000,6,なに？,,Que?
0x100008,6,えっ？,,Eh?
0x100010,6,さあ？,,Quien sabe?
0x100018,6,マサキ,,Masaki
0x100020,6,よっ。,,Hola.
0x100028,6,ああ。,,Ah.
0x100030,6,気配？,,Una presencia?
0x100038,6,先生？,,Profesor?
0x100048,6,俺も。,,Yo tambien.
0x100058,6,レイカ,,Reika
0x100070,6,リコ！,,Riko!
0x100078,6,えっ。,,Eh.
0x100080,6,特別？,,Especial?
0x100088,6,そう？,,En serio?
0x100090,6,本物？,,Es real?
0x100098,6,さあ、,,"Bueno,"
0x1000a0,6,ああ。,,Ah.
0x1000a8,6,えっ？,,Eh?
0x1000b0,6,うん。,,Si.
0x1000b8,6,リコ！,,Riko!
0x1000c0,6,そう。,,Asi es.
0x1000d0,8,…ゼロ！,,...Cero!
0x1000dc,8,逃げる！,,Voy a escapar!
0x1000e8,8,ああ…。,,Ah...
0x1000f4,8,ええっ。,,Eeh.
0x10010c,8,ああ…。,,Ah...
0x100118,8,ああ…。,,Ah...
0x100124,8,マサキ！,,Masaki!
0x100130,8,しっ…。,,Shh...
0x100148,8,うん…。,,Si...
0x100160,8,うん…。,,Si...
0x10016c,8,先生…。,,Profesor...
0x100178,8,レイカ！,,Reika!
0x100184,8,かもな。,,Puede ser.
0x100190,8,えっ…？,,Eh...?
0x1001a8,8,ヒッ…。,,Hii...
0x1001c0,8,レイカ！,,Reika!
0x1001cc,8,なあ…。,,Oye...
0x1001d8,8,レイカ！,,Reika!
0x1001e4,8,ユウタ！,,Yuuta!
0x1001f0,8,大丈夫？,,Estas bien?
0x100208,8,…うん。,,...Si.
0x100214,8,ふうん。,,"Ah, ya veo."
0x10022c,8,…うん。,,...Si.
0x100238,8,大丈夫？,,Estas bien?
0x100244,8,うん…。,,Si...
0x100250,8,あるよ。,,Si hay.
0x10025c,8,はっ…！,,Ah...!
0x100268,8,大丈夫？,,Estas bien?
0x100274,8,…あれ？,,...Eh?
0x100280,8,マサキ！,,Masaki!
0x10028c,8,待って！,,Espera!
0x100298,8,ごめん。,,Perdon.
0x1002d4,8,…へえ。,,"...Ah, vaya."
0x1002e0,8,レイカ！,,Reika!
0x1002ec,8,迷子…。,,Me perdi...
0x100304,8,あっ…。,,Ah...
0x100310,8,えっ…。,,Eh...
0x10031c,8,うん…。,,Si...
0x100328,8,レイカ！,,Reika!
0x100334,8,これ…。,,Esto...
0x10034c,8,やめろ。,,Basta.
0x100358,8,…なに？,,...Que?
0x100364,8,えっ…。,,Eh...
0x100370,8,マサキ！,,Masaki!
0x100388,8,ほらな。,,Ves? Te lo dije.
0x100394,8,あああ？,,Ahh?
0x1003ac,8,ユウタ！,,Yuuta!
0x1003b8,8,ユウタ！,,Yuuta!
0x1003c4,8,えっ…？,,Eh...?
0x1003d0,8,プール？,,La piscina?
0x1003dc,8,大丈夫？,,Estas bien?
0x1003e8,8,はっ…。,,Ah...
0x100400,8,えっ…。,,Eh...
0x10040c,8,…ああ。,,...Ah.
0x100418,8,まあね。,,Mas o menos.
0x100424,8,はっ…。,,Ah...
0x100430,8,ふうん。,,"Ah, ya veo."
0x10043c,10,ずっとね！,,Desde siempre!
0x100448,10,そんな…。,,No puede ser...
0x100454,10,その目…。,,Esos ojos...
0x100460,10,どうして？,,Por que?
0x10046c,10,マサキ…。,,Masaki...
0x100478,10,失礼ね…。,,Que grosero...
0x100484,10,見た見た。,,"Lo vi, lo vi."
0x100490,10,マサキ…。,,Masaki...
0x1004a8,10,そんな…。,,No puede ser...
0x1004b4,10,ごめん…。,,Perdon...
0x1004c0,10,はいはい。,,"Si, si."
0x1004cc,10,ごめん…。,,Perdon...
0x1004d8,10,うぐっ…。,,Ugh...
0x1004e4,10,プールさ。,,Es la piscina.
0x1004f0,10,（はっ…）,,(Ah...)
0x1004fc,10,マサキ…。,,Masaki...
0x100508,10,呆れた…。,,No lo puedo creer...
0x100514,10,どうだか。,,Quien sabe.
0x100520,10,やめろよ。,,Basta ya.
0x10052c,10,そうだな。,,Tienes razon.
0x100538,10,それは…。,,Eso es...
0x100544,10,ダメだな。,,"No, no sirve."
0x100550,10,だったら？,,Y entonces?
0x10055c,10,朝日が…。,,El sol de la manana...
0x100568,10,えっ？俺？,,Eh? Yo?
0x100574,10,教室じゃ…,,En el salon...
0x100580,10,まるで…、,,"Es como si...,"
0x10058c,10,……うん。,,......Si.
0x100598,10,壁から…。,,Desde la pared...
0x1005a4,10,どうした？,,Que pasa?
0x1005b0,10,……先生。,,......Profesor.
0x1005bc,10,あぁ……。,,Ah......
0x1005c8,10,わたし…。,,Yo...
0x1005d4,10,おはよっ。,,Buenos dias!
0x1005e0,10,そうなの？,,En serio?
0x1005ec,10,許せない！,,No lo voy a perdonar!
0x1005f8,10,レイカ…。,,Reika...
0x100604,10,そうか…？,,Sera asi...?
0x100610,10,落ちろ！！,,Cae!!
0x100628,10,そうだね。,,Es cierto.
0x100634,10,ユウタ…。,,Yuuta...
0x100640,10,ああああ！,,Aaaah!
0x10064c,10,そうだね。,,Es cierto.
0x100658,10,……うん。,,......Si.
0x100670,10,ホントか？,,En serio?
0x10067c,10,だから…。,,Por eso...
0x100688,10,なにぃ…。,,Queee...
0x100694,10,…いいえ。,,...No.
0x1006a0,10,そうだな。,,Tienes razon.
0x1006ac,10,あうっ…。,,Auch...
0x1006b8,10,ああああ！,,Aaaah!
0x1006d0,10,（えっ…）,,(Eh...)
0x1006dc,10,マサキ…？,,Masaki...?
0x1006e8,10,あぶない！,,Cuidado!
0x1006f4,10,いや……。,,No......
0x100718,10,どうした？,,Que pasa?
0x100724,10,…ユウタ？,,...Yuuta?
0x100730,10,教室でか？,,En el salon?
0x10073c,10,ダメか…。,,No sirve...
0x100748,10,…だ…誰？,,...Qui-quien eres?
0x100754,10,どうした？,,Que pasa?
0x100760,10,夜明けだ。,,Ya amanecio.
0x10076c,10,くっ……。,,Ngh......
0x100778,10,もしもし。,,Hola?
0x100784,10,たとえば、,,"Por ejemplo,"
0x100790,10,…そうよ。,,...Asi es.
0x10079c,12,…まさか…。,,...No puede ser...
0x1007ac,12,どうしたの？,,Que te pasa?
0x1007bc,12,マネキン…。,,Un maniqui...
0x1007cc,12,…マサキ…。,,...Masaki...
0x1007dc,12,（はっ……）,,(Ah......)
0x1007ec,12,あ、レイカ！,,"Ah, Reika!"
0x1007fc,12,やがて俺は、,,"Y con el tiempo, yo,"
0x10080c,12,…来たな…。,,...Ya llego...
0x10081c,12,ミズキ……？,,Mizuki......?
0x10082c,12,いないか…。,,No esta...
0x10083c,12,にせもの…。,,Un impostor...
0x10084c,12,どうして…。,,Por que...
0x10085c,12,思いついた。,,Se me ocurrio algo.
0x10086c,12,…これか…？,,...Sera esto...?
0x10087c,12,ありがとう。,,Gracias.
0x10088c,12,…そうなの？,,...Ah si?
0x10089c,12,う…ううっ。,,Ngh...ngh.
0x1008ac,12,ホントかよ。,,En serio?
0x1008bc,12,レイカ……。,,Reika......
0x1008cc,12,突然首を…。,,"De repente, el cuello..."
0x1008dc,12,（ナナシ…）,,(Nanashi...)
0x1008ec,12,どうして…？,,Por que...?
0x1008fc,12,…プール…。,,...La piscina...
0x10090c,12,どうしたの？,,Que te pasa?
0x10091c,12,どうしたの？,,Que te pasa?
0x10092c,12,どうしたの？,,Que te pasa?
0x10093c,12,あ…うん…。,,Ah...si...
0x10094c,12,…そうする。,,...Eso hare.
0x10095c,12,いやあああ！,,Noooo!
0x10096c,12,…あ…今…。,,...Ah...ahora...
0x10098c,12,（圏外だ…）,,(No hay señal...)
0x10099c,12,わかった…。,,Entendido...
0x1009ac,12,…そんな…。,,...No puede ser...
0x1009bc,12,…よく見て…,,...Mira bien...
0x1009cc,12,そうなんだ。,,"Ah, ya veo."
0x1009dc,12,そんな……。,,No puede ser......
0x1009ec,12,…ユウタ…。,,...Yuuta...
0x1009fc,12,…うん……。,,...Si......
0x100a0c,12,…レイカに？,,...A Reika?
0x100a1c,12,レイカが…。,,Reika...
0x100a2c,12,やっぱりね。,,Lo sabia.
0x100a3c,12,ま、いいわ。,,"Bueno, esta bien."
0x100a4c,12,レイカが…。,,Reika...
0x100a5c,12,そうね……。,,Es verdad......
0x100a6c,12,ダメだな…。,,No sirve...
0x100a7c,12,えっ、俺が？,,"Eh, yo?"
0x100a8c,12,（いまの…）,,(Eso de recien...)
0x100a9c,12,…ユウタ…。,,...Yuuta...
0x100aac,12,あああああ！,,Aaaaah!
0x100abc,12,虫の知らせ？,,Un presentimiento?
0x100acc,12,（お願い…）,,(Por favor...)
0x100adc,12,屋上に上がる,,Subir a la azotea
0x100aec,12,…レイカに？,,...A Reika?
0x100afc,12,ひでえな…。,,Que cruel...
0x100b0c,12,マネキン…。,,Un maniqui...
0x100b1c,12,なにそれ…。,,Que es eso...
0x100b2c,12,えっと……。,,Este......
0x100b3c,14,……リ、リコ？,,......Ri-Riko?
0x100b4c,14,リコ！いるの？,,Riko! Estas ahi?
0x100b5c,14,これ、見ろよ。,,Mira esto.
0x100b6c,14,おい、待てよ。,,"Oye, espera."
0x100b7c,14,…やばいな…。,,...Que mal...
0x100b8c,14,えっ、遊園地？,,"Eh, el parque de
diversiones?"
0x100b9c,14,どういうこと？,,Que quieres decir?
0x100bac,14,どうしよう…。,,Que hago...
0x100bbc,14,私も高校時代、,,"Yo tambien, cuando
estaba en la secundaria,"
0x100bcc,14,知らなかった。,,No lo sabia.
0x100bdc,14,あのなあ……。,,Oye......
0x100bec,14,そんなこと…。,,Eso...
0x100bfc,14,いや…いや…。,,No...no...
0x100c0c,14,もう…遅いさ。,,Ya...es tarde.
0x100c1c,14,…男の子……。,,...Un chico......
0x100c2c,14,…ううぅぅ…！,,...Ngh...!
0x100c3c,14,プールは違う？,,La piscina no es?
0x100c5c,14,顔色…悪いね…,,Te ves...palida...
0x100c6c,14,リコ！いるか？,,Riko! Estas ahi?
0x100c7c,14,…どうしたの？,,...Que te pasa?
0x100c8c,14,…あれ、人間？,,"...Eso, es una
persona?"
0x100c9c,14,誰もいない…？,,No hay nadie...?
0x100cac,14,……そんな…。,,......No puede ser...
0x100cbc,14,トイレはどう？,,Y el bano?
0x100cec,14,…ユウタ……。,,...Yuuta......
0x100cfc,14,…ううっ……。,,...Ngh......
0x100d0c,14,リコ！いるの？,,Riko! Estas ahi?
0x100d2c,14,にらめっこ…。,,El juego de miradas...
0x100d3c,14,どうしよう……,,Que hago......
0x100d4c,14,リコって１組？,,Riko es del salon 1?
0x100d5c,14,正直に話して。,,Dime la verdad.
0x100d6c,14,リコ、いるの？,,"Riko, estas ahi?"
0x100d7c,14,それで結果は？,,Y cual fue el resultado?
0x100d8c,14,あ、おはよ…。,,"Ah, buenos dias..."
0x100d9c,14,まさか、リコ？,,No sera Riko?
0x100dac,14,どこから探す？,,Por donde buscamos?
0x100dbc,14,水漏れの音…。,,"El sonido de una fuga de
agua..."
0x100dcc,14,リ、リコ……。,,Ri-Riko......
0x100ddc,14,おどかすなよ。,,No me asustes.
0x100dec,14,ああ…ううう！,,Ah...ngh!
0x100dfc,14,……みたいね。,,......Eso parece.
0x100e0c,14,もう…限界よ！,,Ya...no aguanto mas!
0x100e1c,14,あ…ああ……。,,Ah...ah......
0x100e2c,14,誰もいない…？,,No hay nadie...?
0x100e3c,14,リコ！いるの？,,Riko! Estas ahi?
0x100e4c,14,はねられた…。,,Fue atropellado...
0x100e5c,14,あ、ミズキ…。,,"Ah, Mizuki..."
0x100e6c,14,でも大丈夫よ。,,Pero va a estar bien.
0x100e7c,14,いない、か…。,,"No esta, eh..."
0x100e8c,14,…もういやっ！,,...Ya no quiero!
0x100e9c,14,…決まりだな。,,...Decidido.
0x100eac,14,あ…やばっ…。,,Ah...que mal...
0x100ebc,14,リコ以外にも、,,"Aparte de Riko,"
0x100ecc,14,…にらめっこ…,,"...El juego de
miradas..."
0x100eec,14,ダメ…いない。,,No...no esta.
0x100efc,14,あ…レイカ…。,,Ah...Reika...
0x100f0c,14,…ユウタ……？,,...Yuuta......?
0x100f1c,14,（マサキだ…）,,(Es Masaki...)
0x100f2c,14,日が昇る……。,,Sale el sol......
0x100f4c,14,トイレはどう？,,Y el bano?
0x100f5c,14,あははははは！,,Ajajajaja!
0x100f6c,14,マ…マサキ…？,,Ma-Masaki...?
0x100f7c,16,霊的な力って…。,,Un poder espiritual...
0x100f90,16,…プールは違う？,,...La piscina no es?
0x100fb8,16,ミズキよりも…。,,Mas que Mizuki...
0x100fcc,16,８８通目のメール,,Mensaje numero 88
0x100fe0,16,まさか、ユウタ？,,No sera Yuuta?
0x100ff4,16,…お願い、先生。,,"...Por favor, profesor."
0x101008,16,どうしたの急に。,,Que te pasa de repente.
0x10101c,16,９８通目のメール,,Mensaje numero 98
0x101030,16,ああ…ミズキ…。,,Ah...Mizuki...
0x101044,16,え……なに……。,,Eh......que......
0x101058,16,ユウタ！大丈夫？,,Yuuta! Estas bien?
0x10106c,16,あ……ううっ…。,,Ah......ngh...
0x101080,16,いいじゃないか。,,"No esta mal, no?"
0x101094,16,あだ名なんだ…。,,Es un apodo...
0x1010a8,16,あ、俺、マサキ。,,"Ah, yo soy Masaki."
0x1010bc,16,……ユウタ……。,,......Yuuta......
0x1010d0,16,８４通目のメール,,Mensaje numero 84
0x1010e4,16,冗談でもやめろ。,,"Ni de broma, basta."
0x1010f8,16,気のせいだろ…。,,"Debe ser tu
imaginacion..."
0x10110c,16,みたいだな……。,,Eso parece......
0x101120,16,ハヤカワさん…。,,Hayakawa...
0x101134,16,……遠慮しとく。,,......Mejor paso.
0x101148,16,まさか、マサキ？,,No sera Masaki?
0x10115c,16,…知らなかった。,,...No lo sabia.
0x101170,16,おまえだけは…。,,"Tu, al menos..."
0x101184,16,その手首のアザ…,,"Ese moreton en la
muñeca..."
0x101198,16,（…わたし……）,,(...Yo......)
0x1011ac,16,（……あの時…）,,"(......En ese
momento...)"
0x1011c0,16,いないみたいね。,,Parece que no esta.
0x1011d4,16,なんだよ、それ。,,Que es eso.
0x1011e8,16,びっくりした…。,,Que susto...
0x1011fc,16,あ、それなら…。,,"Ah, en ese caso..."
0x101224,16,レイカ！レイカ！,,Reika! Reika!
0x101238,16,（マネキン…？）,,(Un maniqui...?)
0x10124c,16,（今…足音が…）,,(Ahora...pasos...)
0x101260,16,ユウタ、待って。,,"Yuuta, espera."
0x101274,16,卒業アルバム…。,,"El album de
graduacion..."
0x101288,16,（…レイカ……）,,(...Reika......)
0x10129c,16,…それはないな。,,...Eso no puede ser.
0x1012b0,16,今思い出した…。,,Ahora lo recorde...
0x1012c4,16,…覚えてないの？,,...No te acuerdas?
0x1012d8,16,ユカリ…先生…。,,Yukari...sensei...
0x1012ec,16,校舎から出よう。,,Salgamos del edificio.
0x101300,16,……みたいだな。,,......Eso parece.
0x101314,16,何があったの…？,,Que paso...?
0x101328,16,……みたいだな。,,......Eso parece.
0x10133c,16,ホントに大丈夫？,,De verdad estas bien?
0x101350,16,……ヘンなヤツ。,,......Que tipo raro.
0x101364,16,リコ！いるのか？,,Riko! Estas ahi?
0x101378,16,校内を探すしか…,,"No queda otra que
buscar por la escuela..."
0x10138c,16,みたいだな……。,,Eso parece......
0x1013a0,16,リコのケータイ！,,El celular de Riko!
0x1013b4,16,心霊スポット…。,,Un lugar embrujado...
0x1013c8,18,ライト…向けて…。,,Apunta...la luz...
0x1013dc,18,…またナナシから。,,...Otra vez de Nanashi.
0x1013f0,18,呪いの…交差点…。,,El cruce...maldito...
0x101404,18,単なる好奇心さ…。,,"Solo es simple
curiosidad..."
0x101418,18,…ハヤカワさん…。,,...Hayakawa...
0x10142c,18,じゃあ、あの時…。,,"Entonces, en ese
momento..."
0x101440,18,後からかけるから。,,Te llamo despues.
0x101454,18,（いったい誰が？）,,(Quien rayos?)
0x101468,18,（ユカリ…先生…）,,(Yukari...sensei...)
0x10147c,18,ユウタ、待ってて！,,"Yuuta, espera!"
0x101490,18,都市伝説百物語…？,,"Las cien historias de
leyendas urbanas...?"
0x1014a4,18,えっ？あ、うん…。,,"Eh? Ah, si..."
0x1014b8,18,ありがと…レイカ。,,Gracias...Reika.
0x1014cc,18,…キレイでしょ…？,,"...Es hermoso,
verdad...?"
0x1014e0,18,あ…あたし………。,,Ah...yo.........
0x1014f4,18,少し調べてみない？,,"No quieres investigar un
poco?"
0x101508,18,そう、直感だけど。,,"Si, es solo intuicion."
0x10151c,18,どうしたの？急に。,,"Que te pasa? De
repente."
0x101530,18,どういうことだ…？,,Que significa esto...?
0x101544,18,するとどうだ……！,,Y entonces...!
0x101558,18,もう手に負えない。,,Ya no puedo controlarlo.
0x10156c,18,図書室がどうした？,,"Que pasa con la
biblioteca?"
0x101580,18,……ううん、ごめん,,"......No, nada,
perdon"
0x101594,18,マサキじゃないの？,,No es Masaki?
0x1015a8,18,いいけど…手短にね,,Esta bien...pero rapido
0x1015bc,18,（どういうこと？）,,(Que significa esto?)
0x1015d0,18,…いないみたいね。,,...Parece que no esta.
0x1015e4,18,まだ完全じゃない。,,"Todavia no esta
completo."
0x1015f8,18,やっぱりやめておく,,"Mejor lo dejo, despues
de todo"
0x10160c,18,これが９９通目…。,,Este es el numero 99...
0x101620,18,いったい…何が…。,,"Que rayos...esta
pasando..."
0x101634,18,…何かがあるのよ。,,...Hay algo ahi.
0x101648,18,じゃあ、どこなの？,,"Entonces, donde es?"
0x10165c,18,（行くしかない！）,,(No queda otra que ir!)
0x101670,18,大丈夫だったの…？,,Estuviste bien...?
0x101684,18,へえ、そうなんだ。,,"Ah, con que asi es."
0x101698,18,フッたらしいけど。,,Parece que lo rechazo.
0x1016ac,18,まだ削除してない？,,Todavia no lo borraste?
0x1016c0,18,ね、調べてみない？,,"Oye, no quieres
investigarlo?"
0x1016d4,18,じゃあ、２階だな。,,"Entonces, es el segundo
piso."
0x1016e8,18,カギがかかってる。,,Esta con llave.
0x1016fc,18,探しながら行こう。,,"Vamos buscando
mientras avanzamos."
0x101710,18,カギがかかってる。,,Esta con llave.
0x101724,18,ダメ、いない……。,,"No, no esta......"
0x101738,18,ま、気にするなよ。,,"Bueno, no le des
importancia."
0x10174c,18,…なんでもないわ。,,...No es nada.
0x101760,18,ダメ、いない……。,,"No, no esta......"
0x101774,18,……知らないわよ。,,......No lo se.
0x101788,18,いないみたいだな。,,Parece que no esta.
0x10179c,18,…なんでもないわ。,,...No es nada.
0x1017b0,18,レイカ！いやあっ！,,Reika! Noooo!
0x1017c4,18,う……ううっ……。,,Ngh......ngh......
0x1017d8,18,知ってる、転校生。,,"Lo se, el transferido."
0x1017ec,18,…いないみたいね。,,...Parece que no esta.
0x101800,18,マサキ！無事なの！,,Masaki! Estas bien!
0x101814,18,ケータイで聞こう…,,"Preguntemos por
celular..."
0x101828,18,（この辺り…かな）,,(Sera por aqui...)
0x10183c,18,マサキ……いるの？,,Masaki......estas ahi?
0x101850,18,（魂が…宿る…？）,,"(El alma...se
aloja...?)"
0x101864,18,…先生……助けて…,,"...Profesor...
ayudeme..."
0x101878,18,…いないみたいね。,,...Parece que no esta.
0x10188c,18,レイカ！いるの！？,,Reika! Estas ahi!?
0x1018a0,18,マサキのロッカー。,,El casillero de Masaki.
0x1018b4,18,（まさか、リコ…）,,"(No sera, Riko...)"
0x1018c8,18,ユカリ…？誰それ？,,"Yukari...? Quien es
esa?"
0x1018dc,19,"えっ！
俺がナナシ？",,"Eh!
Yo soy Nanashi?"
0x1018f0,20,あちゃ、すっかり夜。,,"Vaya, ya es de noche
por completo."
0x101908,20,水泳部でもそうなの？,,"En el club de natacion
tambien es asi?"
0x101920,20,（……この着信番号）,,"(......Este numero
que llama)"
0x101938,20,（…電話に出ない…）,,"(...No contesta el
telefono...)"
0x101950,20,ははっ…まさかな…。,,Jaja...no puede ser...
0x101968,20,深入りしすぎた……。,,"Me meti
demasiado......"
0x101980,20,…チェーンメール…。,,"...Una cadena de
mensajes..."
0x101998,20,うん…ちょっとね…。,,Si...un poco...
0x1019b0,20,…この木…どこかで…,,"...Este arbol...en
algun lado..."
0x1019c8,20,いつから？どんな人？,,"Desde cuando? Que clase
de persona?"
0x1019e0,20,レイカは…どう思う？,,Reika...tu que crees?
0x1019f8,20,（また…リコの話？）,,"(Otra vez...hablando
de Riko?)"
0x101a10,20,…知らなかったの…。,,...No lo sabia...
0x101a28,20,……俺は祈り続けた。,,"......Yo segui
rezando."
0x101a40,20,みんなウワサしてる。,,"Todos andan
comentando."
0x101a58,20,やっぱり…こいつ…。,,"Despues de todo...este
tipo..."
0x101a70,20,わたし、もう帰るね…,,Yo ya me voy a casa...
0x101a88,20,…交信のおまじない、,,"...El hechizo para
comunicarse,"
0x101aa0,20,…私に聞かないでよ。,,"...No me preguntes a
mi."
0x101ab8,20,…君は…助かる……。,,"...Tu...te vas a
salvar......"
0x101ad0,20,（ダメ……夜明け…）,,"(No......el
amanecer...)"
0x101ae8,20,僕は…プール…かな。,,"Yo...la
piscina...supongo."
0x101b00,20,いないみたいだな…。,,Parece que no esta...
0x101b18,20,例えば、教室とか…。,,"Por ejemplo, el salon..."
0x101b30,20,うん、私もそう思う。,,"Si, yo tambien lo creo."
0x101b48,20,こっちも急ぎましょ。,,"Apuremonos por aqui
tambien."
0x101b60,20,（…なに…いまの…）,,(...Que...fue eso...)
0x101b78,20,（トイレから……？）,,(Desde el bano......?)
0x101b90,20,（ナナシがいる…？）,,(Nanashi esta aqui...?)
0x101ba8,20,（ダメ……夜明け…）,,"(No......el
amanecer...)"
0x101bc0,20,いやあ……レイカ…。,,Noo......Reika...
0x101bd8,20,案外一途なのかもね。,,"Tal vez sea mas fiel de lo
que parece."
0x101bf0,20,家庭科室と図書室よ。,,"El aula de economia
domestica y la
biblioteca."
0x101c08,20,いったい…なにが…。,,"Que rayos...esta
pasando..."
0x101c20,20,好きにすればいいさ。,,Haz lo que quieras.
0x101c38,20,…何か音がしない…？,,"...No se oye algun
ruido...?"
0x101c50,20,…あたし、キレイ…？,,"...Yo, soy linda...?"
0x101c68,20,他のところを探そう。,,Busquemos en otro lado.
0x101c80,20,ここだな、２年１組。,,"Aqui es, segundo año,
salon 1."
0x101c98,20,レイカ！いるのか！？,,Reika! Estas ahi!?
0x101cb0,20,ここだな、２年１組。,,"Aqui es, segundo año,
salon 1."
0x101cc8,20,いい機会なんだけど。,,"Es una buena
oportunidad, pero..."
0x101ce0,20,どうしたらいいの…。,,Que deberia hacer...
0x101cf8,20,ゲキタイの呪文が……,,"El conjuro para
ahuyentarlo......"
0x101d10,20,ほら、本屋に入ると、,,"Mira, cuando entras a la
libreria,"
0x101d28,20,ほら、本屋に入ると、,,"Mira, cuando entras a la
libreria,"
0x101d40,20,いや…足が勝手に…。,,"No...mis pies se
movieron solos..."
0x101d58,20,（勝手に…ドアが！）,,"(La puerta...se movio
sola!)"
0x101d70,20,いったい…なにが…。,,"Que rayos...esta
pasando..."
0x101d88,20,…突然、俺の首を…。,,"...De repente, mi
cuello..."
0x101da0,20,あれ？水泳がないな。,,Eh? No hay natacion.
0x101db8,20,今はもう…無理なの。,,Ahora ya...no puedo.
0x101dd0,20,霊に引き込まれるぞ。,,"Te va a arrastrar un
espiritu."
0x101de8,21,"なんで？
教師だから？",,"Por que?
Porque eres profesor?"
0x101e00,22,桐塚に行ったことない？,,No has ido a Kirizuka?
0x101e18,22,リコ……落ち着いて…。,,Riko......calmate...
0x101e30,22,マサキがナナシ…なの？,,Masaki es Nanashi...?
0x101e48,22,うそ……きか…ない…。,,"Mentira... no
responde..."
0x101e60,23,あ………う……っ……。,,Ah.........eh......!......
0x101e78,22,何かが足りなかった…。,,Faltaba algo...
0x101e90,22,わたし、小さいとき…。,,"Yo, cuando era
pequeña..."
0x101ea8,22,（早く助けないと…！）,,"(Hay que ayudarla
rapido...!)"
0x101ec0,22,リコも同じことを……。,,"Riko tambien lo
mismo......"
0x101ed8,22,（…どうかしてるよ…）,,"(...Esto no esta
bien...)"
0x101ef0,22,（なに……この音…？）,,"(Que......es este
sonido...?)"
0x101f08,22,もう少し校舎内を調べる,,"Investigar un poco mas
el edificio"
0x101f20,22,今から出てこられるか？,,Puedes salir ahora?
0x101f38,22,たぶん同じことじゃ…。,,"Seguro que es lo
mismo..."
0x101f50,22,さあ、誰なんでしょうね,,"Quien sera, me pregunto"
0x101f68,22,…いやっ…一緒に……。,,...No!...juntos......
0x101f80,22,それより早くしないと…,,"Mas que eso, hay que
apurarse..."
0x101f98,22,完全な形で実体化する。,,"Se materializa por
completo."
0x101fb0,22,（でも…どうやって…）,,(Pero...como...)
0x101fc8,22,このおまじないって…。,,Este hechizo...
0x101fe0,22,（……にらめっこ……）,,"(......El juego de
miradas......)"
0x101ff8,22,そう聞いたことがある。,,Eso he oido.
0x102010,22,（ケータイを使って…）,,(Usando el celular...)
0x102028,22,これだけ…開いてる…。,,"Solo esto...esta
abierto..."
0x102040,22,……僕は違うと思う…。,,"......Yo creo que no es
asi..."
0x102058,22,（…にらめっこ…を…）,,"(...El juego de
miradas...)"
0x102070,22,ダメか…。他を探そう。,,"No sirve... Busquemos
en otro lado."
0x102088,22,恋のおまじないって…。,,Un hechizo de amor...
0x1020a0,22,…他のところを探そう。,,"...Busquemos en otro
lado."
0x1020b8,22,…レイカに…襲われた。,,...Reika...me ataco.
0x1020d0,22,にらめっこ…しましょ…,,"Juguemos...al juego de
miradas..."
0x1020e8,22,ライト向けてみないか？,,"Por que no le apuntamos
la luz?"
0x102100,22,キレイだって認めれば…,,"Si admito que es
hermoso..."
0x102118,22,…他のところを探そう。,,"...Busquemos en otro
lado."
0x102130,22,……もうすぐ夜明けだ。,,......Ya casi amanece.
0x102148,22,……しょうがねえなあ。,,"......No queda de
otra."
0x102160,22,今日は時間もないしな。,,"Hoy tampoco hay
tiempo."
0x102178,22,……もうすぐ夜明けだ。,,......Ya casi amanece.
0x102190,22,……ああ、そうする…。,,"......Ah, eso hare..."
0x1021a8,22,わかった…じゃあね…。,,"Entendido...nos
vemos..."
0x1021c0,22,（真相はわかりません）,,"(La verdad nunca se
supo)"
0x1021d8,22,今の…校長の霊…なの？,,"Eso de ahora...era el
fantasma del
director...?"
0x1021f0,22,…他のところを探そう。,,"...Busquemos en otro
lado."
0x102208,22,…なあ、もう出ないか？,,"...Oye, no vas a salir
ya?"
0x102220,22,まさか…プールの……。,,"No sera...de la
piscina..."
0x102238,22,ホントに呪われてるかも,,"Puede que de verdad
este maldito"
0x102250,22,（…閉じこめられた？）,,(...Quede encerrada?)
0x102268,22,…レイカに…襲われた。,,...Reika...me ataco.
0x102280,22,…あの時と…同じだ…。,,"...Es igual...que
aquella vez..."
0x102298,22,（子供の頃流行った…）,,"(Estuvo de moda cuando
eramos niños...)"
0x1022b0,22,親友と呼べる友達と…。,,"Con un amigo al que
pueda llamar mejor
amigo..."
0x1022c8,22,（くくっ……くっ……）,,(Ji ji... ji...)
0x1022e0,23,"！？
いま…近くで声が？",,"!?
Ahora...una voz cerca?"
0x1022f8,23,"！？
いま…近くで声が？",,"!?
Ahora...una voz cerca?"
0x102310,24,ちょっと話しすぎたかな。,,Creo que hable de mas.
0x10232c,24,（やっぱり…マサキは…）,,"(Despues de
todo...Masaki...)"
0x102348,24,ううん、でも楽しかった。,,"No, pero fue divertido."
0x102364,24,（あの手が…マサキ…？）,,"(Esa mano...era
Masaki...?)"
0x102380,24,すぐやめちゃったけどな。,,"Aunque lo deje
enseguida."
0x10239c,24,いいじゃん、歓迎するよ。,,"Esta bien, eres
bienvenida."
0x1023b8,24,やっぱり、何かあったの？,,"Despues de todo, paso
algo?"
0x1023d4,24,釣り、野球、スキー……。,,"Pesca, beisbol,
esqui......"
0x1023f0,24,…わたし、覚えてない…。,,"...Yo, no me
acuerdo..."
0x10240c,24,手を伸ばせば…届きそう。,,"Si estiro la
mano...parece que
llego."
0x102428,24,こういう時は人が多い方が,,"En momentos asi, es
mejor tener mas gente"
0x102444,24,わたし…覚えてないよ…。,,Yo...no me acuerdo...
0x102460,24,言いたいことはそれだけ？,,"Eso es todo lo que
querias decir?"
0x10247c,24,ええっ！知らなかった…。,,Eh! No lo sabia...
0x102498,24,あのさ、リコなんだけど。,,"Oye, es sobre Riko."
0x1024b4,24,夜明けまで、あと少し…。,,"Falta poco para el
amanecer..."
0x1024d0,24,交通事故にあわなかった？,,"No tuviste un accidente
de transito?"
0x1024ec,24,存在になってしまった…。,,"Se convirtio en ese tipo
de ser..."
0x102508,24,百物語は効力を失った…。,,"Las cien historias
perdieron su efecto..."
0x102524,24,ユウタは…そう言ってた。,,Eso...dijo Yuuta.
0x102540,24,…妙な…気配があるの…。,,"...Hay una
presencia...extraña..."
0x10255c,24,百物語実体化への手助け。,,"Una ayuda para
materializar las cien
historias."
0x102578,24,（でも、調べないと……）,,"(Pero, tengo que
investigar......)"
0x102594,24,（くっ……ケータイを…）,,"(Ngh......el
celular...)"
0x1025b0,24,もし僕がナナシだったら、,,"Si yo fuera Nanashi,"
0x1025cc,24,そうだな。リコらしいや。,,"Tienes razon. Que tipico
de Riko."
0x1025e8,24,…にらめっこ、しましょ。,,"...Juguemos al juego de
miradas."
0x102604,24,ユウタだけプール行くか？,,"Solo Yuuta va a la
piscina?"
0x102620,24,でもレイカはナナシだって,,"Pero dicen que Reika es
Nanashi"
0x10263c,24,…う……ん………ユウタ？,,...Mm......Yuuta?
0x102658,24,でも、なんでプールなの。,,"Pero, por que la
piscina."
0x102674,24,（……気味悪い…シミ…）,,"(......Una mancha...
espeluznante...)"
0x102690,24,（水に濡れた…足あと？）,,"(Huellas...mojadas de
agua?)"
0x1026ac,24,（えっ…レイカの声…！）,,"(Eh...la voz de
Reika...!)"
0x1026c8,24,２−１の教室は２階だな。,,"El salon 2-1 esta en el
segundo piso."
0x1026e4,24,（これを上れば…屋上…）,,"(Si subo esto...la
azotea...)"
0x102700,24,フッ、のんきでいいわね。,,"Ja, que bien que estes
tan tranquila."
0x10271c,24,…私もそんな気がする…。,,"...A mi tambien me
parece..."
0x102738,24,お、おい、くくく首つり！,,"O-oye, se... se
ahorco!"
0x102754,24,ああ…夜明けに地震が…。,,"Ah...un terremoto al
amanecer..."
0x102770,24,…ご…ごめんね……リコ…,,"...Lo...lo
siento......Riko..."
0x10278c,24,（…どうすればいいの？）,,(...Que debo hacer?)
0x1027a8,24,なんだ、何かあったのか？,,"Que pasa, ocurrio algo?"
0x1027c4,24,そこにナナシがいるはず。,,"Ahi deberia estar
Nanashi."
0x1027e0,24,レイカ！どこにいるの！？,,Reika! Donde estas!?
0x1027fc,24,リコの話になると楽しそう,,"Cuando se habla de
Riko, se ve feliz"
0x102818,24,（…まさか…人形…！？）,,"(...No sera...un
muñeco...!?)"
0x102834,24,（人形に…魂が宿る……）,,"(El alma...se aloja en el
muñeco......)"
0x102850,24,和英辞典、百科事典……。,,"Diccionario
japones-ingles,
enciclopedia......"
0x10286c,24,やっぱりリコはここに…。,,"Despues de todo, Riko
esta aqui..."
0x102888,24,それよりナナシのメール。,,"Mas importante, el
mensaje de Nanashi."
0x1028a4,25,"なに…？
…何がいるの！？",,"Que...?
...Que hay ahi!?"
0x1028c0,25,"レイカ！
いやっ！レイカ！",,"Reika!
No! Reika!"
0x1028dc,26,（ゴーグルを水に落とす…）,,"(Se le cayeron las gafas
al agua...)"
0x1028f8,26,（うそ…なんで…口裂け…）,,"(Mentira... por que...
la mujer de la boca
rasgada...)"
0x102914,26,いつも中止になってたんだ。,,"Siempre terminaba
cancelandose."
0x102930,26,…いいか…よく聞くんだ…。,,"...Escucha bien...lo
que te voy a decir..."
0x10294c,26,…おまえのせいさ…ミズキ。,,"...Es tu
culpa...Mizuki."
0x102968,26,不動産屋めぐりをした時よ。,,"Fue cuando recorrimos
las inmobiliarias."
0x102984,26,番号は１００へのカウント。,,"El numero es la cuenta
hacia el 100."
0x1029a0,26,…でも…今度は数が違う…。,,"...Pero...esta vez el
numero es distinto..."
0x1029bc,26,誰かが借りてるんじゃない？,,"No sera que alguien lo
esta alquilando?"
0x1029d8,26,レシピ本……なんじゃない？,,"No sera un libro de
recetas......?"
0x1029f4,26,…そのために…わたしを…。,,...Por eso...a mi...
0x102a10,26,信じられない…わたしは…。,,"No puedo
creerlo...yo..."
0x102a2c,26,（なんなの…この気持ち…）,,"(Que es esto...este
sentimiento...)"
0x102a48,26,なんで…地震が起きない…？,,"Por que...no ocurre el
terremoto...?"
0x102a64,26,じゃあ、誰かに操られて…？,,"Entonces, alguien la esta
controlando...?"
0x102a80,26,例えば、あなたの親友にね。,,"Por ejemplo, tu mejor
amiga."
0x102a9c,26,…これからは…君一人で…。,,"...De ahora en
mas...tu solo..."
0x102ab8,26,終わりよ…百物語なんて…。,,"Se acabo...eso de las
cien historias..."
0x102ad4,26,リコはその犠牲になった…、,,"Riko fue victima de
eso...,"
0x102af0,26,…僕は…都市伝説の闇に…。,,"...Yo...en la oscuridad
de la leyenda urbana..."
0x102b0c,26,“都市伝説百物語”の実行。,,"La ejecucion de las Cien
Historias de Leyendas
Urbanas."
0x102b28,26,えっ、どうしたんだよ急に。,,"Eh, que te pasa de
repente."
0x102b44,26,ナナシが…見守っている…。,,"Nanashi...esta
observando..."
0x102b60,26,うーん、ユウタはどう思う？,,"Mmm, tu que crees,
Yuuta?"
0x102b7c,26,屋上にリコはいなかったろ？,,"Riko no estaba en la
azotea, verdad?"
0x102b98,26,とりあえず、２階はどうだ？,,"Por lo pronto, que tal el
segundo piso?"
0x102bb4,26,とりあえず、２階はどうだ？,,"Por lo pronto, que tal el
segundo piso?"
0x102bd0,26,落ちてるの、拾えないかな…,,"No podre recogerlo, esta
ahi tirado..."
0x102bec,26,ちょっと気になるんだよな。,,"Me da un poco de
curiosidad."
0x102c08,26,あいつ、モテるんじゃない？,,"Ese tipo debe tener exito
con las chicas, no?"
0x102c24,26,スポーツや趣味関連の棚ね。,,"El estante de deportes y
pasatiempos."
0x102c40,26,リコは教室に来なかった…？,,"Riko no vino al
salon...?"
0x102c5c,26,リコは教室に来なかった…？,,"Riko no vino al
salon...?"
0x102c78,26,まずいな、時間がないぞ…。,,"Mal asunto, no hay
tiempo..."
0x102c94,26,まずいな、時間がないぞ…。,,"Mal asunto, no hay
tiempo..."
0x102cb0,26,わたしも入ろうかな、水泳部,,"Quizas tambien me una
al club de natacion"
0x102ccc,26,…人形…？どういうこと…？,,"...Un muñeco...? Que
significa eso...?"
0x102ce8,26,ちょっとおなかの調子が…。,,"Es que mi estomago anda
un poco mal..."
0x102d04,26,ちょっと…だいじょう…ぶ？,,Estas...bi-bien?
0x102d20,26,（…大きい…なんの音…？）,,"(...Fuerte...que es
ese sonido...?)"
0x102d3c,26,（…妙に生々しかった……）,,"(...Fue extrañamente
real......)"
0x102d58,26,ね、昨日のチェンメ、見た？,,"Oye, viste la cadena de
ayer?"
0x102d74,26,えっ？だって今、先生と…。,,"Eh? Es que ahora, con el
profesor..."
0x102d90,26,なにやってんだよ、一人で。,,Que haces ahi tu solo.
0x102dac,28,（口裂け…女……そんな……）,,"(La mujer...de la boca
rasgada......no puede
ser......)"
0x102dcc,28,そんなにプールってやばいの？,,"Es tan peligrosa la
piscina?"
0x102dec,28,んじゃ、ちょっと近道しよう。,,"Bueno, tomemos un
atajo."
0x102e0c,28,え、リコも水泳部員だったの？,,"Eh, Riko tambien era del
club de natacion?"
0x102e2c,28,（…リコの…ケータイ……？）,,"(...El celular...de
Riko......?)"
0x102e4c,28,俺はあらゆる手段を駆使して、,,"Yo, usando todos los
medios posibles,"
0x102e6c,28,水の底に眠る…亡者たちだ…。,,"Son los difuntos...que
duermen en el fondo del
agua..."
0x102e8c,28,……助かる方法は…ないの…。,,"......No hay
forma...de salvarse..."
0x102eac,28,フフッ…夢にまで見た瞬間…。,,"Jeje...el momento que
sonaba incluso en
sueños..."
0x102ecc,28,なにか、手がかりはないの…。,,No hay alguna pista...
0x102eec,28,…ユウタが言っていたのは…。,,"...Lo que decia Yuuta
era..."
0x102f0c,28,（地面に叩きつけられる瞬間）,,"(El instante en que
golpea contra el suelo)"
0x102f2c,28,時間もないし、好きにしたら。,,"No hay tiempo, haz lo
que quieras."
0x102f4c,28,まあ、リコは元水泳部だけど。,,"Bueno, Riko fue del club
de natacion."
0x102f6c,28,（えっ…まさか…レイカ！？）,,"(Eh...no
sera...Reika!?)"
0x102f8c,28,おまじないって、どうすれば…,,"El hechizo, como se
hace..."
0x102fac,28,（ここにリコはいなかった…）,,"(Riko no estaba
aqui...)"
0x102fcc,28,レイカ…どこにもいないね…。,,"Reika...no esta en
ningun lado..."
0x102fec,28,レイカ…どこにもいないね…。,,"Reika...no esta en
ningun lado..."
0x10300c,28,（このゴーグルを使って……）,,"(Usando estas
gafas......)"
0x10302c,28,（結局見つかりませんでした）,,"(Al final, no la
encontraron)"
0x10304c,28,そうね…リコを探さないと…。,,"Es verdad...hay que
buscar a Riko..."
0x10306c,28,（マサキを見捨てられない…）,,"(No puedo abandonar a
Masaki...)"
0x10308c,28,（この個室だけ閉まってる…）,,"(Solo este cubiculo esta
cerrado...)"
0x1030ac,28,（ドアのノック…これって…）,,"(Golpes en la
puerta...esto es...)"
0x1030cc,28,あ、男子の更衣室だけ開くよ。,,"Ah, solo el vestidor de
hombres abre."
0x1030ec,28,…なんで、わたしばっかり…。,,"...Por que...siempre a
mi..."
0x10310c,29,"レイカ！いるの！？
レイカ！！",,"Reika! Estas ahi!?
Reika!!"
0x10312c,29,"プール？
まあ、水場だしな…。",,"La piscina?
Bueno, es un lugar con
agua..."
0x10314c,29,"あ、おい！
…………あたた…。",,"Ah, oye!
......Ay, ay..."
0x10316c,30,（…ミズキとも友達でいたい…）,,"(...Quiero seguir
siendo amiga de Mizuki
tambien...)"
0x10318c,30,（…あいつを取られたくない…）,,"(...No quiero que me lo
quiten...)"
0x1031ac,30,（あった…マサキの…ロッカー）,,"(Aqui esta...el
casillero...de Masaki)"
0x1031cc,30,リコもおんなじこと言ってた…。,,"Riko tambien decia lo
mismo..."
0x1031ec,30,ポマード！ポマード！ポマード！,,"Pomada! Pomada!
Pomada!"
0x10320c,30,写真撮ったら、たたられそう…。,,"Si le saco una foto,
seguro me maldice..."
0x10322c,30,俺…小学生の時…この交差点で、,,"Yo...cuando estaba en
primaria...en este
cruce,"
0x10324c,30,それってドリームパークのこと？,,"Eso es sobre Dream
Park?"
0x10326c,30,（どうしちゃったの…わたし…）,,"(Que me esta
pasando...a mi...)"
0x10328c,30,あとは…どうやって近づくか…。,,"Ahora falta...como
acercarme..."
0x1032ac,30,ああ、おかげでついに実現する。,,"Ah, gracias a eso, por
fin se hara realidad."
0x1032cc,30,その時……君と出会ったんだ…。,,"En ese
momento......te
conoci a ti..."
0x1032ec,30,そんな単純な話じゃないでしょ。,,"No es una historia tan
simple, verdad."
0x10330c,30,俺は、ユウタを信じてるからな。,,Yo confio en Yuuta.
0x10332c,30,その点はレイカと考えは同じだ。,,"En eso, pienso lo mismo
que Reika."
0x10334c,30,（…今なら、まだ間に合う…？）,,"(...Si es ahora, todavia
llego a tiempo...?)"
0x10336c,30,でも、わたし、ナナシのメールは,,"Pero, yo, los mensajes
de Nanashi"
0x10338c,30,（あれは…正夢…だったの…？）,,"(Eso...era un sueño
premonitorio...?)"
0x1033ac,30,（…ナナシ…が…見守ってる…）,,"(...Nanashi...esta
observando...)"
0x1033cc,30,ね、ねえ、今はリコのことが…。,,"Oye, oye, ahora lo que
importa es Riko..."
0x1033ec,30,じゃ、俺たちは教室に行くから、,,"Bueno, nosotros vamos
al salon,"
0x10340c,30,プールでおまじないをしたら…。,,"Si hacemos el hechizo en
la piscina..."
0x10342c,30,プールかトイレ、どっちなんだ。,,"La piscina o el bano,
cual es?"
0x10344c,30,ＯＫ、俺たちはトイレを調べる。,,"OK, nosotros revisamos
el bano."
0x10346c,30,仕方ない。他のところを探そう。,,"No hay opcion.
Busquemos en otro lado."
0x10348c,30,この前も告られたって言ってた。,,"Dijo que la otra vez
tambien se le
declararon."
0x1034ac,30,（“ナナシ”からのメールが…）,,"(Un mensaje de
Nanashi...)"
0x1034cc,30,（えっ…急に真剣なまなざし…）,,"(Eh...de repente una
mirada seria...)"
0x1034ec,30,このポスター、目が光ってる…。,,"En este poster, los ojos
brillan..."
0x10350c,30,それくらいの時間はあるはずだ。,,"Deberia haber tiempo
para eso."
0x10352c,30,新校舎内を片っ端から探すんだ！,,"Busquemos por todo el
edificio nuevo, uno por
uno!"
0x10354c,30,ええ、リコを探すのが先だから。,,"Si, porque primero hay
que buscar a Riko."
0x10356c,30,レイカ！いるなら返事してくれ！,,"Reika! Si estas ahi,
responde!"
0x10358c,30,…水に…かえろう…よぉぉぉ…。,,"...Volvamos...al
agua...ooooh..."
0x1035ac,30,（入って調べるしか、ないか…）,,"(No queda otra que
entrar a revisar...)"
0x1035cc,30,レイカ、先に２階を調べようぜ。,,"Reika, revisemos
primero el segundo piso."
0x1035ec,30,じゃ、あのコがナナシってこと？,,"Entonces, esa chica es
Nanashi?"
0x10360c,30,メールのこと…生徒から聞いた。,,"Sobre los mensajes...lo
escuche de un alumno."
0x10362c,30,…わたし、最近…不安なんです。,,"...Yo,
ultimamente...estoy
inquieta."
0x10364c,30,自分がナナシじゃないかって…。,,"Que tal vez yo misma sea
Nanashi..."
0x10366c,30,（なんか…様子が…おかしい…）,,"(Algo... anda...
raro...)"
0x10368c,30,両手で首をしめられたからな…。,,"Porque me apretaron el
cuello con las dos
manos..."
0x1036ac,30,ちょっと貸して、調べてみる…。,,"Prestamelo un momento,
voy a revisarlo..."
0x1036cc,30,（あの時の…ユウタと同じだ…）,,"(Es igual...que aquella
vez con Yuuta...)"
0x1036ec,30,（あの時、ユウタは言ってた…）,,"(En ese momento, Yuuta
decia...)"
0x10370c,32,（きっと…あたしの方がかわいい）,,"(Seguro que...yo soy
mas linda)"
0x103730,32,結局、自分を励ますためのもの…。,,"Al final, era solo para
animarme a mi misma..."
0x103754,32,夢にまで見た“東京大地震”が…。,,"El Gran Terremoto de
Tokio que sonaba hasta
en sueños..."
0x103778,32,俺もはっきり思い出せないけどな。,,"Yo tampoco lo recuerdo
muy bien."
0x10379c,32,あ、お母さん、仕事中にごめんね。,,"Ah, mama, perdon por
molestarte en el trabajo."
0x1037c0,32,…あなたが…リコのケータイを…。,,"...Tu...tenias el
celular de Riko..."
0x1037e4,32,駅前の路地って迷路みたいでしょ。,,"Los callejones frente a la
estacion son como un
laberinto, no?"
0x103808,32,でも、ひどいケガだったんでしょ。,,"Pero fue una herida
grave, no?"
0x10382c,32,ね、わたしに何か隠し事してない？,,"Oye, no me estas
ocultando algo?"
0x103850,32,（教室……特になにもないみたい）,,"(El salon......parece
que no hay nada
especial)"
0x103874,32,霊界のナナシと…交信したんだ…。,,"Me comunique...con el
Nanashi del mundo
espiritual..."
0x103898,32,（教室……特になにもないみたい）,,"(El salon......parece
que no hay nada
especial)"
0x1038bc,32,（教室……特になにもないみたい）,,"(El salon......parece
que no hay nada
especial)"
0x1038e0,32,（教室……特になにもないみたい）,,"(El salon......parece
que no hay nada
especial)"
0x103904,32,でも結局、犯人はわからなかった。,,"Pero al final, nunca se
supo quien fue el
culpable."
0x103928,32,（教室……特になにもないみたい）,,"(El salon......parece
que no hay nada
especial)"
0x10394c,32,なんかね、不穏な空気を感じるの。,,"Siento como un ambiente
inquietante."
0x103970,32,“にらめっこ”のやり方がある…。,,"Hay una forma de hacer
el juego de miradas..."
0x103994,32,おそらく…ナナシの最終目的は…、,,"Seguramente...el
objetivo final de Nanashi
es...,"
0x1039b8,32,（あいつのこと、好きだったの？）,,(Te gustaba el?)
0x1039dc,32,こんなおいしい情報を教えるかい？,,"Crees que te voy a dar
un dato tan jugoso asi
como asi?"
0x103a00,32,…その情報だって本当かどうか…。,,"...Ni siquiera se si esa
informacion es cierta..."
0x103a24,32,あと１通で…百物語が完成する…。,,"Con un mensaje
mas...se completan las
cien historias..."
0x103a48,32,（ただのウワサ…当たるわけない）,,"(Solo es un rumor...no
puede ser cierto)"
0x103a6c,32,（天国をイメージするものって…）,,"(Algo que represente al
cielo...)"
0x103a90,32,（ポスターが…はがれかかってる）,,"(El poster...se esta
despegando)"
0x103ab4,32,もっと身近な場所じゃないかしら。,,"No sera un lugar mas
cercano?"
0x103ad8,32,（そのまま入院してしまいました）,,"(Y asi termino
internada)"
0x103afc,32,リコの好きな相手って誰なんだろ。,,"Quien sera el chico que
le gusta a Riko?"
0x103b20,32,（でも…ちょっと様子が…ヘン…）,,"(Pero...algo
anda...raro...)"
0x103b44,32,プッ…あははは、バカじゃないの。,,"Pff...jajaja, que tonto
eres."
0x103b68,32,落ち着いて…ちゃんと調べないと。,,"Calmate...hay que
investigar bien."
0x103b8c,32,よし、片っ端から調べてみようぜ。,,"Bien, revisemos todo,
uno por uno."
0x103bb0,32,まだ他も探さなきゃいけないだろ。,,"Todavia hay que buscar
en otros lados, no?"
0x103bd4,32,今入ると、ちょっとやばいかも…。,,"Si entramos ahora,
podria ser peligroso..."
0x103bf8,32,でもまた鍵がかかってるんじゃ…。,,"Pero seguro que esta
cerrado con llave otra
vez..."
0x103c1c,32,（結局、地震は起きませんでした）,,"(Al final, el terremoto
nunca ocurrio)"
0x103c40,32,地縛霊っていうより、守護霊ね…。,,"Mas que un espiritu
atado a la tierra, es un
espiritu guardian..."
0x103c64,32,（プラスチック…の……足音…？）,,"(Pasos...de
plastico...?)"
0x103c88,32,（マサキのロッカーが開いている）,,"(El casillero de Masaki
esta abierto)"
0x103cac,32,いつもアドバイスしてくれたのに。,,"Y eso que siempre me
daba consejos."
0x103cd0,32,チェーンメールのことを思い出せ。,,"Recuerda lo de la cadena
de mensajes."
0x103cf4,33,"うん。
なんか優しく励まされた…。",,"Si.
Me animaron con mucha
dulzura..."
0x103d18,33,"（はっ…！
　人形が…消えた…？）",,"(Ah...!
El muñeco...
desaparecio...?)"
0x103d3c,35,"水場はもともと霊を呼び
やすいんだ。",,"Los lugares con agua
atraen espiritus con
facilidad."
0x103d60,35,"この広さだし…今は何が起きても
…。",,"Con lo grande que es, ya
nada me extrañaria..."
0x103d84,35,"あいつ、けっこう平泳ぎ
速いんだぞ。",,"El es bastante rapido
nadando pecho."
0x103da8,35,"なあ、これのどこが家庭料理
なんだ？",,"Oye, en que parte esto
es comida casera?"
0x103dcc,35,"その子は救急車で
運ばれていった…。",,"A esa chica se la llevaron
en ambulancia..."
0x103df0,35,"たしか…
そんな名前だったような…。",,"Creo que...era un
nombre asi..."
0x103e14,35,"ハヤカワミズキの素性を
突き止めた。",,"Descubri quien es
realmente Hayakawa
Mizuki."
0x103e38,35,"あいつ、
まだ帰宅してないんだって。",,"Dicen que el todavia no
volvio a casa."
0x103e5c,35,"リコがマサキのこと…
好きなんて…。",,"Que a Riko...le guste
Masaki..."
0x103e80,35,"…じゃあ、交差点で見た
少年って…。",,"...Entonces, el chico
que vi en el cruce..."
0x103ea4,35,"まあ、ミズキが疑われるくらい
なら、",,"Bueno, si con eso
alcanza para que
sospechen de Mizuki,"
0x103ec8,35,"俺がナナシってことでも
いいけどな。",,"Estaria bien que dijeran
que yo soy Nanashi."
0x103eec,35,"親父の会社、通信メーカーだから
ね。",,"Es que la empresa de mi
viejo es de
telecomunicaciones."
0x103f10,35,"そのうち化けの皮をはがして
あげる。",,"Pronto le voy a quitar la
mascara."
0x103f34,35,"ユウタが来るなら、来なかった
のに。",,"Si hubiera sabido que
vendria Yuuta, no habria
venido."
0x103f58,35,"どうやら…その時が来た
みたいだ…。",,"Parece que...ya llego el
momento..."
0x103f7c,35,"そう。
その証拠にチェーンメールは、",,"Asi es.
Como prueba de eso, la
cadena de mensajes,"
0x103fa0,35,"じゃあ、わたしがしてきた
ことは…。",,"Entonces, lo que yo
estuve haciendo..."
0x103fc4,35,"たぶん、その頃に届いた
メールが…。",,"Seguro que el mensaje
que llego en esa
epoca..."
0x103fe8,35,"でも…そんなことは珍しく
ないんだ。",,"Pero...eso no es tan
raro..."
0x10400c,35,"僕は最初からプールだと
思っていた。",,"Yo desde el principio
pense que era la
piscina."
0x104030,35,"レイカ…！
まさか…レイカがナナシ！",,"Reika...!
No puede ser...Reika es
Nanashi!"
0x104054,35,"そういえば…ナナシの
チェンメにも。",,"Ahora que lo
pienso...tambien en la
cadena de Nanashi."
0x104078,35,"なあ、ちょっと中、
覗いてみないか？",,"Oye, no quieres echar
un vistazo adentro?"
0x10409c,35,"トイレに行った方が
いいんじゃない？",,"No seria mejor ir al
bano?"
0x1040c0,35,"やめろ…何が起きるか
わかんないぞ。",,"Basta...no se sabe que
puede pasar."
0x1040e4,37,"レイカに襲われた時…
ついたのかな…。",,"Sera que me la
hice...cuando me ataco
Reika..."
0x10410c,37,"“呪いの交差点”って
言われてるんだ。",,"Le dicen el cruce
maldito."
0x104134,37,"…わたしより…リコの方が
お似合い…。",,"...Riko le queda
mejor...que yo..."
0x10415c,37,"だったら、おまえも同じ顔に
してやる！",,"Entonces, te voy a dejar
con la misma cara!"
0x104184,37,"…遊園地って、
ドリームパークのこと？",,"...El parque de
diversiones, te refieres
a Dream Park?"
0x1041ac,37,"ひょっとして…
大きな木のある交差点？",,"Sera...el cruce con el
arbol grande?"
0x1041d4,37,"救急車に運ばれている
最中だったのよ。",,"La estaban llevando en la
ambulancia justo en ese
momento."
0x1041fc,37,"でも、どうしたの？
急にそんなこと…。",,"Pero, que te pasa?
Preguntar eso de
repente..."
0x104224,37,"…そろそろ気づくと
思っていたけど…。",,"...Pense que ya te ibas
a dar cuenta..."
0x10424c,37,"あ、その話じゃないの…？
あちゃ……。",,"Ah, no era sobre
eso...?
Vaya......"
0x104274,37,"ごめん、携帯にキャッチ
入っちゃった。",,"Perdon, me entro una
llamada en espera."
0x10429c,37,"都市伝説が最高の形で実体化
するんだ！",,"La leyenda urbana se va
a materializar en su
mejor forma!"
0x1042c4,37,"ただの夜遊びなら、
いいんだけどな…。",,"Si fuera solo para salir
de noche, no habria
problema..."
0x1042ec,37,"なんか…今回はいやな予感が
するんだ。",,"Tengo un mal
presentimiento esta
vez..."
0x104314,37,"ま、あのバカのことも多少
心配だしね。",,"Bueno, tambien me
preocupa un poco ese
tonto."
0x10433c,37,"最近、ナナシからの
チェーンメールに、",,"Ultimamente, en la
cadena de mensajes de
Nanashi,"
0x104364,37,"霊的な力が宿ってきている気が
するの。",,"Siento que se le esta
impregnando un poder
espiritual."
0x10438c,37,"それじゃ、
他の奴らの噂話と同じだろ。",,"Entonces,
es lo mismo que los
rumores de los demas."
0x1043b4,37,"その時もユウタが犯人だって
疑われた。",,"En ese momento tambien
sospecharon que Yuuta
era el culpable."
0x1043dc,37,"…ユウタ？
ユウタはナナシじゃないよ。",,"...Yuuta?
Yuuta no es Nanashi."
0x104404,37,"仮に本物のナナシじゃないと
しても…。",,"Aunque no sea el
verdadero Nanashi..."
0x10442c,37,"…勝てば…必ず質問に
答えてくれる…。",,"...Si gano...seguro
que responde mi
pregunta..."
0x104454,37,"何か大事なことを隠してる…
気がする。",,"Siento que esta
ocultando algo
importante..."
0x10447c,37,"ふ…ふざけんな！
あと一歩だったのに！",,"N-no jodas!
Estaba a un paso!"
0x1044a4,37,"おびただしい数の人間に
広まっている。",,"Se ha esparcido entre
una cantidad enorme de
gente."
0x1044cc,37,"届いている最後のメールは、
９８通目。",,"El ultimo mensaje que
llego es el numero 98."
0x1044f4,37,"だからリコが無事な可能性は
十分ある。",,"Por eso, hay bastante
posibilidad de que Riko
este a salvo."
0x10451c,37,"（違う未来が
　あったのでしょうか？）",,"(Habra existido un
futuro diferente?)"
0x104544,37,"じゃあ、ユウタと…わたしは
プールで。",,"Entonces, Yuuta y... yo
en la piscina."
0x10456c,37,"レイカって名前、“霊感”の
ダジャレ？",,"El nombre Reika es un
juego de palabras con
poder espiritual?"
0x104594,37,"２階には教室のほかに、
何があったけ？",,"Aparte de los salones,
que mas habia en el
segundo piso?"
0x1045bc,37,"じゃあ、この赤い液体は…
錆びた水…？",,"Entonces, este liquido
rojo... es agua
oxidada...?"
0x1045e4,37,"都市伝説の真実って、
こんなものね…。",,"Asi que esta es la verdad
detras de la leyenda
urbana..."
0x10460c,37,"まずはリコの教室に
行ってみましょう。",,"Primero vayamos al salon
de Riko."
0x104634,37,"とにかく…地震なら…ここは
危険だ…。",,"De todos modos... si es
un terremoto... aqui es
peligroso..."
0x10465c,37,"…それに、俺、今図書室に
入るのは…。",,"...Ademas, ahora
mismo entrar a la
biblioteca..."
0x104684,37,"ところでさ、ジバクレイ…って
なんだ？",,"Por cierto, que es eso de
un espiritu atado a un
lugar?"
0x1046ac,37,"トイレに行きたくなるって話
知らない？",,"No conoces la historia
esa de que te dan ganas
de ir al baño?"
0x1046d4,37,"もっとあなたに
ふさわしい人がいるわ。",,"Hay alguien mas
adecuado para ti."
0x1046fc,37,"あ……プールの底に…
何か落ちてる…。",,"Ah...en el fondo de la
piscina...hay algo
caido..."
0x104724,37,"ホントにリコはここで
おまじないを…？",,"De verdad Riko hizo el
hechizo aqui...?"
0x10474c,37,"おまじないって、どうするん
だっけ…。",,"Como era que se hacia el
hechizo..."
0x104774,39,"……本格的なサバイバル指南本
なのね…。",,"......Es un verdadero
manual de
supervivencia..."
0x10479c,39,"ああ、この辺じゃ
有名な心霊スポットさ。",,"Ah, es un lugar
embrujado famoso por
aqui."
0x1047c4,39,"わたし、この交差点に…
来たことある…。",,"Yo... ya habia venido a
este cruce..."
0x1047ec,39,"小学生の頃…
ここで交通事故にあった…。",,"Cuando estaba en
primaria...tuve un
accidente aqui..."
0x104814,39,"だが何度やっても、うまく
いかなかった。",,"Pero por mas que lo
intente, no funciono."
0x10483c,39,"その帰り道、あなた、
迷子になったのよ。",,"En el camino de vuelta,
te perdiste."
0x104864,39,"そうなの？
…うちには来ていないけど…。",,"Ah si?
...Pero no ha venido a
casa..."
0x10488c,39,"…レイカ…。よかった。
来てくれたんだ。",,"...Reika... Que alivio.
Viniste."
0x1048b4,39,"…僕は…うろたえながら…
すでに書いた、",,"...Yo, aturdido... ya
habia escrito,"
0x1048dc,39,"一度チェンメの発信源を調べて
みたんだ。",,"Una vez trate de
investigar el origen de la
cadena."
0x104904,39,"…どうしても僕を犯人にしたい
ようだね。",,"...Parece que de
verdad quieren hacerme
ver como el culpable."
0x10492c,39,"今から俺たちだけでも転送を
やめれば…。",,"Si al menos nosotros
dejamos de reenviarlo
desde ahora..."
0x104954,39,"（メール？
　っ……まさか……ナナシ！）",,"(Un mensaje?
...No puede
ser...Nanashi!)"
0x10497c,39,"ね、時間もないから、二手に
分かれない？",,"Oye, como no hay
tiempo, no nos dividimos
en dos grupos?"
0x1049a4,39,"あいつ、トイレで急に
おかしくなって…。",,"El de repente se puso
raro en el baño..."
0x1049cc,39,"ね、１００通目のチェーンメール、
見た？",,"Oye, viste el mensaje
numero 100 de la
cadena?"
0x1049f4,39,"あいつが教室にいるとは
思えないけどな。",,"No creo que ese este en
el salon."
0x104a1c,39,"そうだな…今はリコを探すことが
先だな。",,"Tienes razon...ahora lo
primero es buscar a
Riko."
0x104a44,39,"ほら、リコがいるかもしれない
じゃない？",,"Mira, puede que Riko
este ahi, no crees?"
0x104a6c,39,"（わたしたちはレイカを
　探しましたが）",,"(Buscamos a Reika,
pero)"
0x104a94,39,"土地や建物に縛られて
成仏できない霊よ。",,"Es un espiritu atado a un
terreno o edificio que no
puede descansar en paz."
0x104abc,39,"（それもどこまでホントだった
　のか…）",,"(Hasta que punto sera
cierto eso tambien...)"
0x104ae4,39,"知らないわよ。
それよりトイレ行ったら？",,"No lo se.
Mejor ve al baño."
0x104b0c,39,"あいつ、トイレで急に
おかしくなって…。",,"El de repente se puso
raro en el baño..."
0x104b34,39,"ハヤカワミズキってさ、
二組のコでしょ。",,"Hayakawa Mizuki es del
salon 2, no?"
0x104b5c,39,"とりあえず、プールの方を
調べてみよう。",,"Por lo pronto, revisemos
la piscina."
0x104b84,41,"夜のプールは何もしなくたって
怖いけどな。",,"La piscina de noche ya
da miedo aunque no
pase nada."
0x104bb0,41,"足を引っ張られるとか、
ウワサはあるけど。",,"Hay rumores de que te
agarran del pie,
pero..."
0x104bdc,41,"また部活に顔出さないかなあ、
リコのやつ。",,"Ojala Riko vuelva a
aparecer por el club."
0x104c08,41,"そうなのか？
ま、似たもの同士なんだろな。",,"En serio?
Bueno, deben ser tal
para cual."
0x104c34,41,"ここに来てから…なんだか気分が
悪くて…。",,"Desde que llegue
aqui...me siento
mal..."
0x104c60,41,"ああ、この辺り…
昔から交通事故が多くて、",,"Ah, por esta
zona...siempre hubo
muchos accidentes de
transito, y"
0x104c8c,41,"…きれい…よ……リコ……すごく
キレイ…。",,"...Eres... hermosa...
Riko... muy
hermosa..."
0x104cb8,41,"深夜に通ると、人のうめき声が
聞こえたり、",,"Si pasas de madrugada,
se oyen gemidos de
gente, o"
0x104ce4,41,"（…呪文があったはず………、
　たしか…）",,"(...Deberia haber un
conjuro... seguro...)"
0x104d10,41,"それ以来、俺は奇跡を信じる
ようになった。",,"Desde entonces, empece
a creer en los milagros."
0x104d3c,41,"みるみる回復して
…ケガが治っちゃったの。",,"Se recupero
rapidamente...y la
herida sano."
0x104d68,41,"お母さんね、
今つきあっている人がいるの。",,"Mama, ahora estoy
saliendo con alguien."
0x104d94,41,"とにかくナナシに真意を聞きたい
ところね。",,"De todos modos, me
gustaria preguntarle a
Nanashi sus verdaderas
intenciones."
0x104dc0,41,"発信場所も地方とか海外とか
バラバラで…。",,"Y los lugares de envio
son de distintas regiones
o incluso del
extranjero..."
0x104dec,41,"今時偽装なんて、いくらでも
できるでしょ。",,"Hoy en dia, falsificar eso
se puede hacer
facilmente."
0x104e18,41,"…８４通目のチェーンメールを
見るんだ…。",,"...Mira el mensaje
numero 84 de la
cadena..."
0x104e44,41,"出来たら、１００通目のチェーン
メールは、",,"Si es posible, el mensaje
numero 100 de la
cadena,"
0x104e70,41,"“チェーンメールの墓場”に
捨ててるけど。",,"Lo tiro al cementerio de
cadenas de mensajes."
0x104e9c,41,"やっぱり、わたしも…プールに
行ってみる。",,"Despues de todo, yo
tambien...voy a ir a la
piscina."
0x104ec8,41,"（ホントにそうなの…？
　冷静に考えて…）",,"(Sera de verdad asi...?
Piensa con calma...)"
0x104ef4,41,"うん…私も途中で気を
失っちゃったけど…。",,"Si...aunque yo tambien
me desmaye a medio
camino..."
0x104f20,41,"そうね。それじゃあ、まずはどこを
調べる？",,"Es verdad. Entonces,
por donde empezamos a
buscar?"
0x104f4c,41,"そうね。それじゃあ、まずはどこを
調べる？",,"Es verdad. Entonces,
por donde empezamos a
buscar?"
0x104f78,41,"家庭科室にも、面白いウワサが
あったよな。",,"En el aula de economia
domestica tambien habia
un rumor interesante."
0x104fa4,41,"こういうのが都市伝説に
なっていくのね…。",,"Asi es como se van
formando las leyendas
urbanas..."
0x104fd0,41,"トイレに行きたくなるってウワサ
知らない？",,"No conoces el rumor de
que te dan ganas de ir al
baño?"
0x104ffc,41,"ほら、一年の先生で
ハセガワユカリって…。",,"Mira, hay una profesora
de primer año,
Hasegawa Yukari..."
0x105028,41,"（ナナカたちは
　そうウワサしてたけど…）",,"(Eso decian Nanaka y los
demas...)"
0x105054,43,"…１００通目の都市伝説が実体化
されるな…。",,"...El mensaje 100 va a
materializar la leyenda
urbana..."
0x105080,43,"道路にせり出したこの木の
タタリだろうって、",,"Dicen que es la maldicion
de este arbol que
sobresale hacia la calle,"
0x1050ac,43,"でも昔から何度も
切り倒す計画があったけど、",,"Pero desde hace tiempo
hubo varios planes para
talarlo,"
0x1050d8,43,"車にはねられた女の子を
見た覚えがあるんだ。",,"Recuerdo haber visto a
una chica atropellada por
un auto."
0x105104,43,"はねられそう…になった…？
事故じゃないの？",,"Casi la atropellan...?
No fue un accidente?"
0x105130,43,"協力するつもりはなかったけど、
今回は特別。",,"No pensaba cooperar,
pero esta vez es
especial."
0x10515c,43,"１００通目のチェーンメールを
無力化した…。",,"Neutralice el mensaje
numero 100 de la
cadena..."
0x105188,43,"…僕も…新たなナナシの正体を
探るために…、",,"...Yo tambien...para
descubrir la identidad
del nuevo Nanashi...,"
0x1051b4,43,"１００通目に向けて、徐々に
力をつけている。",,"Se esta fortaleciendo
poco a poco de cara al
mensaje 100."
0x1051e0,43,"僕が子供の頃流行ったウワサを
話しただけさ。",,"Solo conte un rumor que
estaba de moda cuando
era niño."
0x10520c,43,"トイレに捨てられた人形に
タマシイが宿る…。",,"Un alma se aloja en un
muneco tirado en el
baño..."
0x105238,43,"リコが最後に目撃されたのが…
新校舎の屋上。",,"La ultima vez que vieron
a Riko fue...en la
azotea del edificio
nuevo."
0x105264,43,"（ユウタがわたしを助けてくれた
　ように…）",,"(Tal como Yuuta me
ayudo a mi...)"
0x105290,43,"（そうか…“テン…ゴク…”
　……天国ね！）",,"(Ya veo...
Ten...goku...
...El cielo!)"
0x1052bc,43,"時間も無いし、探す場所をしぼって
行こうぜ。",,"No hay tiempo, asi que
limitemos los lugares
donde buscar."
0x1052e8,43,"時間も無いし、探す場所をしぼって
行こうぜ。",,"No hay tiempo, asi que
limitemos los lugares
donde buscar."
0x105314,43,"（一命を取りとめたものの、
　重傷を負い…）",,"(Aunque salvo la vida,
quedo gravemente
herida...)"
0x105340,43,"意外とお似合いでしょ、
ミズキには悪いけど。",,"Hacen buena pareja,
aunque lo sienta por
Mizuki."
0x10536c,43,"あいつとは幼なじみだし、なんか
妹みたいな。",,"Somos amigos de la
infancia, es como una
hermana menor para mi."
0x105398,43,"（マサキ……。
　とにかく男子トイレへ……）",,"(Masaki......
De todos modos, al baño
de hombres......)"
0x1053c4,43,"（マサキ……。
　とにかく男子トイレへ……）",,"(Masaki......
De todos modos, al baño
de hombres......)"
0x1053f0,43,"（マサキ……。
　とにかく男子トイレへ……）",,"(Masaki......
De todos modos, al baño
de hombres......)"
0x10541c,43,"ハセガワユカリ……。
……聞いたことないな。",,"Hasegawa Yukari......
......Nunca oi ese
nombre."
0x105448,45,"その手のプールネタはリコの方が
くわしいかな。",,"Sobre ese tipo de
historias de la piscina,
Riko sabe mas."
0x105478,45,"この木に詰まってるんだろうって
言ってたけど。",,"Decian que estaba
atrapado dentro de este
arbol."
0x1054a8,45,"ミズキ…本物の“ナナシ”と…
交信するんだ…。",,"Mizuki...voy a
comunicarme...con el
verdadero Nanashi..."
0x1054d8,45,"いよいよ夜明けと共に、東京で
大地震が起きる！",,"Al fin, con el amanecer,
ocurrira el gran
terremoto en Tokio!"
0x105508,45,"…僕だって…小学生の頃、ナナシ
だったから…。",,"...Yo tambien...fui
Nanashi cuando estaba
en primaria..."
0x105538,45,"ウワサを限りなくリアルに実体化
するような力。",,"Un poder que materializa
los rumores de forma
extremadamente real."
0x105568,45,"ちょっと変わってるけど、
根はいい奴なんだよ。",,"Es un poco raro, pero en
el fondo es buena
persona."
0x105598,45,"マサキ、あなたは親友のこと、
どう思ってるの？",,"Masaki, que piensas de
verdad de tu mejor
amigo?"
0x1055c8,45,"…リコをはじめ、都市伝説の
呪いを解くには…、",,"...Para deshacer la
maldicion de la leyenda
urbana, empezando por
Riko...,"
0x1055f8,45,"この中の誰もがナナシの可能性が
あるんだから。",,"Porque cualquiera de
nosotros podria ser
Nanashi."
0x105628,45,"ここ数日、桐塚に漂う不穏な
空気に似てる……。",,"Se parece al ambiente
inquietante que ha
rondado Kirizuka estos
dias......"
0x105658,45,"だから…いつもメールの最後に
数字があるんだ。",,"Por eso...siempre hay
un numero al final del
mensaje."
0x105688,45,"なあ、何とか百物語を止める方法は
ないのかよ。",,"Oye, no hay alguna
forma de detener las
cien historias?"
0x1056b8,45,"（道路マップに、運転免許の
　参考書……って）",,"(Un mapa de carreteras,
un manual de examen de
manejo......)"
0x1056e8,45,"ひょっとして…教室じゃ…
洗面器とか使って…。",,"Sera que...en el
salon...usan un
lavamanos o algo asi..."
0x105718,45,"（もし、にらめっこに成功して
　いたとしたら）",,"(Si hubiera logrado
ganar el juego de
miradas)"
0x105748,45,"（…床に水が……。
　どこから…もれてるの？）",,"(...Hay agua en el
piso......
De donde...se esta
filtrando...?)"
0x105778,45,"…な、レイカに前から
聞きたかったんだけど…。",,"...Oye, hace tiempo
que queria preguntarte
algo, Reika..."
0x1057a8,45,"意味不明なことをしゃべり出した
と思ったら…、",,"Cuando pense que
empezaba a decir cosas
sin sentido...,"
0x1057d8,45,"とにかく、プールをくまなく
調べてみましょう。",,"De todos modos,
revisemos la piscina a
fondo."
0x105808,45,"なんか…プールが怪しいような…
気がしてきた。",,"Empiezo a sentir que la
piscina es
sospechosa..."
0x105838,45,"なんかさっきから…急におなかが
痛くなって…。",,"Desde hace rato...me
duele mucho el estomago
de repente..."
0x105868,45,"（…ユウタの言っていた…都市伝説
　百物語…）",,"(...Lo que decia
Yuuta...las cien
historias de leyendas
urbanas...)"
0x105898,45,"あのコが来てからチェンメが
広まったんだよね。",,"Desde que llego esa
chica, se esparcio la
cadena de mensajes."
0x1058c8,45,"意味不明なことをしゃべり出した
と思ったら…。",,"Cuando pense que
empezaba a decir cosas
sin sentido...,"
0x1058f8,45,"記憶が飛んだり、
悪夢をよく見たりするんです。",,"A veces pierdo la
memoria, y tengo
pesadillas seguido."
0x105928,45,"あなたを追いつめなきゃいけない、
…何かが…。",,"Algo...tiene que
acorralarte a ti..."
0x105958,45,"（マサキとミズキが
　こっそりつき合ってる…）",,"(Masaki y Mizuki estan
saliendo en secreto...)"
0x105988,45,"（都市伝説の闇に…深入り
　しすぎた…って…）",,"(Que me meti
demasiado...en la
oscuridad de la leyenda
urbana...)"
0x1059b8,47,"何も起きなくたって、自分の顔が
見えるんだよね？",,"Aunque no pase nada,
se ve el propio rostro,
verdad?"
0x1059e8,47,"なんかさ、泳いで何もかもパアッと
忘れたい気分。",,"Tengo ganas de nadar y
olvidarme de todo de
golpe."
0x105a18,47,"やっぱ、やめた。
マサキに水着見られたくないし。",,"Mejor no, olvidalo.
No quiero que Masaki me
vea en traje de baño."
0x105a48,47,"（たしか…キレイだって認めると
　助かるって…）",,"(Creo que...si admites
que es hermosa, te
salvas...)"
0x105a78,47,"その時、倒れたわたしを見ている
男の子もいた…。",,"En ese momento,
tambien habia un chico
mirandome tirada en el
suelo..."
0x105aa8,47,"うん……ちょっと聞きたいことが
あるんだけど…。",,"Si......hay algo que
queria preguntarte..."
0x105ad8,47,"（遊園地…じゃあ、あの子は…
　わたし…なの？）",,"(El parque de
diversiones...
entonces, esa niña
era... yo...?)"
0x105b08,47,"でも救急車に乗っている間に、
なぜかあなたの体が",,"Pero mientras estabas en
la ambulancia, no se por
que tu cuerpo"
0x105b38,47,"これも俺がナナシになるための
…運命の導きだな。",,"Esto tambien es...el
destino guiandome para
convertirme en Nanashi."
0x105b68,47,"やっぱりナナシの正体を
突き止めないとダメなの？",,"Despues de todo, hay
que descubrir la
identidad de Nanashi si o
si?"
0x105b98,47,"発信源のナナシの正体を…
突き止めるしかない…。",,"No queda otra que
descubrir...la identidad
de Nanashi, la
fuente..."
0x105bc8,47,"なあ、ユウタ、この際、はっきり
否定した方が…。",,"Oye, Yuuta, ya que
estamos, seria mejor
que lo negaras
claramente..."
0x105bf8,47,"ね、レイカはどうしてユウタが
ナナシだと思うの？",,"Oye, por que crees que
Yuuta es Nanashi,
Reika?"
0x105c28,47,"（これが１００通目のチェーン
　メール…………）",,"(Este es el mensaje
numero 100 de la
cadena.........)"
0x105c58,47,"（男子トイレ……。
　さすがに入りたくないな…）",,"(El baño de
hombres......
La verdad no quiero
entrar...)"
0x105c88,47,"すでにナナシのチェンメは
リアルなウワサとして、",,"La cadena de Nanashi ya
se ha esparcido como un
rumor real,"
0x105cb8,47,"百物語を阻止するには…ナナシの
正体を暴くこと。",,"Para detener las cien
historias...hay que
revelar quien es
Nanashi."
0x105ce8,47,"（にらめっこに失敗したことに
　気が付きました）",,"(Me di cuenta de que
habia perdido el juego
de miradas)"
0x105d18,47,"危険だけど、たしかに霊を呼び
やすい水場だし…。",,"Es peligroso, pero de
verdad es un lugar con
agua que atrae
espiritus..."
0x105d48,47,"危険だけど、たしかに霊を
呼びやすい水場だし…。",,"Es peligroso, pero de
verdad es un lugar con
agua que atrae
espiritus..."
0x105d78,47,"（だけどケータイには…今も
　たまに届くんです）",,"(Pero al
celular...todavia me
llega alguno de vez en
cuando)"
0x105da8,47,"なんか、似たような都市伝説って
なかったっけ…。",,"No habia alguna leyenda
urbana parecida..."
0x105dd8,47,"（さすがに男子トイレは……
　ないわよね……？）",,"(No sera que...
el baño de hombres...
verdad......?)"
0x105e08,47,"（やっぱりレイカが…ナナシだった
　…から…？）",,"(Sera que...Reika
era...Nanashi...?)"
0x105e38,47,"せっかく入ったんだし、もう少し
調べていこうぜ。",,"Ya que entramos,
sigamos investigando un
poco mas."
0x105e68,47,"（トイレの花子さんを退散させる
　おまじない…）",,"(Un hechizo para
ahuyentar a Hanako-san
del baño...)"
0x105e98,47,"ダメよ…、そんな考え。
ナナシの思うツボでしょ。",,"No...ese pensamiento
no sirve.
Es justo lo que quiere
Nanashi."
0x105ec8,47,"見てるだけで頭が痛くなるような
本ばかりだな…。",,"Son puros libros que dan
dolor de cabeza con solo
mirarlos..."
0x105ef8,47,"読んでみると結構面白いわよ。
今度借りてみれば？",,"Si los lees, son bastante
interesantes.
Por que no pides uno
prestado?"
0x105f28,49,"（…でも、あいつのこと…
　ミズキより知ってるし）",,"(Pero, a el... lo
conozco mejor que
Mizuki)"
0x105f5c,49,"第三章、食べられる動植物。
第四章、危険な動植物。",,"Capitulo 3, plantas y
animales comestibles.
Capitulo 4, plantas y
animales peligrosos."
0x105f90,49,"ばあちゃんなんかは、
戦争で死んだ人たちの怨念が、",,"Mi abuela decia que el
rencor de los que
murieron en la guerra,"
0x105fc4,49,"それを百物語で蘇らせたユウタを
影から見ていた…。",,"Observaba desde las
sombras a Yuuta, que lo
revivio con las cien
historias..."
0x105ff8,49,"一度、この近くの遊園地に
行ったことはあったはず。",,"Seguro que alguna vez
fue al parque de
diversiones cerca de
aqui."
0x10602c,49,"…さっきも…足を引っ張られて
溺れそうになった…。",,"...Hace un rato...algo
me agarro del pie y casi
me ahogo..."
0x106060,49,"結局、車を避けて転んでケガした
だけって言われた。",,"Al final, me dijeron que
solo me cai al esquivar
un auto y me lastime."
0x106094,49,"うん、まあ…あ、でもそれより
聞きたいことが……。",,"Si, bueno...ah, pero
mas que eso, hay algo
que queria
preguntar......"
0x1060c8,49,"おそらく今のナナシはその名を
語っているニセ者…。",,"Seguramente el Nanashi
actual es un impostor
que usa ese nombre..."
0x1060fc,49,"…都市伝説が本当に実現するのか
…知りたかった…。",,"...Queria saber...si la
leyenda urbana de
verdad se haria
realidad..."
0x106130,49,"この学校で最近、失踪や家出が
相次いでいるでしょ。",,"Ultimamente ha habido
una seguidilla de
desapariciones y fugas
en esta escuela, no?"
0x106164,49,"これから起きる最高の地獄を、
二人で見届けようぜ！",,"Veamos juntos el mejor
infierno que esta a punto
de ocurrir!"
0x106198,49,"俺はあいつを信じたい。
昔から誤解されやすいんだ。",,"Yo quiero confiar en el.
Siempre fue facil de
malinterpretar."
0x1061cc,49,"（美術室……特に変わったところは
　ないみたい…）",,"(El aula de
arte......parece que
no hay nada
especial...)"
0x106200,49,"あ、俺が呼んだんだ。
こういう時は頼りになるだろ？",,"Ah, yo lo llame. En
momentos asi, se puede
confiar en el, no?"
0x106234,49,"（家庭科室…特に変わったところは
　ないみたい…）",,"(El aula de economia
domestica...parece que
no hay nada
especial...)"
0x106268,49,"（図書室……特に変わったところは
　ないみたい…）",,"(La
biblioteca......parece
que no hay nada
especial...)"
0x10629c,49,"ダメだ…百物語の呪いは…
自分にかえってくる……。",,"No sirve...la maldicion
de las cien
historias...vuelve
contra uno mismo......"
0x1062d0,49,"（理科室……特に変わったところは
　ないみたい…）",,"(El laboratorio de
ciencias......parece
que no hay nada
especial...)"
0x106304,49,"（音楽室……特に変わったところは
　ないみたい…）",,"(El aula de
musica......parece
que no hay nada
especial...)"
0x106338,49,"墓場に捨てても同じさ。
チェンメとしては成立する。",,"Da igual si lo tiro al
cementerio. Sigue
contando como cadena
de mensajes."
0x10636c,49,"（高１数学…高３英語……。
　参考書関連の棚か…）",,"(Matematicas de
primero...ingles de
tercero......Es el
estante de libros de
estudio...)"
0x1063a0,49,"とにかく１００通目が届く前に、
早くリコを探そう。",,"De todos modos,
busquemos a Riko rapido
antes de que llegue el
mensaje numero 100."
0x1063d4,49,"（……今度は…わたしが…
　みんなを助ける番……）",,"(......Esta vez...me
toca a mi...ayudar a
todos......)"
0x106408,49,"（この学校って、在学中に
　免許とってもいいの？）",,"(En esta escuela, se
puede sacar la licencia
mientras se estudia?)"
0x10643c,49,"さっき、あんなメールを
見せられた後だからな……。",,"Es que recien me
mostraron un mensaje
asi......"
0x106470,49,"（屋上の時より、妙な気配を
　あちこちで感じる…）",,"(Siento una presencia
extraña por todos lados,
mas que en la
azotea...)"
0x1064a4,49,"（リコも昨晩の記憶を失っていた
　けど無事でした）",,"(Riko tambien habia
perdido la memoria de
anoche, pero estaba
bien)"
0x1064d8,49,"私も…前から気になってた
ウワサがあるのよね……。",,"Yo tambien...tengo un
rumor que me interesaba
desde antes......"
0x10650c,49,"ま…、どうせしょぼい真相が
わかるだけだろうけど。",,"Bueno...seguro que al
final solo se descubre
una verdad sin gracia."
0x106540,49,"（まさか男子トイレ…？
　……そんなわけないか…）",,"(No sera el bano de
hombres...? ...No, no
puede ser...)"
0x106574,51,"俺は小学生の時、車にはねられて
死にかけたおまえと、",,"Cuando estaba en
primaria, a ti, que casi
moriste atropellada por
un auto,"
0x1065a8,51,"ほら、十年ぐらい前に一度、
東京に転勤する話があって",,"Mira, hace unos diez
años hubo una vez una
posibilidad de traslado a
Tokio, y"
0x1065dc,51,"最初はそう思ったの。
だって、わたしが駆けつけた時は",,"Al principio pense eso.
Porque cuando llegue
corriendo,"
0x106610,51,"プールでにらめっこ……。
…にらめっこ……そうか…。",,"El juego de miradas en la
piscina......El juego
de miradas......ya
veo..."
0x106644,51,"ね、マサキ。あなた、ナナシの正体
知ってるんでしょ？",,"Oye, Masaki. Tu sabes
quien es realmente
Nanashi, verdad?"
0x106678,51,"（２−１……リコの教室…。
　特になにもないみたい）",,"(2-1......El salon de
Riko...Parece que no
hay nada especial)"
0x1066ac,51,"たぶん…、わたしがナナシの正体を
見破ったことで…、",,"Seguramente...porque
yo descubri quien era
realmente Nanashi...,"
0x1066e0,51,"（ナナシの居場所をつきとめて
　正体を暴くしかない）",,"(No queda otra que
localizar a Nanashi y
revelar su identidad)"
0x106714,51,"（マサキは…木が植えられていた
　場所に転落して…）",,"(Masaki...cayo en el
lugar donde estaba
plantado el arbol...)"
0x106748,51,"（…ユウタだけは…その後も
　見つかりませんでした）",,"(...Solo Yuuta...no
fue encontrado despues
de eso)"
0x10677c,51,"（…レイカとユウタの行方は…
　今もわかりません…）",,"(...El paradero de
Reika y Yuuta...sigue
siendo desconocido...)"
0x1067b0,51,"（…たしかに最近…二人で
　いることが多いような…）",,"(...Es verdad que
ultimamente...estan
juntos seguido...)"
0x1067e4,53,"第一章、気候別サバイバル術。
第二章、ＳＯＳの出し方。",,"Capitulo 1, tecnicas de
supervivencia segun el
clima. Capitulo 2, como
pedir ayuda."
0x10681c,53,"ま、幼なじみだからな。
からかいやすいんだよ、きっと。",,"Bueno, es que somos
amigos de la infancia.
Seguro que por eso es
facil de molestar."
0x106854,53,"木の皮のシワが人の苦しんでいる
顔に見えたりするんだ。",,"Las arrugas de la corteza
del arbol a veces
parecen la cara de
alguien sufriendo."
0x10688c,53,"あんなに行きたいってダダを
こねていたのに。変な子ね。",,"Y eso que insistia tanto
en que queria ir. Que
niña rara."
0x1068c4,53,"お母さん、ミズキが死んじゃう！
って泣きじゃくったわ。",,"Mama, Mizuki se va a
morir! -lloraba sin
parar."
0x1068fc,53,"俺の思いが通じたのか…、
おまえは再び俺の前に現れた。",,"No se si mis sentimientos
llegaron a ti...pero
volviste a aparecer ante
mi."
0x106934,53,"ナナシのチェーンメールが数を
増すごとに力を持ち始め、",,"A medida que aumentaba
el numero de la cadena
de Nanashi, esta empezo
a ganar poder, y"
0x10696c,53,"自分がナナシであることを
明かしているような口ぶりね。",,"Habla como si estuviera
revelando que ella misma
es Nanashi."
0x1069a4,53,"（わたしには…もう…。
　…どうせ…都市伝説でしょ？）",,"(Para mi...ya...da
igual...es solo una
leyenda urbana, no?)"
0x1069dc,53,"（はっ……まさか……。
　そこに…ナナシがいるの…？）",,"(Ah......no puede
ser......Ahi...esta
Nanashi...?)"
0x106a14,53,"時間もないから、プール組と
教室組の二手に分かれよう。",,"Como no hay tiempo,
dividamonos en el grupo
de la piscina y el de los
salones."
0x106a4c,53,"ここでテンゴクと表現できる
場所は……あそこしかない。",,"El unico lugar que aqui
se podria llamar el
cielo......es ese, no
hay otro."
0x106a84,53,"（夜明けが迫り、仕方なく校舎を
　出たわたしたちは…）",,"(Con el amanecer
acercandose, no tuvimos
mas remedio que salir
del edificio...)"
0x106abc,53,"都市伝説や学校の七不思議に
立ち向かったことがあるの。",,"Ya me he enfrentado
antes a leyendas
urbanas y a los siete
misterios de la escuela."
0x106af4,55,"『デキル男の家庭料理！孤島
サバイバル編』…なんだこれ？",,"Comida casera para
hombres capaces!
Edicion supervivencia en
isla desierta...que es
esto?"
0x106b2c,55,"最近やたらと数が多くて、
墓場にも全然転送してないなあ。",,"Ultimamente son
muchisimos, y ni
siquiera los reenvie al
cementerio."
0x106b64,55,"そのたびに関係者が急死したり、
作業にトラブルが起きて、",,"Cada vez que pasaba
eso, moria alguien
involucrado de repente,
o surgian problemas en
las obras, y"
0x106b9c,55,"いい子にしてたら遊園地に
連れてってあげるって約束した。",,"Le promet que si se
portaba bien, la llevaria
al parque de
diversiones."
0x106bd4,55,"それで道路に飛び出して、
車にはねられそうになったのよ。",,"Por eso se metio
corriendo a la calle y casi
la atropella un auto."
0x106c0c,55,"本当に不思議な出来事だった…。
医者も首をかしげたけど、",,"Fue algo realmente
extraño......Hasta el
medico se quedo
perplejo, pero"
0x106c44,55,"ナナシとは…都市伝説にまつわる
…名もなき霊に付けられた",,"Nanashi es...un nombre
puesto a un espiritu sin
nombre...relacionado
con las leyendas
urbanas,"
0x106c7c,55,"（玄関…この先は外……。
　今すぐ逃げ出したい…でも…）",,"(La entrada...mas alla
es afuera......Quiero
escapar ahora
mismo...pero...)"
0x106cb4,55,"…僕は…ケータイを使った
“にらめっこのおまじない”で…",,"...Yo...con el hechizo
del juego de miradas
usando el celular..."
0x106cec,55,"どうせ、またヘンなおまじない
とか、やったんじゃないの？",,"Seguro que otra vez
hiciste algun hechizo
raro, no?"
0x106d24,55,"チェンメに刺激されて、いつの
まにか自分もナナシのような",,"Estimulado por la cadena
de mensajes, sin darme
cuenta yo tambien
empece a actuar como si
fuera Nanashi,"
0x106d5c,55,"聞いたことあるな。俺たちの
小学校で流行らなかったっけ？",,"Eso lo he oido. No
estuvo de moda en
nuestra primaria?"
0x106d94,55,"（マサキの手によって屋上から
　突き落とされたわたしは）",,"(Yo, empujada por
Masaki desde la
azotea,)"
0x106dcc,55,"あいつのクラスもあるし、
手がかりがあるかも知れねーし。",,"Tambien esta su salon,
puede que haya alguna
pista."
0x106e04,55,"あいつのクラスもあるし、
手がかりがあるかも知れねーし。",,"Tambien esta su salon,
puede que haya alguna
pista."
0x106e3c,55,"（たしかノックされた場所に
　同じ回数のノックを返す…）",,"(Creo que hay que
responder con el mismo
numero de golpes en el
lugar donde tocaron...)"
0x106e74,57,"そして俺もナナシとなって、百物語
で奇跡を起こそうとした。",,"Y entonces yo tambien
me converti en Nanashi,
tratando de causar un
milagro con las cien
historias."
0x106eb0,57,"（…逃げるわけにはいかない。
　ナナシを見つけないと……）",,"(...No puedo escapar.
Tengo que encontrar a
Nanashi......)"
0x106eec,57,"俺が小学生の頃にも…ナナシの
チェンメって流行ったんだよ。",,"Cuando yo estaba en
primaria...la cadena de
Nanashi tambien estuvo
de moda."
0x106f28,57,"時にナナシを装って…、君に
助け船を出したことがあった…。",,"A veces, haciendome
pasar por Nanashi...te
di una mano de
ayuda..."
0x106f64,57,"ああ。ナナシが１００通のチェーン
メールを成立させることが",,"Ah. Que Nanashi
complete los 100
mensajes de la cadena"
0x106fa0,57,"（大地震を止めて、すべての
　都市伝説の呪いを解くには…）",,"(Para detener el gran
terremoto y deshacer la
maldicion de todas las
leyendas urbanas...)"
0x106fdc,57,"（…きっと二人も…呪いに…。
　もしも…呪いが解けても…）",,"(...Seguro que ellos
dos tambien...cayeron
en la
maldicion...Aunque la
maldicion se
deshaga...)"
0x107018,57,"（…きっと二人も…呪いに…。
　もしも…呪いが解けても…）",,"(...Seguro que ellos
dos tambien...cayeron
en la
maldicion...Aunque la
maldicion se
deshaga...)"
0x107054,57,"（でも…ナナシが天国にいるって、
　まさか…ユウタが…？）",,"(Pero...si Nanashi esta
en el cielo, no
sera...Yuuta...?)"
0x107090,57,"（そのせいで、ナナシの助けを
　得られなかったのでしょう）",,"(Por eso, seguramente
no pudo obtener la
ayuda de Nanashi)"
0x1070cc,57,"（……雲の上……お花畑……。
　…天国に…一番近い場所…）",,"(......Sobre las
nubes...un campo de
flores......El lugar
mas cercano...al
cielo...)"
0x107108,57,"（辞書はいろいろあるけど、
　他に気になるものはないわね）",,"(Hay varios diccionarios,
pero no hay nada mas
que llame la atencion)"
0x107144,59,"夜のプールで…にらめっこ…すると
…、霊に…ひきこまれる…？",,"Si haces...el juego de
miradas...en la piscina
de noche...te
arrastra...un
espiritu...?"
0x107180,59,"なんか地元の子と仲良しになって、
勝手に遊びに行っちゃって。",,"Se hizo amiga de un
chico del lugar y se fue a
jugar por su cuenta."
0x1071bc,59,"ミズキもきっと気に入るから。
ね、今度三人で食事でもしない？",,"Seguro que a Mizuki
tambien le va a gustar.
Oye, por que no
comemos los tres juntos
alguna vez?"
0x1071f8,59,"…だから…ナナシに教えられる
まま、“百物語”を実践した…。",,"...Por eso...hice las
cien historias tal como
Nanashi me enseno..."
0x107234,59,"あの時、君は交差点を渡ろうとし
て、信号無視をしたトラックに",,"En ese momento, cuando
ibas a cruzar el cruce,
un camion que se paso el
semaforo"
0x107270,59,"そして…新たに…君の命が助かる
未来を…チェーンメールで…。",,"Y entonces...un nuevo
futuro...donde tu vida
se salvaba...a traves de
la cadena de
mensajes..."
0x1072ac,59,"正体を知られたナナシは、もう
「名無し」ではなくなるからね。",,"Porque el Nanashi cuya
identidad se descubre,
ya deja de ser sin
nombre."
0x1072e8,59,"（多分…ユウタは帰ってこない…。
　それじゃ…意味ないよ…）",,"(Seguramente...Yuuta
no va a
volver...Entonces...no
tiene sentido...)"
0x107324,59,"たしかに９８通目のチェーンメール
はプールのウワサだけど…。",,"Es verdad que el
mensaje numero 98 de la
cadena es sobre el rumor
de la piscina, pero..."
0x107360,59,"（もしも…天国が…ナナシの今いる
　場所のヒントだったら…）",,"(Si acaso...el
cielo...fuera una pista
de donde esta Nanashi
ahora...)"
0x10739c,61,"百物語には“ナナシの奇跡を実体
化した少女”の存在が必要だと、",,"Que las cien historias
necesitan la existencia
de la chica que
materializo el milagro de
Nanashi,"
0x1073dc,61,"そして…チェーンメールによる…
１００通目の転送を…目前にした",,"Y entonces...con el
reenvio numero 100 de
la cadena de
mensajes...a punto de
ocurrir,"
0x10741c,61,"（英語で書かれてる本ばっかり…。
　…洋書関連の棚なのかな？）",,"(Solo hay libros escritos
en ingles...Sera el
estante de libros
extranjeros?)"
0x10745c,61,"もし、９８通目のメールを知らずに
プールでおまじないをしたら。",,"Si, sin saber del
mensaje numero 98,
hicieras el hechizo en la
piscina."
0x10749c,61,"（リコを連れて、安全だと思われる
　グラウンドに避難しました）",,"(Nos refugiamos con
Riko en el patio, que
parecia seguro)"
0x1074dc,61,"こんなこともあるかと、図書室の
スペアキーを作っておいたから。",,"Por si acaso pasaba algo
asi, hice una llave de
repuesto de la
biblioteca."
0x10751c,63,"（わたし…この交差点…知ってる。
　初めて通った場所…なのに…）",,"(Yo...conozco este
cruce...Aunque es la
primera vez que paso
por aqui...)"
0x10755c,63,"少なくともユウタのケータイから、
チェンメは発信されてなかった。",,"Al menos, desde el
celular de Yuuta no se
envio la cadena de
mensajes."
0x10759c,63,"９９番目のメールを知らないまま、
トイレでおまじないをしたら…。",,"Si, sin saber del
mensaje numero 99,
hicieras el hechizo en el
bano..."
0x1075e4,6,うん。,,Si.
0x107604,8,うん…。,,Si...
0x107628,10,大変だよ！,,Es grave!
0x107634,10,…うん…。,,...Si...
0x10764c,10,（はっ！）,,(Ah!)
0x107658,10,……あぁ？,,......Ah?
0x107664,10,レイカ…。,,Reika...
0x107670,12,なに、それ。,,Que es eso.
0x107680,12,…そんな…。,,...No puede ser...
0x107690,12,いなくない？,,"No esta, no?"
0x1076a0,14,そんなこと…。,,Eso...
0x1076b0,14,ヘンな声って？,,Una voz rara?
0x1076c0,14,（…そして…）,,(...Y entonces...)
0x1076d0,14,（リコから…）,,(De parte de Riko...)
0x1076e0,14,ね、それより、,,"Oye, mas que eso,"
0x1076f0,16,やばいよ！ひっ！,,Es grave! Hii!
0x107704,16,…どういうこと？,,...Que quieres decir?
0x107718,16,えーっ、マジで。,,"Eh, en serio."
0x10772c,16,ユ、ユカリ先生。,,Yu-Yukari-sensei.
0x107740,16,リコ！？　リコ！,,Riko!? Riko!
0x107754,18,１年の担任って…。,,"La tutora de primer
año..."
0x107768,18,あ、わかるわかる。,,"Ah, ya se, ya se."
0x10777c,20,えっ？マサキが…！？,,Eh? Masaki...!?
0x107794,20,えっ…そんなはず…。,,Eh...no puede ser...
0x1077ac,22,ユカリ先生はどこ……？,,"Donde esta
Yukari-sensei......?"
0x1077c4,22,ユカリ…先生？誰それ？,,"Yukari...sensei? Quien
es esa?"
0x1077dc,22,どうでもいいって何よ。,,Como que no importa.
0x1077f4,22,いい加減目を覚まして。,,Ya despierta de una vez.
0x10780c,24,（このシミ……どこかで）,,"(Esta mancha......en
algun lado)"
0x107828,28,災いの元よ。早く消しなさい。,,"Es la causa de la
desgracia. Borrala
rapido."
0x107848,28,…１年にそんな先生いたっけ？,,"...Habia una profesora
asi en primer año?"
0x107868,28,死んでも…逃れられないわ…。,,"Ni muriendo...te vas a
librar..."
0x107888,29,"災いの元よ。
早く消しなさい。",,"Es la causa de la
desgracia.
Borrala rapido."
0x1078a8,30,…もしもし…リコ？久しぶり…。,,"...Hola...Riko? Cuanto
tiempo..."
0x1078c8,32,“雨の夕暮れに死者がよみがえる”,,"En el atardecer lluvioso,
los muertos resucitan"
0x1078ec,32,あ、ミズキ、ケータイありがとね。,,"Ah, Mizuki, gracias por
el celular."
0x107910,32,（じゃあ…わたしが会ったのは…）,,"(Entonces...con quien
me encontre yo era...)"
0x107934,32,どうしたの、ミズキ、首かしげて。,,"Que te pasa, Mizuki,
ladeando la cabeza asi."
0x107958,32,ほら、１年の担任、長谷川ユカリ。,,"Mira, la tutora de primer
año, Hasegawa Yukari."
0x10797c,35,"シッ。
…ごめんね、せっかくだけど。",,"Shh.
...Perdon, aunque te
hayas esforzado."
0x1079a0,37,"…その顔…。
まだ何かに未練があるの？",,"...Esa cara...
Todavia tienes algo
pendiente?"
0x1079c8,37,"ケーサツからやっと返して
もらえたよ。",,"Por fin me lo devolvio la
policia."
0x1079f0,37,"あれ、でもこの前、
機種変したんじゃ。",,"Eh, pero no habias
cambiado de celular hace
poco?"
0x107a18,37,"ほら、ヘンな声が録音されてた
でしょ。",,"Mira, se habia grabado
una voz rara, no?"
0x107a40,39,"あまり深入りしないでって言った
でしょ。",,"Te dije que no te
metieras tanto, no?"
0x107a68,39,"ケータイの写真、まだ残っている
でしょ。",,"Las fotos del celular,
todavia deben estar ahi,
no?"
0x107a90,39,"実はトンデモサイトだったって
知ってた？",,"Sabias que en realidad
era un sitio disparatado?"
0x107ab8,39,"勝手に見知らぬ人へ転送されてた
みたい。",,"Parece que se reenvio
solo a gente
desconocida."
0x107ae0,39,"ケータイの写真、まだ残っている
でしょ。",,"Las fotos del celular,
todavia deben estar ahi,
no?"
0x107b08,39,"…都市伝説の闇に…引き込まれた
人間は…",,"...La gente que fue
arrastrada...a la
oscuridad de la leyenda
urbana..."
0x107b30,41,"さもないと今度こそ大変なことに
なるわよ。",,"Si no, esta vez si que
sera grave."
0x107b5c,41,"雨の夕暮れには霊たちが道連れを
探すの…。",,"En los atardeceres
lluviosos, los espiritus
buscan compañia para
llevarse..."
0x107b88,41,"ちょっと前に流行った“チェンメの
墓場”、",,"El cementerio de cadenas
de mensajes que estuvo
de moda hace poco,"
0x107bb4,41,"うん…ユカリ先生、最近見ないなあ
って…。",,"Si...pense que
ultimamente no veo a
Yukari-sensei..."
0x107be0,41,"（ユカリ先生…
　どうしちゃったんだろう）",,"(Yukari-sensei...que le
habra pasado)"
0x107c0c,43,"…特に、こんな雨の日は…
早く帰らないと…。",,"...Sobre todo en un dia
lluvioso como
este...hay que volver
rapido..."
0x107c38,45,"マサキが看護師を殺して病院を
抜け出したって！",,"Dicen que Masaki mato a
una enfermera y escapo
del hospital!"
0x107c68,45,"うーん、最近また別のひとが
気になっちゃって。",,"Mmm, ultimamente me
empezo a interesar otra
persona."
0x107c98,45,"あんた、どうでもいい記憶力は
カンペキだよね。",,"Tienes una memoria
perfecta para las cosas
sin importancia."
0x107cc8,47,"あんたの好きなナナシのメールにも
あったでしょ。",,"Tambien estaba en esos
mensajes de Nanashi que
tanto te gustan, no?"
0x107cf8,47,"で、結局、どっち選んだの？
告られた２人のうち。",,"Y al final, a cual
elegiste? De los dos que
se te declararon."
0x107d28,47,"（わたしは、ユカリ先生のことを
　調べてみた…）",,"(Yo investigue un poco
sobre Yukari-sensei...)"
0x107d58,47,"あの“おい”って声…持ってるの、
気味悪くて…。",,"Esa voz que dice
oye...tenerla grabada
me da escalofrios..."
0x107d88,47,"（たしか…わたしやリコが撮った
　写真にも……）",,"(Creo que...tambien en
las fotos que sacamos
Riko y yo......)"
0x107db8,49,"ひどくない？それ。
あたし何度も送っちゃったのに。",,"No es cruel eso? Y yo
que lo reenvie varias
veces."
0x107dec,51,"…モリモト…ハラ…クリタ…アラセ
…カンザキでしょ。",,"...Morimoto...
Hara... Kurita...
Arase... y Kanzaki, no?"
0x107e20,51,"（ユカリ先生と会っていたのは
　こっちの方じゃない）",,"(La que se veia con
Yukari-sensei no era yo)"
0x107e54,53,"（…たしかにユカリ先生は…
　桐塚高校の教師だった…）",,"(...Es verdad que
Yukari-sensei...era
profesora de la
secundaria Kirizuka...)"
0x107e8c,53,"（あの日を境に…ユカリ先生の姿は
　見えなくなった…）",,"(Desde ese dia...ya no
se volvio a ver a
Yukari-sensei...)"
0x107ec4,55,"（レイカは…そう言ったけど…
　どうしても気になって、）",,"(Reika...dijo
eso...pero no podia
dejar de darle vueltas,
y)"
0x107efc,55,"（…３年前、視聴覚教室で首を
　吊って自殺したらしい…）",,"(...Parece que hace
tres años se ahorco en el
aula audiovisual...)"
0x109c34,6,プール,,Piscina
0x109c3c,6,押入れ,,Armario
0x109c44,6,プール,,Piscina
0x109c4c,6,プール,,Piscina
0x109c54,6,事務所,,Oficina
0x109c5c,6,プール,,Piscina
0x109f84,8,トンネル,,Tunel
0x109f90,8,トンネル,,Tunel
0x109f9c,8,東桐塚駅,,"Estacion
Higashi-Kirizuka"
0x109fa8,8,リビング,,Sala de estar
0x109fb4,8,洞窟地蔵,,Cueva del Jizo
0x109fc0,8,玄関廊下,,Pasillo de la entrada
0x109fcc,8,リビング,,Sala de estar
0x109fd8,8,地下通路,,Pasadizo subterraneo
0x109fe4,8,玄関廊下,,Pasillo de la entrada
0x109ff0,8,玄関廊下,,Pasillo de la entrada
0x109ffc,8,トンネル,,Tunel
0x10a008,8,トンネル,,Tunel
0x10a014,8,東桐塚駅,,"Estacion
Higashi-Kirizuka"
0x10a020,10,新校舎屋上,,Azotea del edificio nuevo
0x10a02c,10,新校舎屋上,,Azotea del edificio nuevo
0x10a038,10,新校舎屋上,,Azotea del edificio nuevo
0x10a044,10,旧校舎倉庫,,"Deposito del edificio
viejo"
0x10a050,10,旧校舎玄関,,Entrada del edificio viejo
0x10a05c,10,お化け屋敷,,Casa embrujada
0x10a068,10,新校舎屋上,,Azotea del edificio nuevo
0x10a074,10,新校舎屋上,,Azotea del edificio nuevo
0x10a080,10,お化け屋敷,,Casa embrujada
0x10a098,12,新校舎図書室,,"Biblioteca del edificio
nuevo"
0x10a0a8,12,新校舎図書室,,"Biblioteca del edificio
nuevo"
0x10a0b8,12,三ツ谷公園駅,,Estacion Mitsuya Koen
0x10a0c8,12,ミラーハウス,,Casa de espejos
0x10a0d8,12,旧校舎理科室,,"Laboratorio de ciencias
del edificio viejo"
0x10a0e8,12,ミラーハウス,,Casa de espejos
0x10a0f8,12,ミズキの部屋,,El cuarto de Mizuki
0x10a108,12,ミラーハウス,,Casa de espejos
0x10a118,12,旧校舎音楽室,,"Aula de musica del
edificio viejo"
0x10a128,12,ミズキの部屋,,El cuarto de Mizuki
0x10a138,12,新校舎図書室,,"Biblioteca del edificio
nuevo"
0x10a148,12,旧校舎保健室,,"Enfermeria del edificio
viejo"
0x10a158,12,新校舎図書室,,"Biblioteca del edificio
nuevo"
0x10a168,12,旧校舎宿直室,,"Cuarto de guardia del
edificio viejo"
0x10a178,14,旧三ツ谷公園駅,,"Antigua estacion Mitsuya
Koen"
0x10a188,14,旧三ツ谷公園駅,,"Antigua estacion Mitsuya
Koen"
0x10a198,14,ドリームパーク,,Dream Park
0x10a1a8,14,ドリームパーク,,Dream Park
0x10a1b8,14,新校舎２Ｆ教室,,"Salon del 2do piso del
edificio nuevo"
0x10a1c8,14,ドリームパーク,,Dream Park
0x10a1d8,14,ドリームパーク,,Dream Park
0x10a1f8,16,新校舎２Ｆ北廊下,,"Pasillo norte del 2do piso
del edificio nuevo"
0x10a20c,16,セーブしますか？,,Guardar partida?
0x10a220,16,新校舎２Ｆトイレ,,"Bano del 2do piso del
edificio nuevo"
0x10a234,16,上書きしますか？,,Sobrescribir?
0x10a248,16,よろしいですか？,,Estas seguro?
0x10a25c,16,新校舎１Ｆ南廊下,,"Pasillo sur del 1er piso
del edificio nuevo"
0x10a270,16,新校舎１Ｆ北廊下,,"Pasillo norte del 1er piso
del edificio nuevo"
0x10a284,16,旧校舎地下資料室,,"Sala de archivos del
subsuelo del edificio
viejo"
0x10a298,16,新校舎１Ｆトイレ,,"Bano del 1er piso del
edificio nuevo"
0x10a2ac,16,新校舎１Ｆトイレ,,"Bano del 1er piso del
edificio nuevo"
0x10a2c0,16,旧校舎一階トイレ,,"Bano del primer piso del
edificio viejo"
0x10a2d4,16,新校舎２Ｆ南廊下,,"Pasillo sur del 2do piso
del edificio nuevo"
0x10a2e8,16,新校舎２Ｆ北廊下,,"Pasillo norte del 2do piso
del edificio nuevo"
0x10a2fc,16,旧校舎二階南廊下,,"Pasillo sur del segundo
piso del edificio viejo"
0x10a310,16,新校舎２Ｆトイレ,,"Bano del 2do piso del
edificio nuevo"
0x10a324,16,旧校舎二階北廊下,,"Pasillo norte del segundo
piso del edificio viejo"
0x10a338,16,旧校舎二階トイレ,,"Bano del segundo piso
del edificio viejo"
0x10a34c,16,新校舎２Ｆトイレ,,"Bano del 2do piso del
edificio nuevo"
0x10a360,16,旧校舎二階教室Ａ,,"Salon A del segundo piso
del edificio viejo"
0x10a374,16,旧校舎二階教室Ａ,,"Salon A del segundo piso
del edificio viejo"
0x10a388,16,新校舎３Ｆ南廊下,,"Pasillo sur del 3er piso
del edificio nuevo"
0x10a39c,16,旧校舎二階教室Ｂ,,"Salon B del segundo piso
del edificio viejo"
0x10a3b0,16,新校舎３Ｆ北廊下,,"Pasillo norte del 3er piso
del edificio nuevo"
0x10a3c4,16,旧校舎三階南廊下,,"Pasillo sur del tercer piso
del edificio viejo"
0x10a3d8,16,新校舎３Ｆトイレ,,"Bano del 3er piso del
edificio nuevo"
0x10a3ec,16,旧校舎三階北廊下,,"Pasillo norte del tercer
piso del edificio viejo"
0x10a400,16,旧校舎三階トイレ,,"Bano del tercer piso del
edificio viejo"
0x10a414,16,新校舎３Ｆトイレ,,"Bano del 3er piso del
edificio nuevo"
0x10a428,16,旧校舎三階教室Ａ,,"Salon A del tercer piso
del edificio viejo"
0x10a43c,16,旧校舎三階教室Ａ,,"Salon A del tercer piso
del edificio viejo"
0x10a450,16,旧校舎二階教室Ｂ,,"Salon B del segundo piso
del edificio viejo"
0x10a464,16,旧校舎二階教室Ｂ,,"Salon B del segundo piso
del edificio viejo"
0x10a478,16,旧校舎二階教室Ａ,,"Salon A del segundo piso
del edificio viejo"
0x10a48c,16,旧校舎三階教室Ａ,,"Salon A del tercer piso
del edificio viejo"
0x10a4a0,16,旧校舎三階教室Ｂ,,"Salon B del tercer piso
del edificio viejo"
0x10a4b4,16,旧校舎三階教室Ｂ,,"Salon B del tercer piso
del edificio viejo"
0x10a4c8,16,旧校舎三階教室Ｂ,,"Salon B del tercer piso
del edificio viejo"
0x10a4dc,16,新校舎１Ｆ南廊下,,"Pasillo sur del 1er piso
del edificio nuevo"
0x10a4f0,16,新校舎１Ｆ北廊下,,"Pasillo norte del 1er piso
del edificio nuevo"
0x10a504,16,新校舎１Ｆトイレ,,"Bano del 1er piso del
edificio nuevo"
0x10a518,16,新校舎１Ｆトイレ,,"Bano del 1er piso del
edificio nuevo"
0x10a52c,16,新校舎２Ｆ南廊下,,"Pasillo sur del 2do piso
del edificio nuevo"
0x10a540,16,新校舎２Ｆ北廊下,,"Pasillo norte del 2do piso
del edificio nuevo"
0x10a554,16,旧校舎一階北廊下,,"Pasillo norte del primer
piso del edificio viejo"
0x10a568,16,旧校舎一階南廊下,,"Pasillo sur del primer
piso del edificio viejo"
0x10a57c,16,新校舎３Ｆトイレ,,"Bano del 3er piso del
edificio nuevo"
0x10a590,16,旧校舎地下北廊下,,"Pasillo norte del
subsuelo del edificio
viejo"
0x10a5a4,16,新校舎３Ｆトイレ,,"Bano del 3er piso del
edificio nuevo"
0x10a5b8,16,新校舎３Ｆ南廊下,,"Pasillo sur del 3er piso
del edificio nuevo"
0x10a5cc,16,新校舎３Ｆ北廊下,,"Pasillo norte del 3er piso
del edificio nuevo"
0x10a5e0,16,新校舎３Ｆトイレ,,"Bano del 3er piso del
edificio nuevo"
0x10a5f4,16,新校舎３Ｆトイレ,,"Bano del 3er piso del
edificio nuevo"
0x10a608,16,ロードしますか？,,Cargar partida?
0x10a61c,18,ロード中です・・・,,Cargando...
0x10a630,18,セーブ中です・・・,,Guardando...
0x10a644,18,初期化中です・・・,,Inicializando...
0x10a658,20,ロードが完了しました,,Carga completada
0x10a670,20,セーブが完了しました,,Guardado completado
0x10a688,20,初期化が完了しました,,Inicializacion completada
0x10a6b8,66,"データを初期化します。
シナリオクリア状況も
全て消えてしまいます。",,"Se van a inicializar los
datos. Todo el progreso
de la historia tambien se
borrara."
0x10a6fc,68,"セーブに失敗しました。
電源を切って、カードを
差し込み直して下さい。",,"No se pudo guardar.
Apague la consola y
vuelva a insertar la
tarjeta."
0x10a744,68,"初期化に失敗しました。
電源を切って、カードを
差し込み直して下さい。",,"No se pudo inicializar.
Apague la consola y
vuelva a insertar la
tarjeta."
0x10a91c,12,はじまりの噂,,El rumor del comienzo
0x10a92c,8,第１の噂,,Primer rumor
0x10a938,8,第２の噂,,Segundo rumor
0x10a944,8,第３の噂,,Tercer rumor
0x10a950,8,第４の噂,,Cuarto rumor
0x10a95c,8,第５の噂,,Quinto rumor
0x10a968,8,最期の噂,,El ultimo rumor
0x10b23a,7,溷悟,,"[REVISAR ROM - texto original ilegible/placeholder, no traducido]"
0x10b242,6,悟溷,,"[REVISAR ROM - texto original ilegible/placeholder, no traducido]"
0xd5df4,14,……ああ……。,,...Ahh...
0xd5ea4,14,あ……あ……。,,A...ah...
0xd9dd8,14,……リコ……。,,...Riko...
0xd9f68,14,……うぅ……。,,...Uuh...
0xf16a8,16,………うん……。,,...Si...
0xf1b30,18,１９８８年９月…？,,Septiembre de 1988...?
0xf1e00,18,１９８８年９月…。,,Septiembre de 1988...
0xf29f8,22,“８８−０９”って…。,,"""88-09""..."
0xfa834,14,えっ………！？,,Eh...!?
0xfaa04,14,えっ………！？,,Eh...!?
0x100c4c,14,……ああ……。,,...Ahh...
0x100ccc,14,あ……あ……。,,A...ah...
0x100cdc,14,………はっ…。,,...Hah...
0x100d1c,14,あ……あ……。,,A...ah...
0x100edc,14,（人形……？）,,(Una muñeca...?)
0x100f3c,14,…８４通目…。,,...El correo numero 84...
0x100fa4,16,……うん………。,,...Si...
0xd32e0,10,…………。,,.............
0xd3f20,8,………。,,..........
0xd5b3c,10,…………。,,.............
0xd889c,6,……。,,.......
0xd89b4,6,………,,.........
0xd8a6c,8,………。,,..........
0xd8ad8,8,………。,,..........
0xd8b14,8,………。,,..........
0xd8b20,8,………。,,..........
0xd8b2c,8,………。,,..........
0xd8b38,8,………。,,..........
0xd8b50,8,………。,,..........
0xd8b80,8,………。,,..........
0xd8b8c,8,………。,,..........
0xd8ba4,8,………。,,..........
0xd8be0,8,………。,,..........
0xd8c1c,8,………。,,..........
0xd8c64,8,………。,,..........
0xd8c7c,8,………。,,..........
0xd8ca0,8,………。,,..........
0xd8cb8,8,………。,,..........
0xd8cc4,8,………。,,..........
0xd8d48,8,………。,,..........
0xd8dcc,8,………。,,..........
0xd8dd8,8,………。,,..........
0xd8dfc,8,………。,,..........
0xd8e80,8,………。,,..........
0xd8ed4,8,………。,,..........
0xd8ee0,8,………。,,..........
0xd8f34,8,………。,,..........
0xd8fb8,10,…………。,,.............
0xd9060,10,…………。,,.............
0xd909c,10,…………。,,.............
0xd90a8,10,…………。,,.............
0xd9108,10,…………。,,.............
0xd9138,10,…………。,,.............
0xd9144,10,…………。,,.............
0xd9198,10,…………。,,.............
0xd9234,10,…………。,,.............
0xd92f4,10,…………。,,.............
0xd93cc,10,…………。,,.............
0xd9778,12,……………。,,................
0xea3e4,10,…………。,,.............
0xeb790,6,……。,,.......
0xeb7b0,6,……。,,.......
0xeb7d0,8,………。,,..........
0xeb7dc,8,………。,,..........
0xeb7f4,8,………。,,..........
0xeb800,8,………。,,..........
0xeb86c,8,………。,,..........
0xeb878,8,………。,,..........
0xeb890,8,………。,,..........
0xf01dc,8,………。,,..........
0xf01e8,8,………。,,..........
0xf0218,8,………。,,..........
0xf0254,8,………。,,..........
0xf029c,8,………。,,..........
0xf032c,8,………。,,..........
0xf03a4,8,………。,,..........
0xf03d4,8,………。,,..........
0xf0404,8,………。,,..........
0xf059c,10,…………。,,.............
0xf0620,10,…………。,,.............
0xfa1b4,6,……。,,.......
0xfa324,8,………。,,..........
0xfa33c,8,………。,,..........
0xfa348,8,………。,,..........
0xfa378,8,………。,,..........
0xfa3a8,8,………。,,..........
0xfa3c0,8,………。,,..........
0xfa408,8,………。,,..........
0xfa42c,8,………。,,..........
0xfa57c,10,…………。,,.............
0x100100,8,………。,,..........
0x100154,8,………。,,..........
0x10019c,8,………。,,..........
0x1001b4,8,………。,,..........
0x1001fc,8,………。,,..........
0x1002a4,8,………。,,..........
0x1002b0,8,………。,,..........
0x1002bc,8,………。,,..........
0x1002c8,8,………。,,..........
0x1002f8,8,………。,,..........
0x100340,8,………。,,..........
0x1003a0,8,………。,,..........
0x1003f4,8,………。,,..........
0x10049c,10,…………。,,.............
0x100664,10,…………。,,.............
0x100700,10,…………。,,.............
0x10070c,10,…………。,,.............
0x1075ec,8,………。,,..........
0x1075f8,8,………。,,..........
0x107610,8,………。,,..........
0x10761c,8,………。,,..........
0x107640,10,…………。,,.............
0xd32f8,10,…“き”…,,"...""Ki""..."
0xd3304,10,…“い”…,,"...""I""..."
0xd3328,10,…“ね”…,,"...""Ne""..."
0xd334c,10,…“し”…,,"...""Shi""..."
0xd3358,10,…“つ”…,,"...""Tsu""..."
0xd3364,10,…“の”…,,"...""No""..."
0xd337c,10,…“い”…,,"...""I""..."
0xd3388,10,…“ま”…,,"...""Ma""..."
0xd3394,10,…“ち”…,,"...""Chi""..."
0xd33a0,10,…“ほ”…,,"...""Ho""..."
0xd5a64,8,え……？,,¿Eh......?
0xd87fc,4,え？,,¿Eh?
0xd8804,4,へ？,,¿Eh?
0xd880c,4,ん？,,¿Mm?
0xd8814,4,え？,,¿Eh?
0xd881c,4,鏡？,,¿Un espejo?
0xd8824,4,うん,,Sí
0xd882c,4,え？,,¿Eh?
0xd8834,4,ね？,,¿Verdad?
0xd8844,4,鏡？,,¿Un espejo?
0xd884c,4,え？,,¿Eh?
0xd8854,4,え？,,¿Eh?
0xd8874,6,…え？,,...¿Eh?
0xd8894,6,…え？,,...¿Eh?
0xd88a4,6,風…？,,¿Viento...?
0xd891c,6,っ！？,,¡...!
0xd8964,6,え…。,,Eh...
0xd896c,6,え…？,,¿Eh...?
0xd8974,6,あ…。,,Ah...
0xd899c,6,あ…。,,Ah...
0xd89c4,6,あ…。,,Ah...
0xd8bbc,8,あ……。,,Ah......
0xd8e8c,8,１組…。,,Clase 1...
0xda394,16,（…………誰？）,,(...........¿Quién?)
0xe900c,4,え？,,¿Eh?
0xea310,6,あ…。,,Ah...
0xea318,8,…血…！,,...¡Sangre...!
0xea378,10,…な……。,,"[REVISAR - fragmento de una sola particula, sin contexto suficiente]"
0xea39c,10,（あ……）,,(Ah......)
0xeb738,4,え？,,¿Eh?
0xeb740,4,え？,,¿Eh?
0xeb758,6,え…。,,Eh...
0xeb780,6,え！？,,¡¿Eh?!
0xeb798,6,女…。,,Mujer...
0xeb7e8,8,え……。,,Eh......
0xeb830,8,あ……。,,Ah......
0xeb884,8,あ……。,,Ah......
0xeb8cc,8,あ……。,,Ah......
0xf0038,4,飲む,,Beber
0xf0048,4,うん,,Sí
0xf0050,4,え？,,¿Eh?
0xf0058,4,ん？,,¿Mm?
0xf0068,6,ん…。,,Mm...
0xf0138,6,水…。,,Agua...
0xf0148,6,…え？,,...¿Eh?
0xf0178,6,水…。,,Agua...
0xf056c,10,（今……）,,(Ahora......)
0xf05e4,10,（床……）,,(El suelo......)
0xfa174,4,ん？,,¿Mm?
0xfa17c,4,何？,,¿Qué?
0xfa184,4,え？,,¿Eh?
0xfa18c,4,ん？,,¿Mm?
0xfa194,4,え？,,¿Eh?
0xfa19c,4,え？,,¿Eh?
0xfa1a4,4,え？,,¿Eh?
0xfa23c,6,あ…。,,Ah...
0x100040,6,え…？,,¿Eh...?
0x100050,6,…え？,,...¿Eh?
0x100060,6,っ！？,,¡...!
0x100068,6,…え？,,...¿Eh?
0x1000c8,6,…誰？,,...¿Quién?
0x10013c,8,水……。,,Agua......
0x101210,16,（……夢……？）,,(......¿Un sueño......?)
0x109bf4,4,車内,,Interior del auto
0x109bfc,4,浴室,,Baño
0x109c04,4,道路,,Calle
0x109c0c,4,広場,,Plaza
0x109c14,4,車内,,Interior del auto
0x109c1c,4,浴室,,Baño
0x109c24,4,洞窟,,Cueva
0x109c2c,4,広場,,Plaza
0xea2f8,6,７７４,,774
