offset_hex,largo_bytes,texto_original,revisado,traduccion
0xd118c,8,豫莅,,"[CHECK ROM - illegible/placeholder original text, not translated]"
0xd2c14,41,"そのときの状態をセーブ
することができる。",,"You can save your
game state at that
time."
0xd2c40,49,"心拍が高まったときは、
霊を撮影できることがある。",,"If your heart rate rises,
you can sometimes
photograph spirits."
0xd2c74,51,"物音を聞いたとき、それを
録音しておくことができる。",,"When you hear a
noise, you can
record it."
0xd3298,8,えー…。,,Uhh...
0xd32a4,8,…えっ？,,...Huh?
0xd32b0,8,カナ…。,,Kana...
0xd32bc,8,ひっ…。,,Hii...
0xd32c8,8,えっ…？,,Huh...?
0xd32d4,8,お願い！,,Please!
0xd32ec,10,あぁ……。,,Aah.....
0xd3310,10,…いいえ？,,...No?
0xd331c,10,急いで…。,,Hurry...
0xd3334,10,お願い…。,,Please...
0xd3340,10,…はっ…。,,...Ha...
0xd3370,10,すごいね。,,That's amazing.
0xd33ac,10,よし……。,,Alright.....
0xd33b8,10,…いや…。,,...No...
0xd33c4,12,本当だって！,,I'm serious!
0xd33d4,12,・・・・・・,,......
0xd33e4,12,・・・・・・,,......
0xd33f4,12,がんばれ…。,,Hang in there...
0xd3404,12,（ミズキ…）,,(Mizuki...)
0xd3414,12,そうなの…。,,That's right...
0xd3424,14,力を抜いて…。,,Relax...
0xd3434,14,間に合った…？,,"Did we make it in
time...?"
0xd3444,14,あたし…なの？,,Is it me...?
0xd3454,14,あとひとり…。,,One more to go...
0xd3464,14,どういうこと？,,What do you mean?
0xd3474,16,わかってるって。,,I know that already.
0xd3488,16,指を離さないで。,,"Don't let go of your
finger."
0xd349c,16,あ……指が……。,,Ah...my finger...
0xd34b0,16,国際結婚じゃん。,,"That's an international
marriage."
0xd34c4,16,…動かないね…。,,...It's not moving...
0xd34d8,16,……じゃあ……。,,"...Well, then..."
0xd34ec,16,お…遅かった…？,,Was it...too late...?
0xd3500,18,…キツネって……。,,...A fox......
0xd3514,18,…そ…そうだね…。,,Y-yeah...sure...
0xd3528,18,教えてください…。,,"Please, tell me..."
0xd353c,18,教えてください…。,,"Please, tell me..."
0xd3550,18,カナ、落ち着いて！,,"Kana, calm down!"
0xd3564,20,じゃあ、もう１回…。,,"Alright, one more
time..."
0xd357c,20,カナ、落ち着いて…。,,"Kana, calm down..."
0xd3594,20,……け…圏外…だ…。,,...N-no signal...
0xd35ac,20,…教えてください…。,,"...Please, tell me..."
0xd35c4,22,どうぞおいでください。,,"Please, come."
0xd35dc,22,あ…もう送ったっけ…。,,"Ah...did I already send
it...?"
0xd35f4,22,どうぞおいでください。,,"Please, come."
0xd360c,22,ありがとうございます。,,Thank you very much.
0xd3624,22,…いや……いやあっ！！,,...No......no!!
0xd363c,22,もう１回試してみよう。,,"Let's try it one more
time."
0xd366c,25,今さら、コックリさん…？,,"Now, Kokkuri-san...?"
0xd3688,24,カナ、時間無いよ！早く！,,"Kana, there's no time!
Hurry!"
0xd36a4,24,ありがとうございました。,,Thank you very much.
0xd36c0,24,ちゃんと真剣に念じてる？,,"Are you really
concentrating?"
0xd36dc,24,…質問…してないのに…。,,"...But I didn't ask
anything..."
0xd36f8,24,…ありがとうございます。,,"...Thank you very
much."
0xd3714,26,ははっ……冗談でしょ……。,,"Haha...it's a joke,
right?......"
0xd3730,26,あ、なんか圏外になりそう。,,"Ah, looks like the
signal's about to cut
out."
0xd374c,26,やばいよ、これ…ぜったい。,,"This is serious...I'm
sure of it."
0xd3768,26,…あたしは結婚できますか？,,"...Will I be able to get
married?"
0xd3784,28,…まさか、カナ、信じてんの？,,"...No way, Kana, do
you really believe in
this?"
0xd37a4,28,あ、ありがとうございます…。,,"Ah, thank you very
much..."
0xd37c4,28,上手く書けなかったみたい…。,,"Looks like I didn't write
it right..."
0xd37e4,30,あ、ありがとうござい…ます…。,,"Ah, th-thank...you..."
0xd3804,30,でもさ、ちょっと気になるんだ。,,"But you know, it's been
bugging me."
0xd3824,32,ごめん、あたしがよけいなこと…。,,"Sorry, I shouldn't have
said something extra..."
0xd3848,32,…コックリさん、コックリさん…。,,"...Kokkuri-san,
Kokkuri-san..."
0xd386c,32,まだ出会っていない…ということ？,,"Does that mean we
haven't met yet...?"
0xd3890,33,"…だ、大丈夫だって。
じゃあ……。",,"...I-it's fine, really.
Well......"
0xd38b4,33,"…ほら、メグミ。
コインに触って？",,"...Come on, Megumi.
Touch the coin?"
0xd38d8,33,"いい？
ぜったい指を離さないでよ。",,"Got it? Don't let go of
your finger, no matter
what."
0xd38fc,35,"はいはい、あたしが悪かった
ですよ。",,"Yeah, yeah, it was my
fault."
0xd3920,35,"中央のコインを触り続けて
ください。",,"Please keep touching the
center coin."
0xd3944,35,"中央のコインを触り続けて
ください。",,"Please keep touching the
center coin."
0xd3968,35,"あたしの結婚相手は、日本人
ですか？",,"Is my future husband
Japanese?"
0xd398c,35,"……いのちほしい
……命欲しい…！？",,"...want life ...I want a
life...!?"
0xd39b0,37,"冗談半分にすると、取り憑かれる
から。",,"If you take it as a joke,
the spirit will possess
you."
0xd39d8,39,"その時、少しだけコインが
動いたんだよ。",,"At that moment, the coin
moved a little."
0xd3a00,39,"携帯電話のメール画面は、
下画面もしくは",,"The phone's email
screen is on the
bottom, or"
0xd3a28,41,"あたしも昨日もらった時、
笑ったんだけど。",,"I laughed too when I got
it yesterday."
0xd3a54,41,"十字ボタンの上下で、
スクロールできます。",,"You can scroll with
up and down on the
pad."
0xd3a80,41,"ホントかな…。
…ありがとうございます…。",,"I wonder if it's true...
...thank you very
much..."
0xd3aac,41,"あたしの結婚相手の名前を教えて
ください。",,"Please tell me the name
of my future husband."
0xd3ad8,41,"ね、転送する６人ってどう選んだら
いいの？",,"Hey, how do I choose
the 6 people to forward
it to?"
0xd3b04,43,"質問は終わりです。
どうぞ、お帰りください。",,"The questions are over.
Please return to your
place."
0xd3b30,43,"送信したい人を選んで、
決定を押して下さい。",,"Choose who you
want to send it to
and press confirm."
0xd3b5c,43,"漢字の「犬」をアリサの
背中に書いて下さい。",,"Write the kanji for
dog on Arisa's back."
0xd3b88,45,"だから、それは指の筋肉が
ケイレンしたんだよ。",,"That's because your
finger cramped up."
0xd3bb8,45,"もうやめよ、コックリさんに帰って
もらおうよ。",,"Let's stop already, let
Kokkuri-san go for
good."
0xd3be8,45,"ミズキに送るしかない…。
ごめんね…ミズキ…。",,"I have no choice but to
send it to Mizuki... I'm
sorry...Mizuki..."
0xd3c18,51,"教えてください。あたしが結婚する
のはいくつですか？",,"Tell me. At what age will
I get married?"
0xd3c4c,51,"………やっぱりブンシンさま
じゃ、ダメなんじゃない？",,"...In the end,
Bunjin-sama doesn't
work, does it?"
0xd3c80,51,"レイカなら…ここから抜け出せる
方法がわかるかも…。",,"If it's Reika...maybe
she'll know how to get
out of here..."
0xd3cb4,51,"あたしの結婚相手が、どこの国の人
か教えてください。",,"Tell me what country my
future husband is from."
0xd3ce8,53,"あたしの結婚相手は、今のあたしが
知っている人ですか？",,"Is my future husband
someone I already know?"
0xd3d20,55,"もしおいでになられましたら、
「はい」へお進みください。",,"If you have already
arrived, please proceed
to Yes."
0xd3d58,55,"もしおいでになられましたら、
「はい」へお進みください。",,"If you have already
arrived, please proceed
to Yes."
0xd3d90,57,"時間もないし、今日メールやりとり
した人でいいんじゃない。",,"There's no time, let's
just pick someone we
texted with today."
0xd3dcc,59,"コックリさんて、小学生の時、
一度友達とやってみたんだけど、",,"About Kokkuri-san, I
tried it once in
elementary school with a
friend, but"
0xd3e08,59,"（転校してきたばかりだし、
　かわいそうだから、やめとこ…）",,"(She just transferred
schools, I'd feel bad,
better not...)"
0xd3e44,59,"じゃあ、告られている２人は、
どっちも運命の人じゃないんだ。",,"So, neither of the two
who confessed to you is
your destined person."
0xd3e80,63,"では１つの質問に答えていただく
ごとに、鳥居までお戻りください。",,"Then, each time you
answer a question,
return to the torii."
0xd3ec4,6,えっ？,,Huh?
0xd3ecc,6,そう。,,That's right.
0xd3ed4,6,ひっ！,,Hii!
0xd3edc,6,あっ！,,Ah!
0xd3ee4,8,ホント？,,Really?
0xd3ef0,8,ひっ…。,,Hii...
0xd3efc,8,うん…。,,Yeah...
0xd3f08,8,うん…。,,Yeah...
0xd3f14,8,大丈夫？,,You okay?
0xd3f2c,10,救急箱…。,,The first aid kit...
0xd3f38,10,そうなの？,,Really?
0xd3f44,10,うーん…。,,Mmm...
0xd3f50,10,ああっ…。,,Aah...!
0xd3f5c,10,…うん…。,,...Yeah...
0xd3f68,10,やめてよ。,,Stop it.
0xd3f74,10,えっ……。,,Huh......
0xd3f80,10,そんな…。,,No way...
0xd3f8c,10,手帳だ…。,,It's a notebook...
0xd3f98,10,…足音…。,,...Footsteps...
0xd3fa4,10,ダメだ…。,,It's no good...
0xd3fb0,12,なにこれ！？,,What is this!?
0xd3fc0,12,・・・・・・,,......
0xd3fd0,12,えっ、どれ？,,"Huh, which one?"
0xd3fe0,12,なんでよ…！,,Why...!
0xd3ff0,12,知ってるの？,,Do you know?
0xd4000,12,まさかね…。,,Probably not...
0xd4010,12,・・・・・・,,......
0xd4020,12,わかった…。,,Understood...
0xd4030,12,この空洞…。,,This hole...
0xd4040,12,…やった…。,,...I did it...
0xd4050,12,時間は違う？,,Is the time different?
0xd4060,12,…うん……。,,...Yeah......
0xd4070,12,…ごめん…。,,...Sorry...
0xd4080,12,どうしたの？,,What's wrong?
0xd4090,12,文字はどう？,,"And the letters, how are
they?"
0xd40a0,14,よっしゃ……。,,Alright......
0xd40b0,14,何か写ってる？,,"Is there something in the
photo?"
0xd40c0,14,なんだろう…。,,What could this be...
0xd40d0,14,…どうしたの？,,...What's wrong?
0xd40e0,14,（…ナナシ…）,,(...Nanashi...)
0xd40f0,14,もうやめよっ！,,Let's just stop!
0xd4100,14,あ、そっか…。,,"Ah, I see..."
0xd4110,14,題名って同じ？,,Is the title the same?
0xd4120,14,あたしもだよ。,,Me too.
0xd4130,14,数字？どんな？,,A number? Which one?
0xd4140,16,うん、今度こそ。,,"Yes, for real this time."
0xd4154,16,知っていますか？,,Do you know?
0xd4168,16,じゃあ…質問…。,,"Alright...one
question..."
0xd417c,16,馬鹿にしてない？,,"Aren't you making fun
of me?"
0xd4190,16,おいでください。,,"Please, come."
0xd41a4,16,…集中するの…。,,"...I need to
concentrate..."
0xd41b8,16,指を離さないで。,,"Don't let go of your
finger."
0xd41cc,16,ご、ごめん……。,,I-I'm sorry......
0xd41e0,18,この写真…見て…。,,This photo...look...
0xd41f4,18,あ、わかる、それ。,,"Ah, I get that."
0xd4208,18,…さっきと違う…。,,"...It's different from
before..."
0xd421c,18,そ、ならいいけど。,,"Ah, well, that's fine
then."
0xd4230,18,中に入ってみよう。,,Let's go in and see.
0xd4244,18,（悩んでるのに…）,,"(And here I am
worried...)"
0xd4258,20,じゃあ、もう１回…。,,"Alright, one more
time..."
0xd4270,20,…キツネを抱いてる。,,"...She's holding a fox
in her arms..."
0xd4288,20,あ…もう送ったよね。,,"Ah...I already sent it,
right?"
0xd42a0,20,あっ、肩に背後霊…。,,"Ah, there's a spirit on
your shoulder..."
0xd42b8,20,それじゃ、始めるよ。,,"Alright, let's begin."
0xd42d0,20,じゃ、力を抜いて…。,,"Okay, relax..."
0xd42e8,20,…レイカ………あっ。,,...Reika.........ah.
0xd4300,20,９…？どういうこと？,,"9...? What does that
mean?"
0xd4318,20,なにも起きないよ…。,,Nothing's happening...
0xd4330,20,ミズキ、指を離して！,,"Mizuki, let go of your
finger!"
0xd4348,20,神隠しにあうとか…。,,"Like being spirited
away..."
0xd4360,20,えっ…どういうこと？,,"Huh...what do you
mean?"
0xd4378,21,"マジ！？
やばいよ…。",,Really!? That's bad...
0xd4390,22,もう１回試してみよう。,,"Let's try it one more
time."
0xd43a8,22,この辺りを叩いてみて。,,"Try knocking around
here."
0xd43c0,22,お願い、もうやめよっ。,,"Please, let's stop
already."
0xd43d8,22,脚、ケガしてるんだ…。,,My leg is hurt...
0xd43f0,22,ダメだよ、危ないって！,,"No, it's dangerous!"
0xd4408,22,（かくまったようです）,,"(It seems you were
hidden away)"
0xd4420,22,あ…圏外だ。…なんで？,,"Ah...no signal.
...Why?"
0xd4438,22,時間的にはそうかもね。,,"It might be because of
the time."
0xd4450,23,"…いい？
指を置いて…。",,"...Ready? Put your
finger..."
0xd4468,24,なんで、ミズキのだけ…。,,Why only Mizuki's...?
0xd4484,24,大丈夫よ…落ち着いて…。,,"It's okay...calm
down..."
0xd44a0,24,（激しく叱責されました）,,"(You were scolded
harshly)"
0xd44bc,24,…どうぞ戻ってください。,,"...Please, return."
0xd44d8,24,…やっぱり…神隠しに…。,,"...In the end...she
was spirited away..."
0xd44f4,24,ここでやめたら……、ね？,,"If we stop here......,
is that okay?"
0xd4510,24,ゼッタイ離しちゃダメよ。,,"Don't let go of your
finger no matter what."
0xd452c,26,こんなメール、初めて見た。,,"I'd never seen a
message like that."
0xd4548,26,（少しだけ電波が届いてる）,,"(A little signal is coming
through)"
0xd4564,26,（…お願い…届いて…！！）,,"(...Please... let it get
through...!!)"
0xd4580,26,超やばすぎ…もうダメだ…。,,"This is bad... there's
nothing left to do..."
0xd459c,26,うーん、夕焼けがきれい…。,,"Mmm, what a pretty
sunset..."
0xd45b8,26,ここから風が来てたんだ…。,,"So the wind was coming
from here..."
0xd45d4,26,…か…み……か…く…し…？,,"...ka...mi......
ka...ku...shi...?"
0xd45f0,26,わっ、きっとヒトダマだよ。,,"Whoa, that's probably a
hitodama."
0xd460c,26,だったら他は同じかなあ…。,,"If that's the case,
maybe the others are the
same..."
0xd4628,26,（しかも…文字化けしてる）,,"(Also...it's got garbled
characters)"
0xd4644,26,…ううん…なんでもない…。,,...No...nothing...
0xd4660,26,じゃ、窓に近づけてみたら？,,"Then why don't you hold
it up to the window?"
0xd467c,26,しっ…集中…しないと……。,,"Shh...I need to
concentrate......"
0xd4698,26,……ゼッタイやばいって…。,,...This is really bad...
0xd46b4,26,（それは彼女の日記でした）,,(It was her diary)
0xd46d0,27,"・・・・・・
おかしいなあ。",,...... How strange.
0xd46ec,27,"…いくよ…。
深呼吸して…。",,"...Here goes... Take a
deep breath..."
0xd4708,28,（必死に行っていたようです）,,"(It seems she did it out
of desperation)"
0xd4728,28,上手く書けなかったみたい…。,,"Looks like I didn't write
it right..."
0xd4748,28,キツネだからＢでいいじゃん。,,"Since it's a fox, B
works, right?"
0xd4768,28,…神隠しに…あったのですか？,,"...Was she a victim of a
mysterious
disappearance?"
0xd4788,28,そうなんだけど、最初見た時、,,"That's right, but when I
first saw it,"
0xd47a8,28,なにそれ、関係ないと思うよ。,,"What's that, I don't
think it's related."
0xd47c8,28,コックリさん…質問します…。,,"Kokkuri-san...I have a
question..."
0xd47e8,28,写真？日記のような手帳も…。,,"A photo? Also a
diary-like notebook..."
0xd4808,28,風の音…、そうよ、きっと…。,,"The sound of the
wind..., that's right,
for sure..."
0xd4828,28,コックリさんをしてる時って、,,"When you're doing
Kokkuri-san,"
0xd4848,28,いま、首筋を誰かに触られた！,,"Someone just touched
the back of my neck!"
0xd4868,29,"じゃ、始めるよ。
指を置いて。",,"Alright, let's begin. Put
your finger down."
0xd4888,30,（１匹のキツネを看病しました）,,"(You nursed a fox back
to health)"
0xd48a8,30,やっぱ昼とは…なにか違うよね。,,"You can tell it's
different in the daytime,
right?"
0xd48c8,30,…コックリさん、質問します…。,,"Kokkuri-san...I have a
question..."
0xd48e8,30,…わかった、じゃ、最後の質問。,,"...Got it, alright, last
question."
0xd4908,30,…コックリさん…質問します…。,,"Kokkuri-san...I have a
question..."
0xd4948,31,"どっちでもいいから
早く決めて！",,"Either way is fine,
hurry up and decide!"
0xd4968,31,"もうやだ！
わたし、手離すから。",,"I don't want this
anymore! I'm letting
go."
0xd4988,32,…でも写ってたらよかったのに…。,,"...But it would've been
nice if it showed up in
the photo..."
0xd49ac,32,そういうの見抜くの、うまいから。,,"Because I'm good at
noticing those things."
0xd49d0,32,コックリさん、よくわかりました。,,"Kokkuri-san,
understood perfectly."
0xd49f4,32,足音…近づいてるし…増えてるし。,,"The footsteps are getting
closer...and there are
more of them..."
0xd4a18,32,とっととサクジョした方がいいよ。,,"You'd better just delete
it already."
0xd4a3c,32,結界を張ってるようなものでしょ。,,"It's like putting up a
protective barrier,
right?"
0xd4a60,32,ねえ、もう早く終わらせた方が…。,,"Hey, let's just finish
this quickly..."
0xd4a84,32,どっちもわりと有名な都市伝説…。,,"Both are pretty
well-known urban
legends..."
0xd4aa8,33,"静かに…。
他の場所を叩いてみて。",,"Quiet... Try knocking
somewhere else."
0xd4acc,33,"カナとメグミは…どこに
いますか？",,"Where are Kana and
Megumi...?"
0xd4af0,35,"中央のコインを触り続けて
ください。",,"Please keep touching the
center coin."
0xd4b14,35,"中央のコインを触り続けて
ください。",,"Please keep touching the
center coin."
0xd4b38,35,"うーん、たしか…９ばっかり
ズラリ。",,"Mmm, I'm sure it was
just a row of nines."
0xd4b5c,35,"コレ…、もっと前にもらった
メール。",,"This...is an email I got
before."
0xd4b80,35,"中央のコインを触り続けて
ください。",,"Please keep touching the
center coin."
0xd4ba4,35,"とりあえず救急箱の中を見て
みない？",,"For now, why don't we
look inside the first aid
kit?"
0xd4bc8,35,"調べたい場所をタッチ
してください。",,"Touch the spot you want
to examine."
0xd4bec,35,"調べたい場所をタッチ
してください。",,"Touch the spot you want
to examine."
0xd4c10,35,"ほら、ナナシだって
こう言ってるし。",,"Look, even Nanashi says
this."
0xd4c34,37,"ちょっとだけだから。
すぐに戻したし。",,"It's just a little bit. I put
it back right away."
0xd4c5c,37,"この状況だから、前向きに
考えようよ。",,"Given the situation,
let's think positive."
0xd4c84,37,"…Ａが鏡で…、
Ｂはキツネに神隠し…。",,"...A is the mirror..., B
is the fox that takes her
away..."
0xd4cac,37,"だーかーらー！
さっきも選んだでしょ？",,"I told you! We already
picked that before,
remember?"
0xd4cd4,37,"旧校舎に…
幽霊は写ってないみたい…。",,"In the old
building...looks like no
ghost showed up..."
0xd4cfc,37,"それと…この読める文字を
並べると…。",,"And also...if you
arrange these readable
letters..."
0xd4d24,37,"見て…、メモ機能に何か録音
されてる。",,"Look...there's
something recorded in
the notes."
0xd4d4c,37,"メグミが昨晩、最後に電話をした
人…。",,"The last person Megumi
called last night..."
0xd4d74,37,"そうなの？
ここ、いつも空白じゃない？",,"Really? This is always
blank, isn't it?"
0xd4d9c,37,"ミズキ、チェンメなんか保存
してるの？",,"Mizuki, are you keeping
chain emails?"
0xd4dc4,37,"だって…転送できないしょ、
こわくて。",,"It's just...I can't
forward it, it scares me."
0xd4dec,37,"（…なにこれ？
　…屋上で…待つ…？）",,"(...What is this?
...Wait... on the
rooftop...?)"
0xd4e14,39,"…ね、花壇のところ見て。
何か光ってる。",,"...Hey, look at the
garden. Something's
glowing."
0xd4e3c,39,"…最後が文字化け…？
わたしのはたしか、",,"...The last part is
unreadable...? Mine, I
think, was,"
0xd4e64,39,"（そして、キツネも殺される
　運命に…）",,"(And then, death awaits
the fox too...)"
0xd4e8c,39,"全部終わるまでコインから
離さないでね。",,"Don't let go of the coin
until we finish
everything."
0xd4eb4,39,"あの看護師の霊…そうとう
やつれていた。",,"That nurse
spirit...looked very
gaunt."
0xd4edc,39,"…そうだ…あの霊も大切に持って
いた…。",,"...That's right...that
spirit was also carrying
something precious..."
0xd4f04,39,"……ねえ……リコ……
……足音が………。",,"...Hey...Riko......
I hear
footsteps........."
0xd4f2c,39,"…コ、コックリさん、
よくわかりました。",,"K-Kokkuri-san,
understood perfectly."
0xd4f54,41,"拡大する位置を下画面か
十字ボタンで選び、",,"Choose where to zoom in
with the bottom screen
or the directional pad,"
0xd4f80,41,"…じゃ、カナたち、そのウワサを
信じて…。",,"...So, Kana and the
others believed that
rumor..."
0xd4fac,41,"（カナから…？
　なんでチェーンメール？）",,"(From Kana...? Why a
chain email?)"
0xd4fd8,41,"今…文字が…動いた…！？
どういうこと…？",,"Just now...the
letters...moved...!?
What does this
mean...?"
0xd5004,41,"タッチペンで下画面の
壁を叩いてください。",,"Tap the wall on the
bottom screen with the
stylus."
0xd5030,41,"あれ？題名にも文字が書かれて
なかった…？",,"Huh? Wasn't there also
text written in the
title...?"
0xd505c,41,"“Ｆｗ：”の隣に数字が浮かんで
いたのよ。",,"There was a number
floating next to Fw:."
0xd5088,41,"無視すると、ナナシが現れ、闇に
落ちる…。",,"If you ignore it, Nanashi
appears and you fall into
darkness..."
0xd50b4,41,"（古い字が多くて読みにくかった
　けど、）",,"(It had a lot of old
writing and was hard to
read, but,)"
0xd50e0,43,"びっくりして…コインから指が
離れちゃった。",,"I got so scared...that
my finger slipped off the
coin."
0xd510c,43,"“げっ、もうすぐ３時じゃん”って
思ったの。",,"I thought: oh no, it's
almost 3 already."
0xd5138,43,"さあ…すぐ消えちゃったから
見間違いかも…。",,"Well...it disappeared
fast, maybe I saw it
wrong..."
0xd5164,45,"と…とにかく最後まで…きちんと
やらないと…。",,"A-anyway, we have to
do it right till the end..."
0xd5194,45,"もし現れましたら、『はい』に
進んでください。",,"If it appears, proceed to
Yes."
0xd51c4,45,"だ、だ、大丈夫…。…気のせい…よ
…ははっ…。",,"I-it's fine...it's just
my
imagination...haha..."
0xd51f4,47,"“正確な未来がわかる。
場所は音楽室”だったよ。",,"It said: you can know
the exact future. The
place is the music room."
0xd5224,47,"うーん。たぶん、それって機種の
違いじゃないの？",,"Mmm. Maybe that's just
a difference in phone
models?"
0xd5254,47,"…まだ紙に置いてないのに、
指が汗ばんできた…。",,"...I haven't even put it
on the paper yet, and
my finger's already
sweating..."
0xd5284,47,"…それって旧校舎でコックリさんを
していた時…？",,"...Was that when they
were doing Kokkuri-san
in the old building...?"
0xd52b4,47,"（今度は救急箱にあった手帳を
　手に取りました）",,"(This time you picked up
the notebook that was in
the first aid kit)"
0xd52e4,47,"深夜に合わせ鏡をして
“かごめかごめ”を歌うと、",,"If at midnight you set up
two mirrors facing each
other and sing Kagome
Kagome,"
0xd5314,49,"霊と対話できる…とか、
夜中に狐の嫁入りと思われる",,"you can talk to spirits.
Also, at night you can
see something like a
kitsune no yomeiri,"
0xd5348,49,"決定ボタンをタッチするか
Ａボタンを押して下さい。",,"Touch the confirm button
or press the A button."
0xd537c,49,"（まだ転送できる２４時間の
　期限に間に合うはず）",,"(I should still make the
24-hour deadline to
forward it)"
0xd53b0,49,"（しかしキツネの治療に薬を
　使ったことがばれて）",,"(But it was discovered
that she used medicine
to treat the fox,)"
0xd53e4,49,"でも…コックリさんって…
霊との対話なんでしょ…。",,"But...Kokkuri-san is
about talking with
spirits, isn't it...?"
0xd5418,49,"あたし、ケンガイになると、
すっごい不安になるの。",,"When I lose signal, it
makes me really
anxious."
0xd544c,49,"してないよぉ、そんな怖いことする
わけないでしょ。",,"I didn't do it, there's
no way I'd do something
so awful."
0xd5480,51,"（彼女は、ここで空襲で負傷
　した患者たちの看護を）",,"(Here, she cared for
patients wounded in the
bombing,)"
0xd54b4,51,"（そして彼女はある時、
　人間と同じように傷ついた）",,"(And at some point, she
too was wounded just
like a human)"
0xd54e8,51,"３人のうち、…メグミとカナの
行方がわかりません…。",,"Of the three...we don't
know where Megumi and
Kana are..."
0xd551c,53,"（昨晩、カナから送られてきた
　チェーンメールは…、）",,"(The chain email Kana
sent last night was...,)"
0xd5554,53,"これってさ、ナナシからのナゾ
を解くヒントじゃないの。",,"You know, couldn't this
be a clue to solve
Nanashi's riddle?"
0xd558c,53,"今、中途半端に手を離したら…
…まわりの霊が一斉に…。",,"If I let go halfway
now...all the spirits
around us at once..."
0xd55c4,53,"（ナナシに…会える…なんて…
　ちょっと甘かったかな）",,"(Thinking I could meet
Nanashi...was naive of
me)"
0xd55fc,55,"“問題”っていうからには、
どっちかが“正解”ってこと？",,"If they call it a problem,
does that mean one of
the two is the correct
answer?"
0xd5634,55,"もっと壊して穴を広げてみよう。
何かあるかもしれない…。",,"Let's break more and
widen the hole. Maybe
there's something..."
0xd566c,55,"そういえば…文字の大きさや形が
ビミョーに違ったような。",,"Come to think of it...
the size and shape of the
letters looked a little
different."
0xd56a4,55,"（しかし看護師は思いあまって
　キツネを校舎のどこかに）",,"(But the nurse, unable
to bear it, hid the fox
somewhere in the
school,)"
0xd56dc,55,"あ…そういえば、メールを見た時は
まだ２時台だったはず。",,"Ah...now that I think
about it, it was still
around 2 when I saw the
email."
0xd5714,55,"昨日、旧校舎でコックリさんをした
アリサ、メグミ、カナを",,"Yesterday, Arisa,
Megumi, and Kana, who
did Kokkuri-san in the
old building,"
0xd574c,55,"（カナからのチェーンメールだって
　どうしたらいいか、）",,"(About Kana's chain
email, what to do with
it,)"
0xd5784,57,"たくさんのヒトダマを見た時、
“とおりゃんせ”を歌わないと",,"When you see a lot of
hitodama, if you don't
sing Toryanse,"
0xd57c0,59,"ね、ひょっとして、コックリさんの
こと、キツネの霊だからって",,"Hey, isn't it that
Kokkuri-san, since it's
a fox spirit,"
0xd57fc,59,"もしも、カナが何か危険を感じて、
急にメールを転送したら…。",,"If Kana sensed some
danger and suddenly
forwarded the email..."
0xd5838,10,ひぃっ…。,,Hii...
0xd5844,12,よかった…。,,What a relief...
0xd5854,16,よ…よかった…。,,W-what a relief...
0xd5868,20,何にも聞こえない…。,,I can't hear anything...
0xd5880,24,うわ…ヤバイってコレ…。,,Uh-oh...this is bad...
0xd589c,26,ユーレイがいる証拠でしょ？,,"That's proof there's a
ghost, right?"
0xd58b8,33,"あ。
でもいちおー登録しといたら？",,"Ah. But why don't you
save it just in case?"
0xd58dc,33,"……ノイズ…？
いや、何かの声…？",,"...Noise...? No, is
that like a voice...?"
0xd5900,39,"あとで確認すればいいから、
もう行こう？",,"We can check it later,
let's go already?"
0xd5928,41,"なにか写ってたら
どうしようかと思った…。",,"I thought about what I'd
do if something showed
up in the photo..."
0xd5954,6,さあ？,,Who knows?
0xd595c,6,ほら。,,Look.
0xd5964,6,ひっ。,,Hii.
0xd596c,6,さあ？,,Who knows?
0xd5974,6,はっ！,,Ha!
0xd597c,6,マジ？,,Really?
0xd5984,6,ひっ。,,Hii.
0xd598c,6,さあ？,,Who knows?
0xd5994,6,うん。,,Yeah.
0xd599c,6,うん。,,Yeah.
0xd59a4,6,警察？,,The police?
0xd59ac,6,マジ？,,Really?
0xd59b4,6,楽譜？,,Sheet music?
0xd59bc,8,うん…。,,Yeah...
0xd59c8,8,そうだ！,,That's right!
0xd59d4,8,レイカに,,Call Reika
0xd59e0,8,えっ！？,,Huh!?
0xd59ec,8,…うん。,,...Yeah.
0xd59f8,8,…はい。,,...Yes.
0xd5a04,8,アリサ！,,Arisa!
0xd5a10,8,いやあ！,,No!
0xd5a1c,8,アリサ！,,Arisa!
0xd5a28,8,レイカに,,Call Reika
0xd5a34,8,だーめ。,,Nooo.
0xd5a40,8,うん…。,,Yeah...
0xd5a4c,8,はっ…。,,Ah...
0xd5a58,8,“いま”,,"""now"""
0xd5a70,8,ホント？,,Really?
0xd5a7c,8,…カナ？,,...Kana?
0xd5a88,10,そうだね。,,That's right.
0xd5a94,10,ひぃっ…。,,Hii...
0xd5aa0,10,うーん…。,,Mmm...
0xd5aac,10,閉め忘れ？,,"Did they forget to lock
it?"
0xd5ab8,10,まさか…。,,No way...
0xd5ac4,10,うーん…。,,Mmm...
0xd5ad0,10,カナ……。,,Kana......
0xd5adc,10,保健室…。,,The nurse's office...
0xd5ae8,10,そうだね。,,That's right.
0xd5af4,10,リコ……。,,Riko......
0xd5b00,10,やめなよ。,,Stop it already.
0xd5b0c,10,いや……。,,No......
0xd5b18,10,閉め忘れ？,,"Did they forget to lock
it?"
0xd5b24,10,そんな…。,,No way...
0xd5b30,10,えっ……。,,Huh......
0xd5b48,10,よかった。,,What a relief.
0xd5b54,10,うーん…。,,Mmm...
0xd5b60,10,カナ……。,,Kana......
0xd5b6c,10,いやああ！,,Noooo!
0xd5b78,10,はいはい。,,"Yeah, yeah."
0xd5b84,10,う、うん。,,Y-yeah.
0xd5b90,10,ごめん…。,,Sorry...
0xd5b9c,10,お願い…。,,Please...
0xd5ba8,10,わかった。,,Got it.
0xd5bb4,10,…うん…。,,...Yeah...
0xd5bc0,10,……カナ？,,......Kana?
0xd5bcc,10,…開いた。,,...It opened.
0xd5bd8,10,コインは？,,And the coin?
0xd5be4,12,な、なに！？,,W-what!?
0xd5bf4,12,…ナナシ…。,,...Nanashi...
0xd5c04,12,そうかなあ？,,Is that it?
0xd5c14,12,都市伝説系？,,"Like some kind of urban
legend?"
0xd5c24,12,送り主は…。,,The sender is...
0xd5c34,12,カガミ　リコ,,Kagami Riko
0xd5c44,12,お願い！！！,,Please!!!
0xd5c54,12,バカバカしい,,How ridiculous
0xd5c64,12,どこ行くの？,,Where are you going?
0xd5c74,12,うーん……。,,Hmm......
0xd5c84,12,トイレ…ね。,,"To the bathroom...I
see."
0xd5c94,12,どうしたの？,,What's wrong?
0xd5ca4,12,予定表……。,,The schedule......
0xd5cb4,12,そうだね…。,,You're right...
0xd5cc4,12,あたしも…。,,Me too...
0xd5cd4,12,また、鏡…。,,The mirror again...
0xd5ce4,12,お願い……。,,Please......
0xd5cf4,12,あたしも…。,,Me too...
0xd5d04,12,……そんな。,,......No way.
0xd5d14,12,あ、レイカ？,,"Ah, Reika?"
0xd5d24,12,どうしたの？,,What's wrong?
0xd5d34,12,…ごめん…。,,...Sorry...
0xd5d44,12,なぜって…。,,It's just...why...
0xd5d54,12,えっ、どれ？,,"Huh, which one?"
0xd5d64,12,あれ？先生？,,Huh? Teacher?
0xd5d74,12,どうしたの？,,What's wrong?
0xd5d84,12,ゴミが……。,,The trash......
0xd5d94,12,入ってみる？,,Should we go in?
0xd5da4,12,犬の漢字…。,,The kanji for dog...
0xd5db4,12,入ってみる？,,Should we go in?
0xd5dc4,12,どうしよう！,,What do we do!
0xd5dd4,14,やだ…マジで？,,No...seriously?
0xd5de4,14,理科室ね……。,,The science lab......
0xd5e04,14,もう一度リコに,,Call Riko again
0xd5e14,14,…誰…なの…？,,...Who...are you...?
0xd5e24,14,イズミ　レイカ,,Izumi Reika
0xd5e34,14,カンベンして。,,Just leave me alone.
0xd5e44,14,誰か！　誰か！,,Someone! Anyone!
0xd5e54,14,…あたし……。,,...I......
0xd5e64,14,よかった……。,,What a relief......
0xd5e74,14,…どうしたの？,,...What's wrong?
0xd5e84,14,そうだね……。,,That's right......
0xd5e94,14,もしかして…、,,"Could it be...,"
0xd5eb4,14,花子さぁぁん。,,Hanako-saaan.
0xd5ec4,14,それもダメ…。,,"That doesn't work
either..."
0xd5ed4,14,…鍵、大丈夫？,,"...The key, is it okay?"
0xd5ee4,14,もう一度リコに,,Call Riko again
0xd5ef4,14,ダメ！　ダメ！,,No! No!
0xd5f04,14,…そうかなあ？,,...Is that it?
0xd5f14,14,誰か！　誰か！,,Someone! Anyone!
0xd5f24,14,やだ…マジで？,,No...seriously?
0xd5f34,14,もしかして…、,,"Could it be...,"
0xd5f44,14,…どうしたの？,,...What's wrong?
0xd5f54,14,あ、…うん…。,,"Ah,...yeah..."
0xd5f64,14,今の、ナニ…？,,What was that...?
0xd5f74,14,用意がいいね。,,You're so prepared.
0xd5f84,14,あっ、そうか。,,"Ah, I see."
0xd5f94,16,どうする、カナ？,,"What do we do, Kana?"
0xd5fa8,16,ど、どうしよう。,,W-what do we do.
0xd5fbc,16,いいんじゃない？,,Isn't that fine?
0xd5fd0,16,鏡があるのは…。,,"The one with the mirror
is..."
0xd5fe4,16,ノックしてみる？,,Should we try knocking?
0xd5ff8,16,ね、これって…。,,"Hey, could this be...?"
0xd600c,16,カナにまかせるよ,,I'll leave it to Kana
0xd6020,16,こわいんでしょ。,,"You're scared, aren't
you."
0xd6034,16,えっ、しないよ。,,"Huh, I won't do it."
0xd6048,16,花子さんなんか、,,"That Hanako-san thing,"
0xd605c,16,早く逃げなきゃ！,,"We need to run, fast!"
0xd6070,16,どうする、カナ？,,"What do we do, Kana?"
0xd6084,16,鍵がかかってる。,,It's locked.
0xd6098,16,なにしてんだろ？,,"What could she be
doing?"
0xd60ac,16,そうだ！　電気！,,That's right! The light!
0xd60c0,16,どうしよう……。,,What do we do......
0xd60d4,16,鍵がかかってる。,,It's locked.
0xd60e8,16,アリサがやりなよ,,"You do it, Arisa"
0xd60fc,16,鍵がかかってる。,,It's locked.
0xd6110,16,自業自得でしょ。,,"You brought that on
yourself."
0xd6124,16,…助かったの…？,,...Are we safe...?
0xd6138,16,鍵がかかってる。,,It's locked.
0xd614c,16,２階と同じ…か。,,"Same as on the second
floor..."
0xd6160,16,昼間書いたんだ。,,"I wrote it during the
day."
0xd6174,16,しょうがないなあ,,There's no other way.
0xd6188,18,幼稚園の頃だっけ？,,"Was that back when we
were in kindergarten?"
0xd619c,18,うん、わかった…。,,"Yeah, got it..."
0xd61b0,18,地下もあるんだ…。,,"There's a basement
too..."
0xd61c4,18,え、どういう意味？,,"Huh, what do you mean?"
0xd61d8,18,お願い！　助けて！,,Please! Help!
0xd61ec,18,水…使えるんだね。,,So the water works.
0xd6200,18,お願い！　助けて！,,Please! Help!
0xd6214,18,じゃあ…友達……。,,So...a friend......
0xd6228,18,水…使えるんだね。,,So the water works.
0xd623c,18,早く外に出ようよ！,,"Let's get out of here,
quick!"
0xd6250,18,水…使えるんだね。,,So the water works.
0xd6264,18,今…旧校舎から…。,,"Just now...from the old
building..."
0xd6278,18,やっぱり花子さん。,,"So it really is
Hanako-san after all."
0xd628c,18,宿直の当番表……？,,"The night-duty
schedule......?"
0xd62a0,18,地図なんかあるの？,,Is there a map?
0xd62b4,18,そんなことないよ。,,That's not true.
0xd62c8,18,んじゃ、あたしが。,,"Alright, I'll do it."
0xd62dc,18,いいよ、やってみよ,,"Okay, let's try it"
0xd62f0,18,退散してもらうの。,,Make it leave this place.
0xd6304,18,それ、なんだっけ？,,"That, what was it?"
0xd6318,18,いいよ、あたしが。,,"Alright, I'll do it."
0xd632c,18,…ちょっと待って。,,...Wait a moment.
0xd6340,20,わ、分かんないよ…。,,I-I don't know...
0xd6358,20,えっ、どういう意味？,,"Huh, what do you mean?"
0xd6370,20,…そうだ……鏡……。,,"...That's
right......the
mirror......"
0xd6388,20,なんで割れてるの！？,,Why is it broken!?
0xd63a0,20,“ブンシンさま”で！,,With Bunjin-sama!
0xd63b8,20,ねえ、早く行こうよ。,,"Hey, let's go, quick."
0xd63d0,20,絶対なんか出そう…。,,"Something's definitely
going to show up..."
0xd63e8,20,やっぱり帰ろうよ…。,,Let's just go home...
0xd6400,20,マジやばいらしいよ。,,They say it's really bad.
0xd6418,20,やめてよ…そんな…。,,"Stop...don't say
that..."
0xd6430,20,早くここから出よう！,,"Let's get out of here,
fast!"
0xd6448,20,それもいっぱい……。,,"That too, quite a
bit......"
0xd6460,20,なんで割れてるの！？,,Why is it broken!?
0xd6478,20,なんで割れてるの！？,,Why is it broken!?
0xd6490,20,へー、用意がいいね。,,"Ah, so prepared."
0xd64a8,20,とにかく早くしよっ。,,"Anyway, let's hurry."
0xd64c0,20,アレって楽譜あるの？,,"Does that have sheet
music?"
0xd64d8,20,でも、アリサが……。,,"But, Arisa......"
0xd64f0,20,じゃ、担任のハヤシ？,,"Then, Mr. Hayashi, the
homeroom teacher?"
0xd6508,20,なんで割れてるの！？,,Why is it broken!?
0xd6520,20,じゃあ、いいじゃん。,,"Well, that's fine then."
0xd6538,20,なんで割れてるの！？,,Why is it broken!?
0xd6550,20,なんで割れてるの！？,,Why is it broken!?
0xd6568,20,ダメ…つながらない。,,"It's no good...it won't
connect."
0xd6580,20,はがれないよぉ……。,,It won't come off......
0xd6598,20,これ、何のスイッチ？,,What's this switch for?
0xd65b0,20,叩けばいいんでしょ。,,"We just have to hit it,
right."
0xd65c8,20,あれ？開いてる……。,,Huh? It's open......
0xd65e0,20,さ、音楽室に行くよ。,,"Let's go to the music
room."
0xd65f8,20,ね、早く済ませよっ。,,"Hey, let's finish
quickly."
0xd6610,20,でも、アリサが……。,,"But, Arisa......"
0xd6628,21,"アリサ？
どうしたの？",,Arisa? What's wrong?
0xd6640,21,"桐塚高等学校
放課後…",,"Kirizuka High School
After school..."
0xd6658,22,…ブンシンさま…ね…。,,"...Bunjin-sama...
right..."
0xd6670,22,えっ！？あたしもっ！？,,Huh!? Me too!?
0xd6688,22,へへ、バッチリでしょ。,,"Heh, that came out
perfect."
0xd66a0,22,やばい！　やばいよ！！,,"This is bad! This is really
bad!!"
0xd66b8,22,目じゃないくらい……。,,"Way more than
that......"
0xd66d0,22,鏡……早く、鏡を……。,,"The mirror......quick,
the mirror..."
0xd66e8,22,で、音楽室はどこなの？,,"So anyway, where's the
music room?"
0xd6700,22,ネコふんじゃったとか？,,"Is that the one about
stepping on a cat?"
0xd6718,22,…なんだ、鏡じゃん…。,,"...Oh, it's just a
mirror..."
0xd6730,22,早く音楽室に行こうよ。,,"Let's hurry to the music
room."
0xd6748,22,どうぞおいでください。,,"Please, come."
0xd6760,22,ダメ……開かない……。,,"It's no good......it
won't open......"
0xd6778,22,２番目の個室に向かって,,"Heading to the second
stall"
0xd6790,22,あ…、カナ…待って…。,,Ah...Kana...wait...
0xd67a8,22,あれ？　メールだ……。,,"Huh? It's an
email......"
0xd67c0,22,マタサケオンナでしょ。,,"That's the slit-mouthed
woman thing, right?"
0xd67d8,22,…なんか違くない…？？,,"...Isn't this
weird...??"
0xd67f0,22,あたしに言われても…。,,"Even if you tell me
that..."
0xd6808,22,…なに…？　なんなの？,,"...What...? What is
this?"
0xd6820,22,音楽室でしょ、音楽室。,,"The music room, the
music room."
0xd6838,22,…なに…？　なんなの？,,"...What...? What is
this?"
0xd6850,22,音楽室って何階だっけ？,,"What floor was the music
room on again?"
0xd6868,22,３階よ。３階の一番奥。,,"Third floor. All the way
at the back."
0xd6880,22,別のところを探そう…。,,"Let's look somewhere
else..."
0xd6898,22,音楽室に着いたけど…。,,"We made it to the music
room, but..."
0xd68b0,22,あれ？　開いてる……。,,Huh? It's open......
0xd68c8,22,ここ…だよね…音楽室。,,"This is...the music
room, right."
0xd68e0,22,…じゃあ、始めますか。,,"...Well, shall we begin?"
0xd68f8,24,予定とかも書いてあるね。,,"The schedule's written
here too."
0xd6914,24,あと、シャーペンでする、,,"Also, doing it with a
mechanical pencil,"
0xd6930,24,とにかく、急がないと…！,,"Anyway, we need to
hurry...!"
0xd694c,24,向こうにはまだカナが…。,,"Kana's still over
there..."
0xd6968,24,早く鏡を探さなくちゃ…。,,"We need to find the
mirror, fast..."
0xd6984,24,まさか、落としちゃった？,,"No way, did you drop it?"
0xd69a0,24,その時の…壁のシミが…。,,"At that moment...the
stain on the wall..."
0xd69bc,24,あなたのうしろにいるの。,,It's right behind you.
0xd69d8,24,今まで、工事を始めると、,,"Up until now, every time
construction starts,"
0xd69f4,24,ゼッタイ何かいるんだよ。,,"There's definitely
something there."
0xd6a10,24,（鏡……早く、鏡を……）,,"(The
mirror......quick, the
mirror......)"
0xd6a2c,24,と、とにかく早く出よう！,,"A-anyway, let's get
out, fast!"
0xd6a48,24,そんな…開かないよぉ…。,,"No way...it won't
open..."
0xd6a64,24,ダメ……ここは開かない。,,"It's no good......this
won't open."
0xd6a80,24,そうだ…あたしも…昔…。,,"That's right...me
too...a long time
ago..."
0xd6a9c,24,階段がふさがれてる……。,,"The stairs are blocked
off......"
0xd6ab8,24,…壊れてるだけでしょ…？,,"...It's just broken,
right...?"
0xd6ad4,24,頼りになるのは…どっち？,,"Which one can we
trust...?"
0xd6af0,24,誰かが隠れていたりして。,,"Maybe someone's
hiding."
0xd6b0c,24,えっ、なんで旧校舎に…。,,"Huh, why in the old
building...?"
0xd6b28,24,うしろに……誰かが……。,,"Behind me......
someone......"
0xd6b44,24,…壁の…水道管…の音…？,,"...The sound...of the
pipes in the wall...?"
0xd6b60,24,…壁の…水道管…の音…？,,"...The sound...of the
pipes in the wall...?"
0xd6b7c,24,あ、古い楽譜が残ってる。,,"Ah, there's an old piece
of sheet music left."
0xd6b98,25,"うん。
図書室で見つけた。",,"Yeah. I found it in the
library."
0xd6bb4,25,"馬鹿ね！
何をやってるの！",,"How silly! What are you
doing!"
0xd6bd0,26,…江戸川線、自殺多いよね。,,"...There's a lot of
suicides on the Edogawa
line, right?"
0xd6bec,26,とにかく鏡を探さなきゃ…。,,"Anyway, we need to find
the mirror..."
0xd6c08,26,昨日の深夜だったんでしょ？,,"It was really late last
night, right?"
0xd6c24,26,そんな…閉じこめられた…？,,"No way...are we locked
in...?"
0xd6c40,26,最近、多いよね、チェンメ。,,"There's been a lot of
chain emails lately."
0xd6c5c,26,もうキモいし、しつこいし。,,"It's gross already, and
it won't let up."
0xd6c78,26,動かされている感じだった。,,"It felt like it was being
moved."
0xd6c94,26,やっぱり…開かないよぉ…。,,"Just as I thought...it
won't open..."
0xd6cb0,26,もう使えないだろうけど…。,,"It probably doesn't work
anymore, but..."
0xd6ccc,26,とにかく誰か…、誰か……。,,"Anyway, someone...
anyone......"
0xd6ce8,26,ダメ…うまくつながらない。,,"It's no good...it won't
connect properly."
0xd6d04,26,…実は…コックリさんを…。,,"...Actually...
Kokkuri-san..."
0xd6d20,26,３階の一番奥ね。分かった。,,"All the way at the back of
the third floor. Got it."
0xd6d3c,26,わかるよね。指でなぞるの。,,"You get it, right. Trace
it with your finger."
0xd6d58,26,もしも近くに鏡があるなら、,,"If by chance there's a
mirror nearby,"
0xd6d74,27,"あ、あれ……？
鍵がない…。",,"Ah, that's odd......?
The key isn't here..."
0xd6d90,28,いろいろ言い方が違うでしょ。,,"There's different ways
to say it, right."
0xd6db0,28,とりあえず、鏡を探さなきゃ。,,"For now, we need to find
the mirror."
0xd6dd0,28,トイレと廊下の姿見…他は…。,,"The one in the bathroom
and the hallway
mirror...the rest
are..."
0xd6df0,28,ええっ、なんで開かないの！？,,"Huh, why won't it
open!?"
0xd6e10,28,で、あわてて口から出したら、,,"And when I suddenly
pulled it out of my
mouth,"
0xd6e30,28,あの使われていない古い校舎、,,"That old, unused
building,"
0xd6e50,28,あ、開かない！！　なんで！？,,"Ah, it won't open!!
Why!?"
0xd6e70,28,地図を見ると、３階らしいよ。,,"Looking at the map, it
seems to be the third
floor."
0xd6e90,28,とにかく、３階に行ってみよ。,,"Anyway, let's try the
third floor."
0xd6eb0,28,…ダメ…もう、走れないよ…。,,"...I can't...I can't
run anymore..."
0xd6ed0,28,なんか薬品のようなにおい…。,,"There's a smell like
chemicals..."
0xd6ef0,28,ウワサがあった気がする……。,,"I feel like there was a
rumor......"
0xd6f10,28,どうしよう…このままじゃ…。,,"What do we do...like
this..."
0xd6f30,28,昔、花子さん、流行ったよね。,,"The Hanako-san thing
used to be popular."
0xd6f50,28,でも、どこにかければいいの？,,"But, where do I call?"
0xd6f70,28,この教室の鍵ならあるけど…。,,"I have the key to this
room, but..."
0xd6f90,28,なら、開ける必要ないじゃん。,,"Then there's no need to
open it."
0xd6fb0,28,フフッ…あたし、き・れ・い？,,"Heh...am
I...p-r-e-t-t-y?"
0xd6fd0,28,友達から…聞いたんだけど…。,,A friend told me...
0xd6ff0,28,何度洗っても消えないって…。,,"They say no matter how
much you wash it, it
won't come off..."
0xd7010,28,わ…わかった…、ありがとう。,,G-got it...thanks.
0xd7030,30,いや…、どうすればいいの……。,,"I don't know......what
I should do......"
0xd7050,30,と…とにかく、ここから出よう！,,"A-anyway, let's get out
of here!"
0xd7070,30,ダメ。鍵がなくて開けられない。,,"It's no good. There's
no key, it can't be
opened."
0xd7090,30,駅前のカラオケボックスって…。,,"That karaoke place in
front of the station..."
0xd70b0,30,チェーンメールの呪いじゃない？,,"Could it be the chain
email curse?"
0xd70d0,30,約束通り転送しなかったから…。,,"Because I didn't forward
it like I promised..."
0xd70f0,30,なんか、空気がよどんでない…？,,"Don't you feel like the
air's stale...?"
0xd7110,30,アリサの背中に字を書かなきゃ！,,"We have to write letters
on Arisa's back!"
0xd7130,30,なんか、ヘンなにおい…しない？,,"Don't you smell
something weird...?"
0xd7150,30,ブンシンさま…ブンシンさま…、,,"Bunjin-sama...
Bunjin-sama...,"
0xd7170,30,風の音とか、気のせいじゃない？,,"Isn't that just your
imagination, like the
sound of the wind?"
0xd7190,30,ゴミくらいちゃんと片付けてよ。,,"At least clean up the
trash properly."
0xd71b0,30,風の音とか、気のせいじゃない？,,"Isn't that just your
imagination, like the
sound of the wind?"
0xd71d0,30,あんな、メール信じるなんて…。,,"Believing in an email like
that..."
0xd71f0,30,やっぱり…なにも…起きない…？,,"Just as I
thought...nothing's
happening...?"
0xd7210,30,真ん中あたりでいいんじゃない。,,"I guess somewhere in the
middle is fine."
0xd7230,30,コックリさんの呪いを解くには、,,"To break Kokkuri-san's
curse,"
0xd7250,32,…そういえば…友達が見たって…。,,"...Now that I think
about it...a friend said
she saw it..."
0xd7274,32,やってみるしかないんじゃないの？,,"There's nothing left to
do but try it, right?"
0xd7298,32,まさか…これもコックリさんの！？,,"No way...is this from
Kokkuri-san too!?"
0xd72bc,32,そりゃずっと使われていないから。,,"It's just that it hasn't
been used in a long
time."
0xd72e0,32,そっちに行ってる場合じゃないよ！,,"This isn't the time to go
over there!"
0xd7304,32,まだ、音楽室に行ってないでしょ？,,"We still haven't gone to
the music room, right?"
0xd7328,32,圏外にならないうちに早くかけて。,,"Call quickly before we
lose signal."
0xd734c,32,ははっ、ちょっと期待しちゃった。,,"Haha, I got my hopes up
a little."
0xd7370,32,なんか、昔の映画のセットみたい。,,"It's like the set of an old
movie."
0xd7394,32,コックリさんには関係ないでしょ？,,"It has nothing to do with
Kokkuri-san, right?"
0xd73b8,32,それより、早く音楽室に行こうよ。,,"More importantly, let's
hurry to the music room."
0xd73dc,32,ねえメグミ、もう音楽室に行こう。,,"Hey Megumi, let's go to
the music room already."
0xd7400,32,…あたしは聞こえなかったけど…。,,"...I didn't hear it,
but..."
0xd7424,32,たしかに、聞こえたんだけどなあ。,,"I really did hear it,
though."
0xd7448,32,…あたしは聞こえなかったけど…。,,"...I didn't hear it,
but..."
0xd746c,32,たしかに、聞こえたんだけどなあ。,,"I really did hear it,
though."
0xd7490,32,どこらへんでコックリさんをやる？,,"Where should we do the
Kokkuri-san thing?"
0xd74b4,32,外に出て、誰かに助けてもらおう！,,"Let's get out and get
someone to help us!"
0xd74d8,35,"“コックリさん”で、いいん
だよね？",,"Kokkuri-san is fine,
right?"
0xd74fc,35,"ブンシンさまの方がいいかな
って…。",,"I thought maybe
Bunjin-sama would be
better..."
0xd7520,35,"あと、トイレに洗面台も
あったはず。",,"Also, there should be a
sink in the bathroom."
0xd7544,35,"とにかく、出られるところを
探そう！",,"Anyway, let's look for a
way out!"
0xd7568,35,"そんなとこ行ってる場合じゃ
ないよ！",,"This isn't the time to go
there!"
0xd758c,35,"多分廊下の電気のスイッチじゃ
ない？",,"Isn't that the switch for
the hallway light?"
0xd75b0,35,"目的は音楽室でしょ？
早く行こうよ。",,"The goal is the music
room, right? Let's
hurry."
0xd75d4,35,"目的は音楽室でしょ？
早く行こうよ。",,"The goal is the music
room, right? Let's
hurry."
0xd75f8,35,"目的は音楽室でしょ？
早く行こうよ。",,"The goal is the music
room, right? Let's
hurry."
0xd761c,35,"えーと、どこに行けば
いいんだっけ？",,"Let's see, where were
we supposed to go
again?"
0xd7640,35,"まだコックリさんをしてない
でしょ。",,"We still haven't done
Kokkuri-san."
0xd7664,37,"ほら、コックリさんって
学校によって、",,"Look, the Kokkuri-san
thing, depending on the
school,"
0xd768c,37,"より位の高い霊を呼び出すん
だったら、",,"If you're going to
summon a
higher-ranking spirit,"
0xd76b4,37,"カナまでおかしくなっちゃう
なんて…。",,"That even Kana started
acting strange..."
0xd76dc,37,"じゃあ、コックリさんでやって
みよう。",,"Alright, let's try it with
Kokkuri-san."
0xd7704,37,"ほら、のりの養殖って
海でするでしょ？",,"Look, nori seaweed is
farmed in the sea,
right?"
0xd772c,37,"“もしもし…、
　あたし、みっちゃん”",,"Hello...,it's me,
Micchan"
0xd7754,37,"ね、コックリさんのメールが
きたの…、",,"Hey, I got an email
about Kokkuri-san..."
0xd777c,37,"もういいでしょ？
早く音楽室に行こう。",,"That's enough already,
right? Let's hurry to the
music room."
0xd77a4,37,"お願い、アリサ、協力して！
メグミも！",,"Please, Arisa, help me!
You too, Megumi!"
0xd77cc,37,"ちょっと待ってメグミ！
どこ行くの！？",,"Wait, Megumi! Where
are you going!?"
0xd77f4,37,"よかった！
あたし、あたしよ、メグミ。",,"What a relief! It's me,
it's me, Megumi."
0xd781c,37,"叩く時に、おまじないって
あったっけ？",,"Was there some kind of
chant for when you
knock?"
0xd7844,37,"ねえ、メグミ、先に音楽室に
行こうよ。",,"Hey Megumi, let's go to
the music room first."
0xd786c,37,"やっと、あった…。さ、早く中に
入ろ。",,"Finally, I found
it...come on, let's go
in quickly."
0xd7894,39,"やり方は、コックリさんと同じ
なんだし。",,"The method is the same
as Kokkuri-san."
0xd78bc,39,"じゃあ、まずブンシンさまでやって
みる。",,"Alright, let's try
Bunjin-sama first."
0xd78e4,39,"線路に飛び込んだ人を…轢いた
電車……。",,"The train that hit the
person who jumped onto
the tracks......"
0xd790c,39,"夜…ベッドの下を覗かない方が
いいよ…。",,"At night...you'd better
not look under the
bed..."
0xd7934,39,"いつまでたっても取り壊されない
でしょ？",,"They never finish tearing
it down, huh?"
0xd795c,39,"地下に音楽室はないよ。
早く３階に行こ。",,"There's no music room
in the basement. Let's
go to the third floor."
0xd7984,39,"地下に音楽室はないよ。
早く３階に行こ。",,"There's no music room
in the basement. Let's
go to the third floor."
0xd79ac,39,"あ、そっか……。
たしかに外に出れば…。",,"Ah, I see......It's
true that if we go
outside..."
0xd79d4,39,"メグミの声で、心臓が止まるかと
思った。",,"With Megumi's voice, I
thought my heart was
going to stop."
0xd79fc,39,"あ、ケータイ。柱が１本だけ
立ってるよ！",,"Ah, my phone. There's
only one signal bar!"
0xd7a24,41,"すごい安いけど、使わない方が
いいみたい。",,"It's really cheap, but it
seems better not to use
it."
0xd7a50,41,"ね、“ひとりかくれんぼ”って、
知ってる？",,"Hey, do you know about
Hitori Kakurenbo?"
0xd7a7c,41,"そう。なんかうまくいきそうな気が
するの。",,"Yeah. I feel like
somehow it's going to
work out."
0xd7aa8,41,"実は今、バイト先で２人から
告られてるの。",,"Actually, two guys from
my part-time job just
confessed to me."
0xd7ad4,41,"怪談話に詳しい加賀美莉子
“カガミリコ”。",,"Kagami Riko, an expert
in horror stories."
0xd7b00,41,"…今、うしろで『はぁぁぁい』って
声が…。",,"...Just now, behind
me, I heard a voice say
Yesss..."
0xd7b2c,41,"…今、うしろで『はぁぁぁい』って
声が…。",,"...Just now, behind
me, I heard a voice say
Yesss..."
0xd7b58,41,"どこから、かけているの？
ひどいノイズ…。",,"Where are you calling
from? There's so much
static..."
0xd7b84,41,"ね…、２番目の個室のドア、
閉まってるよ。",,"Hey...the door to the
second stall is closed."
0xd7bb0,41,"まさか…あのチェーンメールを
実行したの？",,"No way...did you
actually do the chain
email thing?"
0xd7bdc,41,"普通にトントンって叩けば
いいんじゃない？",,"Isn't it enough to just
knock normally, like
knock-knock?"
0xd7c08,41,"背中を映したまま、自分で書いても
大丈夫。",,"It's fine to write it
yourself while looking at
your back in the
reflection."
0xd7c34,41,"お互いの背中に犬の文字を書けば
いいって！",,"They say it's enough to
write the kanji for dog
on each other's backs!"
0xd7c60,43,"エンジェルさんとか、
キューピッドさまとか。",,"Like Angel-san, or
Cupid-sama."
0xd7c8c,43,"のりの中に…髪の毛が
混ざってたんだって…。",,"They say hair got mixed
in with the seaweed..."
0xd7cb8,43,"…ゼッタイ、水死体の髪が
混ざったんだよ…。",,"...It was definitely the
hair of a drowned
person..."
0xd7ce4,43,"でも…あの時は…何かが
足りなかったんだ…。",,"But...at that
moment...something
was missing..."
0xd7d10,43,"下校前に職員室からこっそり借りて
きたから。",,"Because I secretly
borrowed it from the
teachers' lounge."
0xd7d3c,43,"倉庫……？
この先に音楽室はなさそうだね…。",,"A storage room......?
It doesn't look like
there's a music room
beyond this..."
0xd7d68,43,"呼ぶって言っても、ケータイ使え
ないし……。",,"Even if I say to call
someone, I can't use my
phone......"
0xd7d94,43,"そこは理科室でしょ？
早く音楽室に行こうよ。",,"That's the science lab,
right? Let's hurry to the
music room."
0xd7dc0,45,"鏡で背中を映して、自分で犬の
漢字を書けば…！",,"If you reflect your back
in the mirror and write
the kanji yourself...!"
0xd7df0,45,"そんな…！紫のペンキで…
塗りつぶされてる…。",,"No way...! It's covered
in purple paint..."
0xd7e20,45,"どれも“ナナシからのメール”って
ヤツでしょ？",,"These are all that
Nanashi email thing,
right?"
0xd7e50,45,"えっ、まさか、このチェンメ…
実行するつもり？",,"Huh, no way, are you
thinking of doing this
chain email thing...?"
0xd7e80,45,"チェンメの実行なんて、バレたら
恥ずかしいし。",,"If people find out I did
the chain email thing,
it'd be embarrassing."
0xd7eb0,45,"さっきの薬品のにおいって、
ここからじゃない？",,"That chemical smell from
before, could it be
coming from here?"
0xd7ee0,45,"あたしのは、圏外のまま…。
でも、よかった…。",,"Mine's still got no
signal...but, what a
relief..."
0xd7f10,45,"旧校舎なんだよ！？
電気なんて止められてるよ！",,"It's the old building!?
The power's cut off!"
0xd7f40,47,"カナって、ナナシのメールを信じて
実行したのに、",,"Kana believed Nanashi's
email and did it, but,"
0xd7f70,47,"今からでも６人に転送すれば、
呪いが解けるかも。",,"If you forward it to 6
people right now, maybe
the curse will break."
0xd7fa0,47,"旧校舎の中じゃ使えなくても、
外なら使えるって！",,"Even if it doesn't work
inside the old building,
it works outside!"
0xd7fd0,47,"じゃあ、互いの背中に“犬”の
漢字を書くことね。",,"So, we need to write the
kanji for dog on each
other's backs."
0xd8000,49,"鏡があるとすれば…姿見……。
そうだ、廊下の姿見！",,"If there's a mirror...a
full-length
one......That's right,
the one in the hallway!"
0xd8034,49,"ブンシンさまかぁ。
あたしの小学校でも流行ったよ。",,"Bunjin-sama, huh. It
was popular at my
elementary school too."
0xd8068,49,"ううん、その時だけ…なんか
得体の知れないモノに、",,"No, just at that
moment...because of
something unknown,"
0xd809c,49,"さすがにこのダンボールの山を
上りたくはないなあ。",,"Honestly, I don't want
to climb this mountain of
boxes."
0xd80d0,49,"霊感に強いってウワサの泉レイカ
“イズミレイカ”。",,"Izumi Reika, said to have
strong spiritual
sensitivity."
0xd8104,49,"お願い…旧校舎から抜け出せなく
なっちゃったの…。",,"Please...we can't get
out of the old building
anymore..."
0xd8138,49,"別にいいけど、先に音楽室に行って
からにしようよ。",,"That's fine, but let's do
it after we go to the
music room."
0xd816c,49,"別にいいけど、先に音楽室に行って
からにしようよ。",,"That's fine, but let's do
it after we go to the
music room."
0xd81a0,49,"コックリさんはキツネの霊だから
苦手な犬を使って、",,"Since Kokkuri-san is a
fox spirit, using a dog,
which it fears,"
0xd81d4,51,"コックリさんって、たしか狐の霊を
呼び出すんでしょ。",,"Kokkuri-san, I think,
summons a fox spirit."
0xd8208,51,"その車両になにかがいっぱい、
はりついていたって…。",,"They say that train car
had something stuck all
over it..."
0xd823c,51,"じゃあ、まだ約束の１日がたって
いないかもしれない。",,"Then maybe the
promised day hasn't
passed yet."
0xd8270,51,"２階に上がったら、ますます
出られなくなっちゃうよ！",,"If we go up to the second
floor, it'll be even
harder to get out!"
0xd82a4,51,"楽譜はもういいから、早く
コックリさんしちゃおうよ。",,"Forget the sheet music
already, let's do
Kokkuri-san quickly."
0xd82d8,51,"向こうの廊下にも階段あったよね？
そっちから行こう。",,"There was a staircase in
the other hallway, right?
Let's go that way."
0xd830c,51,"リコなら、学校の近所に住んで
いるし、コックリさんの",,"If it's Riko, she lives
near the school, and the
Kokkuri-san thing"
0xd8340,51,"メールにも興味津々だったから、
駆けつけてくれそう。",,"really interested her
too, so she'll probably
come running."
0xd8374,51,"電気をつければ、外の人が気づいて
くれるんじゃない？",,"If we turn on the light,
won't people outside
notice?"
0xd83a8,53,"あたしの小学校だと、呼び出す
のが“ブンシンさま”で、",,"At my elementary
school, the one you
summon is Bunjin-sama,
and"
0xd83e0,53,"その方が、人間の霊を呼び出すから
安全だって言われた。",,"They said that was safer
because it summons a
human spirit."
0xd8418,53,"あそこ、昔火事があって何人か
焼け死んでるんだって…。",,"They say there was a fire
there a long time ago
and several people
burned to death..."
0xd8450,53,"…コンビニで買ったおにぎり、
ヘンな味がしたらしいの。",,"...They say the onigiri
they bought at the store
tasted weird."
0xd8488,53,"それでどっちを選んでいいか、
悩んでるの……、だから！",,"That's why I don't know
which one to
choose......, that's
why!"
0xd84c0,53,"『花子さ〜ん』って、声をかけると
返事が来るんだよね。",,"If you call out
Hanako-saaan, they
answer."
0xd84f8,53,"さっき階段で、アリサが聞いた
声って、これじゃないの？",,"Could this be the voice
Arisa heard on the stairs
earlier?"
0xd8530,53,"さっき階段で、アリサが聞いた声
って、これじゃないの？",,"Could this be the voice
Arisa heard on the stairs
earlier?"
0xd8568,55,"もう一度、玄関を確かめてみよう。
きっと外に出られるよ！",,"Let's check the entrance
one more time. I'm sure
we can get out!"
0xd85a0,55,"でもチェンメを実行するんだから、
コックリさんのままで、",,"But since we're doing
the email thing, let's
stick with Kokkuri-san,"
0xd85d8,55,"だから、もう１回ちゃんと
やってみたいの、コックリさん。",,"That's why I want to do
Kokkuri-san properly
one more time."
0xd8610,55,"あたしたちだけじゃ無理だよ！
誰か詳しい人を呼ばなきゃ！",,"We can't do this alone!
We need to call someone
who knows what they're
doing!"
0xd8648,55,"もしおいでになられましたら、
「はい」へお進みください。",,"If you have already
arrived, please proceed
to Yes."
0xd8680,55,"…コックリさんをしていたって
ことは、他に人がいるのね？",,"...If they were doing
Kokkuri-san, there are
other people involved,
right?"
0xd86b8,57,"必ず関係者にトラブルや災難が
降りかかって、中止になるの。",,"Trouble or misfortune
always falls on the
participants, and it gets
called off."
0xd86f4,57,"そういえばナナシのメールに、
この校舎が昔、病院だったって",,"Now that I think about
it, Nanashi's email said
this building used to be
a hospital,"
0xd8730,59,"でもさ、あのチェンメの中に、
たまに『へえ』っていうのない？",,"But you know, doesn't
that email sometimes
have a 'huh' in it?"
0xd876c,59,"コックリさんはどこでしたって、
低級な霊しか集まらないのよ。",,"No matter where you do
Kokkuri-san, only
low-level spirits gather."
0xd87a8,65,"だって、昔やったコックリさんって
最低でも、３人は必要だったのよ。",,"It's just that the old
Kokkuri-san needed at
least 3 people."
0xd885c,6,本当？,,Really?
0xd8864,6,あっ！,,Ah!
0xd886c,6,カナ！,,Kana!
0xd887c,6,えっ？,,Huh?
0xd8884,6,うん。,,Yeah.
0xd888c,6,なに？,,What?
0xd88ac,6,ワナ？,,A trap?
0xd88b4,6,うん。,,Yeah.
0xd88bc,6,あっ。,,Ah.
0xd88c4,6,うん。,,Yeah.
0xd88cc,6,そう？,,Really?
0xd88d4,6,こう？,,Like this?
0xd88dc,6,うん。,,Yeah.
0xd88e4,6,うん。,,Yeah.
0xd88ec,6,うん。,,Yeah.
0xd88f4,6,ダメ！,,No!
0xd88fc,6,あっ！,,Ah!
0xd8904,6,あっ！,,Ah!
0xd890c,6,えっ？,,Huh?
0xd8914,6,カナ！,,Kana!
0xd8924,6,うん。,,Yeah.
0xd892c,6,うん。,,Yeah.
0xd8934,6,うん。,,Yeah.
0xd893c,6,カナ！,,Kana!
0xd8944,6,ひぃ！,,Hii!
0xd894c,6,同じ？,,The same?
0xd8954,6,霊感？,,A sixth sense?
0xd895c,6,さあ？,,Who knows?
0xd897c,6,うん。,,Yeah.
0xd8984,6,あっ！,,Ah!
0xd898c,6,うん。,,Yeah.
0xd8994,6,校庭！,,The schoolyard!
0xd89a4,6,えっ？,,Huh?
0xd89ac,6,写メ？,,A photo?
0xd89bc,6,あっ。,,Ah.
0xd89cc,6,うん。,,Yeah.
0xd89d4,6,うん。,,Yeah.
0xd89dc,6,カナ！,,Kana!
0xd89e4,6,カナ！,,Kana!
0xd89ec,6,ねえ。,,Hey.
0xd89f4,6,ひっ。,,Hii.
0xd89fc,6,そう。,,That's right.
0xd8a04,6,あっ。,,Ah.
0xd8a0c,6,うん。,,Yeah.
0xd8a14,6,反省。,,Reflection.
0xd8a1c,6,えっ？,,Huh?
0xd8a24,6,うん。,,Yeah.
0xd8a2c,6,へえ。,,Huh.
0xd8a34,6,うん。,,Yeah.
0xd8a3c,6,じゃ。,,Well then.
0xd8a44,6,うん。,,Yeah.
0xd8a4c,6,うん。,,Yeah.
0xd8a54,8,ホント？,,Really?
0xd8a60,8,うん…。,,Yeah...
0xd8a78,8,さあ…。,,Who knows...
0xd8a84,8,うそ…。,,No way...
0xd8a90,8,リコ…。,,Riko...
0xd8a9c,8,でしょ？,,Right?
0xd8aa8,8,同じ階？,,The same floor?
0xd8ab4,8,うん…。,,Yeah...
0xd8ac0,8,リコ…。,,Riko...
0xd8acc,8,そだね。,,That's right.
0xd8ae4,8,えっ…。,,Huh...
0xd8af0,8,でも…。,,But...
0xd8afc,8,姿見…。,,The mirror...
0xd8b08,8,カナ…。,,Kana...
0xd8b44,8,ひっ…。,,Hii...
0xd8b5c,8,防空壕？,,An air-raid shelter?
0xd8b68,8,あった！,,Found it!
0xd8b74,8,いやあ！,,No!
0xd8b98,8,わかった,,Got it
0xd8bb0,8,ひっ…。,,Hii...
0xd8bc8,8,…あれ？,,Huh?
0xd8bd4,8,ホント？,,Really?
0xd8bec,8,じゃあ。,,Alright.
0xd8bf8,8,私も！？,,Me too!?
0xd8c04,8,ホント？,,Really?
0xd8c28,8,さあ…。,,Who knows...
0xd8c34,8,うん…。,,Yeah...
0xd8c40,8,お願い！,,Please!
0xd8c4c,8,えっ…。,,Huh...
0xd8c58,8,うん…。,,Yeah...
0xd8c70,8,うん…。,,Yeah...
0xd8c88,8,行こう。,,Let's go.
0xd8c94,8,どこ…？,,Where...?
0xd8cac,8,そうね。,,That's right.
0xd8cd0,8,カナ…。,,Kana...
0xd8cdc,8,手鏡…。,,A hand mirror...
0xd8ce8,8,カナ…。,,Kana...
0xd8cf4,8,カナ…。,,Kana...
0xd8d00,8,うわっ！,,Whoa!
0xd8d0c,8,でしょ。,,Right?
0xd8d18,8,動物…。,,An animal...
0xd8d24,8,へえ…。,,Huh...
0xd8d30,8,また…。,,Again...
0xd8d3c,8,カナ…。,,Kana...
0xd8d54,8,呪い…？,,A curse...?
0xd8d60,8,（はっ）,,(Ha)
0xd8d6c,8,うん…。,,Yeah...
0xd8d78,8,シセン？,,The gaze...?
0xd8d84,8,リコ…。,,Riko...
0xd8d90,8,ごめん。,,Sorry.
0xd8d9c,8,ひっ…。,,Hii...
0xd8da8,8,うそ…。,,No way...
0xd8db4,8,そうね。,,That's right.
0xd8dc0,8,姿見…。,,The mirror...
0xd8de4,8,いやあ！,,No!
0xd8df0,8,カナ…。,,Kana...
0xd8e08,8,アリサ！,,Arisa!
0xd8e14,8,鬼門よ。,,"It's the cursed
direction."
0xd8e20,8,なんで。,,Why.
0xd8e2c,8,そう…。,,That's right...
0xd8e38,8,あるの。,,There is.
0xd8e44,8,当番表？,,The duty schedule?
0xd8e50,8,待って。,,Wait.
0xd8e5c,8,カナ…。,,Kana...
0xd8e68,8,かもね。,,Maybe.
0xd8e74,8,あれ…。,,Huh...
0xd8e98,8,へえ…。,,Huh...
0xd8ea4,8,カナ…。,,Kana...
0xd8eb0,8,カナ…！,,Kana...!
0xd8ebc,8,でも…。,,But...
0xd8ec8,8,でもさ、,,"But you know,"
0xd8eec,8,ええっ。,,Ehh.
0xd8ef8,8,…廊下？,,The hallway?
0xd8f04,8,まあね。,,More or less.
0xd8f10,8,リコ…。,,Riko...
0xd8f1c,8,また…。,,Again...
0xd8f28,8,まあね。,,More or less.
0xd8f40,8,あった！,,Found it!
0xd8f4c,8,実はさ、,,"Actually,"
0xd8f58,10,おはよっ！,,Good morning!
0xd8f64,10,たぶん…。,,Maybe...
0xd8f70,10,そうなの？,,Really?
0xd8f7c,10,それは…。,,That's...
0xd8f88,10,開かない？,,It won't open?
0xd8f94,10,はっ……。,,Ha......
0xd8fa0,10,そうね…。,,That's right...
0xd8fac,10,ひっ……。,,Hii......
0xd8fc4,10,わたしが？,,Me?
0xd8fd0,10,キツネ！？,,A fox!?
0xd8fdc,10,どうだか。,,Who knows.
0xd8fe8,10,…うん…。,,...Yeah...
0xd8ff4,10,そうね…。,,That's right...
0xd9000,10,防空壕…。,,The air-raid shelter...
0xd900c,10,あやまる。,,I apologize.
0xd9018,10,どうする？,,What do we do?
0xd9024,10,うっ……。,,Ugh......
0xd9030,10,そうね…。,,That's right...
0xd903c,10,汚い字…。,,Ugly handwriting...
0xd9048,10,地下か…。,,The basement...
0xd9054,10,おはよっ！,,Good morning!
0xd906c,10,…うん…。,,...Yeah...
0xd9078,10,チェンメ？,,A chain email?
0xd9084,10,やってみる,,I'll give it a try
0xd9090,10,へいへい。,,"Yeah, yeah."
0xd90b4,10,そうなの？,,Really?
0xd90c0,10,ねえ……。,,Hey......
0xd90cc,10,あるかな？,,"Is there one, I wonder?"
0xd90d8,10,…だから？,,...So?
0xd90e4,10,そうなの？,,Really?
0xd90f0,10,あちゃ…。,,Oops...
0xd90fc,10,あるかな？,,"Is there one, I wonder?"
0xd9114,10,えっ……。,,Huh......
0xd9120,10,ダメだ…。,,It's no good...
0xd912c,10,そうね…。,,That's right...
0xd9150,10,やったね！,,We did it!
0xd915c,10,あっ……。,,Ah......
0xd9168,10,地図……。,,The map......
0xd9174,10,うん……。,,Yeah......
0xd9180,10,待って…。,,Wait...
0xd918c,10,着メロ…。,,The ringtone...
0xd91a4,10,地図……。,,The map......
0xd91b0,10,やめておく,,Better not
0xd91bc,10,あ、いや。,,"Ah, no."
0xd91c8,10,…ないよ。,,...There isn't.
0xd91d4,10,まだ不安？,,Still nervous?
0xd91e0,10,そうなの？,,Really?
0xd91ec,10,ダメだ…。,,It's no good...
0xd91f8,10,そんな…。,,No way...
0xd9204,10,ね、見て。,,"Hey, look."
0xd9210,10,そうなの？,,Really?
0xd921c,10,えっ……。,,Huh......
0xd9228,10,わたしが？,,Me?
0xd9240,10,不発弾よ。,,"It's an unexploded
bomb."
0xd924c,10,そっか…。,,I see...
0xd9258,10,やめて…。,,Stop...
0xd9264,10,…えっ…。,,...Huh...
0xd9270,10,…やだ…。,,...I don't want to...
0xd927c,10,わたしが？,,Me?
0xd9288,10,ホントに？,,Really?
0xd9294,10,でもさ…。,,But you know...
0xd92a0,10,あいた…。,,Ouch...
0xd92ac,10,よかった。,,What a relief.
0xd92b8,10,キツネ！？,,A fox!?
0xd92c4,10,よかった。,,What a relief.
0xd92d0,10,オッケー。,,Okay.
0xd92dc,10,…ホント？,,...Really?
0xd92e8,10,アリサ…？,,Arisa...?
0xd9300,10,おはよー。,,Morning.
0xd930c,10,それは…。,,That's...
0xd9318,10,…上の階？,,...The floor above?
0xd9324,10,さあ……。,,Who knows......
0xd9330,10,ケータイ！,,My phone!
0xd933c,10,そうだね。,,That's right.
0xd9348,10,…ごめん。,,...Sorry.
0xd9354,10,やろうよ。,,Let's do it.
0xd9360,10,（カナ…）,,(Kana...)
0xd936c,10,…ないよ。,,...There isn't.
0xd9378,10,そんな…。,,No way...
0xd9384,10,せっかく、,,"After all that trouble,"
0xd9390,10,やったね！,,We did it!
0xd939c,10,ええっ…。,,Ehh...
0xd93a8,10,看護師…。,,The nurse...
0xd93b4,10,過去の…。,,From the past...
0xd93c0,10,そうなの？,,Really?
0xd93d8,10,ごめん…。,,Sorry...
0xd93e4,10,理科室…。,,The science lab...
0xd93f0,10,わたしが？,,Me?
0xd93fc,10,…資料室。,,...The archive room.
0xd9408,10,……倉庫？,,......A storage room?
0xd9414,10,あ、うん。,,"Ah, yeah."
0xd9420,10,そうね…。,,That's right...
0xd942c,10,やってみる,,I'll give it a try
0xd9438,10,地図……。,,The map......
0xd9444,10,体重計だ。,,It's a scale.
0xd9450,10,ええっ…。,,Ehh...
0xd945c,10,足音が…。,,Footsteps...
0xd9468,10,がらん…。,,An empty echo...
0xd9474,10,また……。,,Again......
0xd9480,10,不発弾…。,,An unexploded bomb...
0xd948c,10,やめておく,,Better not
0xd9498,10,はいはい。,,"Yeah, yeah."
0xd94a4,10,ミズキ…。,,Mizuki...
0xd94b0,10,やだ……。,,I don't want to......
0xd94bc,10,…リコ…。,,...Riko...
0xd94c8,12,あ、ミズキ。,,"Ah, Mizuki."
0xd94d8,12,やめなよ…。,,Stop it already...
0xd94e8,12,…アリサ…？,,...Arisa...?
0xd94f8,12,え、なんで？,,"Huh, why?"
0xd9508,12,出口って…。,,The exit...
0xd9518,12,でしょうね。,,Probably.
0xd9528,12,ね、これ…。,,"Hey, this..."
0xd9538,12,……たぶん。,,......Maybe.
0xd9548,12,…キツネ…？,,...A fox...?
0xd9558,12,そうかもね。,,Could be.
0xd9568,12,いやああ…。,,Noooo...
0xd9578,12,２時ぐらい？,,"Around 2, maybe?"
0xd9588,12,コトダマ…。,,Kotodama...
0xd9598,12,風の抜け道？,,An air vent?
0xd95a8,12,どうしたの？,,What's wrong?
0xd95b8,12,とおりゃんせ,,Toryanse
0xd95c8,12,…ミズキ…。,,...Mizuki...
0xd95d8,12,あったぁ…！,,Found it...!
0xd95e8,12,どうしたの？,,What's wrong?
0xd95f8,12,さてと……。,,Well then......
0xd9608,12,…声？誰の？,,...A voice? Whose?
0xd9618,12,大丈夫だよ。,,It's okay.
0xd9628,12,どうしたの？,,What's wrong?
0xd9638,12,どうしたの？,,What's wrong?
0xd9648,12,そうかなあ？,,Is that it?
0xd9658,12,ね、ミズキ。,,"Hey, Mizuki."
0xd9668,12,どうしたの？,,What's wrong?
0xd9678,12,…神隠し…。,,"...A mysterious
disappearance..."
0xd9688,12,…まあね…。,,...More or less...
0xd9698,12,よかった…。,,What a relief...
0xd96a8,12,どうしたの？,,What's wrong?
0xd96b8,12,なるほどね。,,I see.
0xd96c8,12,あ……うん。,,Ah......yeah.
0xd96d8,12,え？トイレ？,,Huh? The bathroom?
0xd96e8,12,たぶん…ね。,,Maybe...
0xd96f8,12,どうしたの？,,What's wrong?
0xd9708,12,…足音が…。,,...Footsteps...
0xd9718,12,メグミじゃ…,,Could it be Megumi...
0xd9728,12,……ごめん。,,......Sorry.
0xd9738,12,キツネが…。,,A fox...
0xd9748,12,……下の階？,,......The floor below?
0xd9758,12,乗ってみる？,,Should we get on?
0xd9768,12,どんな雑誌？,,What kind of magazine?
0xd9788,12,……ごめん。,,......Sorry.
0xd9798,12,大丈夫だよ。,,It's okay.
0xd97a8,12,…ふぅ……。,,...Phew......
0xd97b8,12,…まさか…。,,...No way...
0xd97c8,12,当然でしょ。,,Of course.
0xd97d8,12,あ、ミズキ。,,"Ah, Mizuki."
0xd97e8,12,キツネが…。,,A fox...
0xd97f8,12,どうしたの？,,What's wrong?
0xd9808,12,に、逃げよ！,,L-let's run!
0xd9818,12,ううっ……。,,Ugh......
0xd9828,12,どうしたの？,,What's wrong?
0xd9838,12,ホントだ…。,,It's true...
0xd9848,12,…留守電…。,,...The voicemail...
0xd9858,12,ね、お願い！,,"Hey, please!"
0xd9868,12,壊れてる…？,,Is it broken...?
0xd9878,12,よかった…。,,What a relief...
0xd9888,12,戦前かな…。,,"Maybe it's from before
the war..."
0xd9898,12,え……なに？,,Huh......what?
0xd98a8,12,別の空間…。,,A different space...
0xd98b8,12,ね、お願い。,,"Hey, please."
0xd98c8,12,どうしたの？,,What's wrong?
0xd98d8,12,…うそ……。,,...No way......
0xd98e8,12,どうしたの？,,What's wrong?
0xd98f8,12,“ホント？”,,"""Really?"""
0xd9908,12,………動物？,,..........An animal?
0xd9918,12,…消えた…？,,...It disappeared...?
0xd9928,12,やめてよ…。,,Stop it already...
0xd9938,12,…カナのだ。,,...It's Kana's.
0xd9948,12,なに…今の。,,What was that...
0xd9958,12,…ミズキ…。,,...Mizuki...
0xd9968,12,キツネが…。,,A fox...
0xd9978,12,…はいはい。,,"...Yeah, yeah."
0xd9988,12,この鳴き声…,,This sound...
0xd9998,12,誰よ、それ。,,Who's that.
0xd99a8,12,どうしたの？,,What's wrong?
0xd99b8,12,ごめん……。,,Sorry......
0xd99c8,12,ね…あれ…。,,Hey...that...
0xd99d8,12,ケータイで？,,On the phone?
0xd99e8,12,くわしいね。,,You know a lot.
0xd99f8,12,あ、リコっ。,,"Ah, Riko."
0xd9a08,12,どうしたの？,,What's wrong?
0xd9a18,12,どうしたの？,,What's wrong?
0xd9a28,12,なんで紫色？,,Why is it purple?
0xd9a38,12,キツネが…。,,A fox...
0xd9a48,12,そのまま帰る,,Just go back like this
0xd9a58,12,早くやろうよ,,Let's do it quickly
0xd9a68,12,やめた方が…,,Better not...
0xd9a78,12,水道管かな？,,Could it be the pipes?
0xd9a88,12,ありがとう。,,Thanks.
0xd9a98,12,神隠し……。,,"A mysterious
disappearance......"
0xd9aa8,12,意外だね…。,,What a surprise...
0xd9ab8,12,かごめかごめ,,Kagome Kagome
0xd9ac8,12,……ここは？,,......And here?
0xd9ad8,14,そうとしか…。,,"It can't be anything
else..."
0xd9ae8,14,うん、ごめん。,,"Yeah, sorry."
0xd9af8,14,あとはカナ…。,,Just Kana left...
0xd9b08,14,…開かない…。,,...It won't open...
0xd9b18,14,どういうこと？,,What do you mean?
0xd9b28,14,そういえば…。,,"Now that I think about
it..."
0xd9b38,14,メグミじゃ…。,,Could it be Megumi...
0xd9b48,14,間違いないよ。,,There's no doubt.
0xd9b58,14,近くって……？,,"Nearby, you
say......?"
0xd9b68,14,わかんない…。,,I don't know...
0xd9b78,14,わかった……。,,Got it......
0xd9b98,14,なにこれ……。,,What is this......
0xd9ba8,14,そうみたい…。,,Looks like it...
0xd9bb8,14,…あ、はい…。,,"...Ah, yes..."
0xd9bc8,14,ね、ミズキ…。,,"Hey, Mizuki..."
0xd9bd8,14,うう…ん……。,,Mmm......
0xd9be8,14,じゃ、１回だけ,,"Alright, just once"
0xd9bf8,14,どういうこと？,,What do you mean?
0xd9c08,14,カナの携帯は？,,"What about Kana's
phone?"
0xd9c18,14,…ね、ミズキ。,,"...Hey, Mizuki."
0xd9c28,14,えっ…なに…！,,Huh...what...!
0xd9c38,14,調べてみよう。,,Let's investigate.
0xd9c48,14,すごいじゃん！,,That's amazing!
0xd9c58,14,もう一度……。,,One more time......
0xd9c68,14,じゃ、本物…？,,"So, it's real...?"
0xd9c78,14,リコ、録音して,,"Riko, record it"
0xd9c88,14,はっ……カナ！,,Ha......Kana!
0xd9c98,14,はっ……カナ！,,Ha......Kana!
0xd9ca8,14,そうかなあ…。,,Is that it...
0xd9cb8,14,“そうなの？”,,"""Really?"""
0xd9cc8,14,廊下に何が…？,,"What's in the
hallway...?"
0xd9cd8,14,え、いいけど。,,"Huh, that's fine."
0xd9ce8,14,そうだけどさ。,,"That's true, but..."
0xd9cf8,14,万事休すか…。,,"This might be the
end..."
0xd9d08,14,はっ…レイカ！,,Ah...Reika!
0xd9d18,14,もう少し考えて,,"Think about it a little
more"
0xd9d28,14,かもしれない。,,Maybe so.
0xd9d38,14,どういうこと？,,What do you mean?
0xd9d48,14,…ね、地下は？,,"...Hey, what about the
basement?"
0xd9d58,14,えっ…なに…！,,Huh...what...!
0xd9d68,14,倉庫からだよ。,,"It's coming from the
storage room."
0xd9d78,14,これ、配電盤？,,"Is this the electrical
panel?"
0xd9d88,14,新校舎の屋上！,,"The rooftop of the new
building!"
0xd9d98,14,方法はないの？,,"Isn't there some other
way?"
0xd9da8,14,防空壕…かな。,,"Maybe it's the air-raid
shelter..."
0xd9db8,14,ちょっと待って,,Wait a moment
0xd9dc8,14,…苦しいよ…。,,"...It's hard to
breathe..."
0xd9de8,14,…そうなの…？,,...Really...?
0xd9df8,14,旧校舎の地下！,,"The basement of the old
building!"
0xd9e08,14,いつのまに…。,,Since when...
0xd9e18,14,１階ってこと？,,You mean the first floor?
0xd9e28,14,……やめとく。,,......Better not.
0xd9e38,14,私は行かない！,,I'm not going!
0xd9e48,14,そうなんだ…。,,I see...
0xd9e58,14,……やっぱり。,,......I knew it.
0xd9e68,14,…どうしたの？,,...What's wrong?
0xd9e78,14,ね、これ見て。,,"Hey, look at this."
0xd9e88,14,鏡を持ってる？,,Do you have a mirror?
0xd9e98,14,水…？…下水？,,Water...? ...A sewer?
0xd9ea8,14,もう帰ろうよ。,,"Let's head back
already."
0xd9eb8,14,ここの鏡も…。,,This mirror too...
0xd9ec8,14,えっ、ここで？,,"Huh, here?"
0xd9ed8,14,はっ……カナ！,,Ha......Kana!
0xd9ee8,14,…ね、地下は？,,"...Hey, what about the
basement?"
0xd9ef8,14,あ、ホントだ。,,"Ah, it's true."
0xd9f08,14,そうだよね…。,,That's right...
0xd9f18,14,やっぱりカナ…,,"In the end, Kana..."
0xd9f28,14,あちこち……。,,All over the place......
0xd9f38,14,えっ…なに…！,,Huh...what...!
0xd9f48,14,がんばろうよ。,,Let's keep trying.
0xd9f58,14,待ってミズキ。,,"Wait, Mizuki."
0xd9f78,14,じゃ、本物…？,,"So, it's real...?"
0xd9f88,14,いいじゃない。,,Not bad.
0xd9f98,14,ここ…屋上…？,,This...the rooftop...?
0xd9fa8,14,気にしないで。,,Don't worry about it.
0xd9fb8,14,…開かない…。,,...It won't open...
0xd9fc8,14,声がする…誰？,,"I hear a voice...who is
it?"
0xd9fd8,14,…ね、地下は？,,"...Hey, what about the
basement?"
0xd9fe8,14,大丈夫だって。,,I told you it's fine.
0xd9ff8,14,どういうこと？,,What do you mean?
0xda008,14,……旧校舎…。,,"......The old
building..."
0xda018,14,あると思うの。,,I think there is.
0xda028,14,はくせい……？,,A stuffed animal......?
0xda038,14,戦前のもの…。,,"Something from before
the war..."
0xda048,14,音楽室から…？,,"From the music
room...?"
0xda058,14,わからない…。,,I don't know...
0xda068,14,鏡が紫色に…。,,"The mirror turned
purple..."
0xda078,14,そうします…。,,I'll do that...
0xda088,14,ここの鏡も…。,,This mirror too...
0xda098,14,ここの鏡も…。,,This mirror too...
0xda0a8,14,いいじゃない。,,Not bad.
0xda0b8,14,えっ…なに…！,,Huh...what...!
0xda0c8,14,そうこなきゃ。,,Now you're talking.
0xda0d8,14,そうなんだ…。,,I see...
0xda0e8,14,…コイン…だ。,,...It's the coin.
0xda0f8,14,…失礼なヤツ…,,"...What a rude
person..."
0xda108,14,じゃ、本物…？,,"So, it's real...?"
0xda118,14,えっ、なにを？,,"Huh, what thing?"
0xda128,14,じゃ、本物…？,,"So, it's real...?"
0xda138,14,また着メロだ！,,The ringtone again!
0xda148,14,すいません…。,,Excuse me...
0xda158,14,はっ……カナ！,,Ha......Kana!
0xda168,14,これは仮の姿。,,"This is just a temporary
form."
0xda178,16,…聞こえたよね？,,"...You heard that,
right?"
0xda18c,16,リコ、録音して。,,"Riko, record it."
0xda1a0,16,カンベンして…。,,"Just leave me alone
already..."
0xda1b4,16,しっかりしてよ。,,Get it together.
0xda1c8,16,…あの鳴き声…。,,...That sound...
0xda1dc,16,あ、そっか……。,,"Ah, I see......"
0xda1f0,16,やっぱりカナ…。,,"In the end, Kana..."
0xda204,16,そうだったんだ。,,So that's what it was.
0xda218,16,もう帰ろうよ…。,,"Let's head back
already..."
0xda22c,16,ひょっとして…。,,Could it be...?
0xda240,16,…旧校舎…か…。,,...The old building...
0xda254,16,……わかった…。,,......Got it...
0xda268,16,……無いみたい。,,"......Doesn't seem to
be one."
0xda27c,16,（掲示板……か）,,"(The bulletin
board......huh)"
0xda290,16,あったでしょ…。,,"There was one, right?"
0xda2a4,16,こんな時間に…。,,At this hour...
0xda2b8,16,…音楽室のまま。,,"...It's still the music
room."
0xda2cc,16,何が違うわけ？？,,How is it different??
0xda2e0,16,なる早できてよ！,,"Come as soon as you
can!"
0xda2f4,16,この写真、見て。,,Look at this photo.
0xda308,16,…その…実は…。,,...Um...actually...
0xda31c,16,うーん……あっ。,,Mmm......Ah.
0xda330,16,えっ、どうして？,,"Huh, why?"
0xda344,16,タチが悪いのよ。,,It's tasteless.
0xda358,16,知らなかった…。,,I didn't know...
0xda36c,16,どういうこと…？,,What do you mean...?
0xda380,16,（……旧校舎…）,,"(......The old
building...)"
0xda3a8,16,あはは、ごめん。,,"Haha, sorry."
0xda3bc,16,えーっ、なんで？,,"Ehh, why?"
0xda3d0,16,３階の……どこ？,,"The third
floor......Where?"
0xda3e4,16,…帰ろっかな…。,,"...I think I'll just go
home..."
0xda3f8,16,リコ、どうする？,,"Riko, what do we do?"
0xda40c,16,その時は………。,,In that case.......
0xda420,16,それにしても…。,,Even so...
0xda434,16,ウワサだし……。,,It's just a rumor......
0xda448,16,そうだったんだ。,,So that's what it was.
0xda45c,16,えっ？１人で…？,,Huh? Alone...?
0xda470,16,リコはどう思う？,,What does Riko think?
0xda484,16,どういうこと…？,,What do you mean...?
0xda498,16,…霊感…ねえ…。,,"...A sixth
sense...huh..."
0xda4ac,16,それじゃないよ。,,That's not it.
0xda4c0,16,ちょっと待って。,,Wait a moment.
0xda4d4,16,「とおりゃんせ」,,"""Toryanse"""
0xda4e8,16,その時は………。,,In that case.......
0xda4fc,16,待ってるからね！,,I'll be waiting for you!
0xda510,16,聞いて、聞いて！,,"Listen, listen!"
0xda524,16,うーん、Ｂで！！,,"Mmm, I'll go with B!!"
0xda538,16,タチが悪いのよ。,,It's tasteless.
0xda54c,16,１つだけだけど。,,"Just one, though."
0xda560,16,「かごめかごめ」,,"""Kagome Kagome"""
0xda574,16,そう…だけど…。,,Yeah...but...
0xda588,16,見て、校舎が…。,,"Look, the building..."
0xda59c,16,幽霊じゃないの？,,Could it be a ghost?
0xda5b0,16,先生を信頼して。,,Trust your teacher.
0xda5c4,16,…どういうこと？,,...What do you mean?
0xda5d8,16,すごいホコリ…。,,So much dust...
0xda5ec,16,……なに、今の？,,......What was that?
0xda600,16,タチが悪いのよ。,,It's tasteless.
0xda614,16,えっ？なにそれ。,,Huh? What's that.
0xda628,16,私はしなかった。,,I didn't do it.
0xda63c,16,鍵がかかってる。,,It's locked.
0xda650,16,“どうしたの？”,,"""What's wrong?"""
0xda664,16,上からじゃない？,,"Isn't it coming from
above?"
0xda678,16,タチが悪いのよ。,,It's tasteless.
0xda68c,16,ちょっと不安が…,,I'm a little scared...
0xda6a0,16,“あたしもだよ”,,"""Me too"""
0xda6c8,16,なんで、ここに。,,"Why, here."
0xda6dc,16,しっかりしてよ。,,Get it together.
0xda6f0,16,旧校舎を見てみる,,"I'll check the old
building"
0xda704,16,チェーンメール？,,A chain email?
0xda718,16,１つだけだけど。,,"Just one, though."
0xda72c,16,“倉庫からだよ”,,"""It's coming from the
storage room"""
0xda740,16,…失礼なヤツ…。,,"...What a rude
person..."
0xda754,16,まだ、鳴るんだ。,,It's still ringing.
0xda768,16,でも、さっき…。,,"But, just a moment
ago..."
0xda77c,16,この旧校舎が…。,,This old building...
0xda790,16,割れそうだよ…。,,"It looks like it's about to
break..."
0xda7a4,16,動物、苦手なの？,,"Are you afraid of
animals?"
0xda7b8,16,わたしにまかせて,,Leave it to me
0xda7cc,16,アリサ！アリサ！,,Arisa! Arisa!
0xda7e0,16,どうする？入る？,,"What do we do? Should
we go in?"
0xda7f4,16,携帯の…着メロ？,,The phone's ringtone?
0xda808,18,防空壕はこの奥…。,,"The air-raid shelter is
further in..."
0xda81c,18,たしかめないと…。,,We need to confirm it...
0xda830,18,やってみたいけど…,,"I want to try it, but..."
0xda844,18,じゃあ、カナが…。,,"So, Kana..."
0xda858,18,……落ち着かない…,,"......I can't calm
down..."
0xda86c,18,ホントだったんだ。,,It was true.
0xda880,18,どこで鳴いてるの？,,"Where's that sound
coming from?"
0xda894,18,なにこれ……ゴミ？,,"What is
this......trash?"
0xda8a8,18,たぶんだけど……。,,"Maybe, but......"
0xda8bc,18,もう死んでるよ…。,,It's already dead...
0xda8d0,18,あたし…もう限界。,,"I...can't take it
anymore."
0xda8e4,18,なんで…わかるの。,,"How...do you know
that."
0xda8f8,18,はあ……はあ……。,,Huff......huff......
0xda90c,18,あ、ユカリ先生…。,,"Ah, Yukari-sensei..."
0xda920,18,…もう…限界だよ。,,"...I can't take it
anymore."
0xda934,18,えっ、キツネが…？,,"Huh, a fox...?"
0xda948,18,えっ、そうだっけ？,,"Huh, was that it?"
0xda95c,18,ユウタ、何かない？,,"Yuuta, don't you have
something?"
0xda970,18,えっ、なんだっけ？,,"Huh, what was it?"
0xda984,18,そうこなくっちゃ！,,Now you're talking!
0xda998,18,ユウタ、何かない？,,"Yuuta, don't you have
something?"
0xda9ac,18,ムラサキババア…？,,The purple hag...?
0xda9c0,18,なに…この胸騒ぎ…,,"What is...this uneasy
feeling..."
0xda9d4,18,ムラサキカガミ…？,,The purple mirror...?
0xda9e8,18,かもしれないわね。,,Could be.
0xda9fc,18,……ダメみたい…。,,"......Looks like it
doesn't work..."
0xdaa10,18,１通ずつって事…？,,"You mean one at a
time...?"
0xdaa24,18,…そう、じゃあね。,,"...Alright, see you."
0xdaa38,18,わかんないって…。,,"I told you, I don't
know..."
0xdaa4c,18,…………そうだね。,,"..........That's
right."
0xdaa60,18,うっ…空気悪っ…。,,Ugh...what bad air...
0xdaa74,18,バッカじゃないの。,,You're such an idiot.
0xdaa88,18,廊下の奥ってこと？,,"You mean the back of
the hallway?"
0xdaa9c,18,鏡よ、鏡を使うの。,,"The mirror, we have to
use the mirror."
0xdaab0,18,…うん…わかった。,,...Yeah...got it.
0xdaac4,18,え……なにそれ…。,,"Huh......what is
that..."
0xdaad8,18,これ、旧校舎だ…。,,"This is the old
building..."
0xdaaec,18,開かないんでしょ？,,"It won't open, right?"
0xdab00,18,そうだよ、行こっ！,,"That's right, let's go!"
0xdab14,18,あんたらしいって。,,That's so like you.
0xdab28,18,…そんな気がする。,,...I have that feeling.
0xdab3c,18,（…カミカクシ…）,,"(...A mysterious
disappearance...)"
0xdab50,18,…先生…なんで…。,,...Teacher...why...
0xdab64,18,何回もかけてる訳？,,"Are you calling several
times?"
0xdab78,18,教えてくれるって。,,They say they'll tell us.
0xdab8c,18,…あ……うん……。,,"...Ah......
yeah......"
0xdaba0,18,実行したから……？,,Because I did it......?
0xdabb4,18,また…聞こえた…。,,Again...I heard it...
0xdabc8,18,カギがかかってる。,,It's locked.
0xdabdc,18,カナに電話してみる,,I'll call Kana
0xdabf0,18,えーっ、それだけ？,,"Ehh, that's all?"
0xdac04,18,なんで、それが…。,,"Why, that..."
0xdac18,18,…あたし…もう…。,,...I...already...
0xdac2c,18,それじゃないって。,,I told you that's not it.
0xdac40,18,なんだ、違うんだ。,,"Ah, that wasn't it."
0xdac54,18,わたしのクラスで…,,In my class...
0xdac68,18,そのアドレス教えて,,Give me that address
0xdac7c,18,たぶん…この辺り。,,Maybe...around here.
0xdac90,18,掃除用具入れだね。,,It's the cleaning closet.
0xdaca4,18,ムラサキカガミ…？,,The purple mirror...?
0xdacb8,18,…何の歌だっけ…。,,"...What song was
that..."
0xdaccc,18,もう大丈夫です…。,,I'm fine now...
0xdace0,18,またそういうこと。,,Not this again.
0xdacf4,18,うーん、あとは…。,,"Mmm, and also..."
0xdad08,18,わ…わらべうた…！,,"A...children's
song...!"
0xdad1c,18,コックリさんが…。,,Kokkuri-san...
0xdad30,18,じゃあ、開けるよ。,,"Alright, I'll open it."
0xdad44,18,やるじゃんミズキ！,,"Not bad, Mizuki!"
0xdad58,18,ケータイは…どこ？,,My phone...where is it?
0xdad6c,18,うん…どこから…？,,Yeah...from where...?
0xdad80,18,やばくない、それ。,,That's bad.
0xdad94,18,……わかりました。,,......Understood.
0xdada8,18,…あ、思い出した。,,"...Ah, I just
remembered."
0xdadbc,18,神隠しにあった…？,,"Did she suffer a
mysterious
disappearance...?"
0xdadd0,18,やめてよ、もう…。,,Stop it already...
0xdade4,18,これはキツネだね。,,This is a fox.
0xdadf8,18,まだ使えるのかな？,,I wonder if it still works?
0xdae0c,18,向こうの方から…？,,From the other side...?
0xdae20,18,そこに連れてって。,,Take me there.
0xdae34,18,ムラサキババア…？,,The purple hag...?
0xdae48,20,動物って…いったい。,,An animal...seriously.
0xdae60,20,ごめん、やめておくよ,,"Sorry, better not"
0xdae78,20,視力検査用の紙だね。,,"It's the paper for an eye
exam."
0xdae90,20,さっきの着メロの…？,,"The one from that
ringtone earlier...?"
0xdaea8,20,この階の奥の方……。,,"At the far end of this
floor......"
0xdaec0,20,やっぱり、やめておく,,"Better not, after all"
0xdaed8,20,廊下の奥の方から…？,,"From the far end of the
hallway...?"
0xdaef0,20,向き合う意味もある。,,"There's also meaning in
facing it."
0xdaf08,20,ふ〜ん。そうなんだ。,,Ohh. I see.
0xdaf20,20,ね、今の動物の毛…。,,"Hey, that animal's
fur..."
0xdaf38,20,探せるかもしれない。,,"Maybe we can look for
it."
0xdaf50,20,ええっ、なにそれ…。,,"Ehh, what's that..."
0xdaf68,20,どうしたらいいの…。,,What should I do...
0xdaf80,20,（しまったようです）,,"(It looks like it was put
away)"
0xdaf98,20,…わかんないよ……。,,...I don't know......
0xdafb0,20,やっぱり下？いこっ！,,"The one below, right?
Let's go!"
0xdafc8,20,楽譜とかが残ってる。,,"Some sheet music is still
here."
0xdafe0,20,…イタチのはくせい？,,...A stuffed weasel?
0xdaff8,20,あぁ……いてて……。,,Ah......ow......
0xdb010,20,聞こえなくなった…。,,I stopped hearing it...
0xdb028,20,これ以上は無理か…。,,"I guess we can't go any
further..."
0xdb040,20,発見されたんだって。,,They say it was found.
0xdb058,20,また…逃げられた…？,,Again...it got away...?
0xdb070,20,えっ？メール………？,,"Huh? An
email........?"
0xdb088,20,倉庫には行ってみた？,,"Did you go to the storage
room?"
0xdb0a0,20,……あの、先生……。,,"......Um,
teacher......"
0xdb0b8,20,うーん、無いなぁ…。,,"Mmm, there's none..."
0xdb0d0,20,（鍵がかかってる…）,,(It's locked...)
0xdb0e8,20,私は、怒ったけどね。,,"I got mad, though."
0xdb100,20,今度こそ逃がさない。,,"This time it won't get
away from me."
0xdb118,20,あとは…保健室とか？,,"And also...the nurse's
office?"
0xdb130,20,うん。行ってみよう。,,Yeah. Let's go check.
0xdb148,20,あ、ミズキ、おはよ。,,"Ah, Mizuki, morning."
0xdb160,20,飾ってあったんだよ。,,It was on display.
0xdb178,20,壁をたたいてみよっ。,,Let's knock on the wall.
0xdb190,20,…また……聞こえた。,,...Again...I heard it.
0xdb1a8,20,落ち着け…わたし…。,,Calm down...me...
0xdb1c0,20,彼女がイズミレイカ。,,That's Izumi Reika.
0xdb1d8,20,それじゃないでしょ。,,"That's not it, is it?"
0xdb1f0,20,行方が分からないの。,,"Her whereabouts are
unknown."
0xdb208,20,聞こえなくなった…。,,I stopped hearing it...
0xdb220,20,聞こえなくなった…。,,I stopped hearing it...
0xdb238,20,えっ、どういうこと？,,"Huh, what do you mean?"
0xdb250,20,あとは…うーん……。,,And also...mmm......
0xdb268,20,いや、ゼッタイいや。,,"No, absolutely not."
0xdb280,20,カギが…かかってる。,,It's...locked.
0xdb298,20,カナはどこにいるの？,,Where's Kana?
0xdb2b0,20,うーん、Ａにする！！,,"Mmm, I'll pick A!!"
0xdb2c8,20,有名な都市伝説だよ。,,"It's a famous urban
legend."
0xdb2e0,20,言ってたんだからさ。,,"Well, you said it."
0xdb2f8,20,メグミに電話してみる,,I'll call Megumi
0xdb310,20,あ、うん。そうだね。,,"Ah, yeah. That's right."
0xdb328,20,この鳴き声…カナ…？,,This sound...Kana...?
0xdb340,20,…やっぱり…キツネ…,,...After all...a fox...
0xdb358,20,…うーん、わかった。,,"...Mmm, got it."
0xdb370,20,神隠しって…気になる,,"The mysterious
disappearance...worries me"
0xdb388,20,（強い磁場の乱れ…）,,"(A strong magnetic
disturbance...)"
0xdb3a0,20,…まさか……ナナシ？,,"...No
way......Nanashi?"
0xdb3b8,20,カギが…かかってる。,,It's...locked.
0xdb3d0,20,やっぱり、やめようよ,,"Let's just drop it, after
all"
0xdb3e8,20,あ、ちょっと待って。,,"Ah, wait a moment."
0xdb400,20,今の…リコ？ミズキ？,,"Was that...Riko?
Mizuki?"
0xdb418,20,（失われていました）,,(It had been lost)
0xdb430,20,チェーンメールって…,,"That chain email
thing..."
0xdb448,20,もう、分かったよ…。,,"Alright, I get it..."
0xdb460,20,どこから…聞こえる？,,"Where...is it coming
from?"
0xdb478,20,あ、そうだっけ……。,,"Ah, was that it......"
0xdb490,20,（早く歌わないと…）,,"(I need to sing
quickly...)"
0xdb4a8,20,（早く歌わないと…）,,"(I need to sing
quickly...)"
0xdb4c0,20,なんか…不安なの…。,,"I don't know... I have a
bad feeling..."
0xdb4d8,20,そんなことないって。,,"I told you it's not like
that."
0xdb4f0,20,ねえ……聞こえない？,,"Hey... do you hear
that?"
0xdb508,20,助けに来てくれたの！,,You came to help me!
0xdb520,20,…ちょっと待って…。,,Wait a moment...
0xdb538,20,なんか…かび臭い…。,,It smells moldy...
0xdb550,20,引き寄せてしまう…。,,It's drawing us in...
0xdb568,20,あっ、中にカギが…。,,"Ah, there's a key
inside..."
0xdb580,20,外は目の前なのに…。,,"The exit is right there,
but..."
0xdb598,20,ね、さっきのカギ…。,,"Hey, that key from
before..."
0xdb5b0,20,…しょうがないな…。,,There's no other way...
0xdb5c8,20,誰かが言ってたっけ。,,"Someone mentioned it, I
think."
0xdb5e0,20,発見されたんだって。,,They say it was found.
0xdb5f8,20,…まさか……ナナシ？,,"...No
way......Nanashi?"
0xdb610,20,薬とかが入ってる…。,,"There's medicine and
stuff like that..."
0xdb628,20,それはカンベンして。,,"Please, not that."
0xdb640,20,聞こえなくなった…。,,I stopped hearing it...
0xdb658,20,地下の資料室だけど。,,"It's the basement
archive room."
0xdb670,22,…廊下に何がいるの…？,,"...What's in the
hallway...?"
0xdb688,22,あたしはじっとしてる。,,I'll just stay still.
0xdb6a0,22,そんなこと言われても。,,Even if you say that...
0xdb6b8,22,ナナシも言ってたよね。,,Nanashi said that too.
0xdb6d0,22,じゃあ、どうしたら…。,,"So, what do we do..."
0xdb6e8,22,はあ！？どういうこと？,,"Huh!? What does that
mean?"
0xdb700,22,アリサは入院中でしょ。,,"Arisa's in the hospital,
right?"
0xdb718,22,奥……向こう廊下の方？,,"At the far end... of the
other hallway?"
0xdb730,22,毛…だ……動物の毛…？,,"It's fur... animal
fur...?"
0xdb748,22,……やばいよ…これ…。,,This... this is bad...
0xdb760,22,あれは…カナ…の声…。,,"That was... Kana's
voice..."
0xdb778,22,…とり憑かれたんだ…。,,...She's possessed...
0xdb790,22,（出来るのでしょうか）,,"(Would it be possible to
do that?)"
0xdb7a8,22,なんで、そんなこと…。,,"Why would she do
something like that..."
0xdb7c0,22,旧校舎って、やばいの？,,"Is the old building
dangerous?"
0xdb7d8,22,ね、それ割れないかな。,,"Hey, can't we break
that?"
0xdb7f0,22,選ばれた人らしいって。,,"They say it's someone
chosen."
0xdb808,22,たぶん…そうだと思う。,,"I think so, maybe."
0xdb820,22,カナはいそうにないね。,,"Kana doesn't seem to be
here."
0xdb838,22,（図書室に行かなきゃ）,,"(I have to go to the
library)"
0xdb850,22,どう？学校には慣れた？,,"So? Have you gotten
used to school yet?"
0xdb868,22,キツネのはくせい……。,,A stuffed fox...
0xdb880,22,早くここから出ないと…,,"We need to get out of
here fast..."
0xdb898,22,玄関から出れるかも…。,,"Maybe we can get out
through the entrance..."
0xdb8b0,22,きたっ！ナナシからだ。,,"It's here! It's from
Nanashi."
0xdb8c8,22,そんなのがあるんだ…。,,"I didn't know something
like that existed..."
0xdb8e0,22,うん、わかりました…。,,"Yeah, understood..."
0xdb8f8,22,やっぱり旧校舎の中…？,,"So it really is inside the
old building...?"
0xdb910,22,記念だよ、キネン。ね？,,"It's just a keepsake.
That's it, okay?"
0xdb928,22,…でも疑問に思わない？,,"...But don't you think
that's strange?"
0xdb940,22,あんた、転校生でしょ？,,"You're the new girl,
right?"
0xdb958,22,リコも手伝いなさいよ。,,"Riko, you help too."
0xdb970,22,この屋上に呼んだのか。,,"So it called us to this
rooftop."
0xdb988,22,あ、信じてないでしょ。,,"Ah, you don't believe
me, do you?"
0xdb9a0,22,連絡が取れないって…。,,"They say they can't
reach her..."
0xdb9b8,22,他に手はないんでしょ？,,"There's no other option,
is there?"
0xdb9d0,22,でも、どうする、これ。,,"But, what do we do with
this?"
0xdb9e8,22,（キツネのはくせい…）,,(A stuffed fox...)
0xdba00,22,何かが起きたみたいね。,,"It looks like something
happened."
0xdba18,22,他に行ってない場所は？,,"Is there anywhere we
haven't been?"
0xdba30,22,ウワサもあったような。,,"I think there was also
that rumor."
0xdba48,22,発揮することもあるの。,,"It sometimes shows
itself, you know."
0xdba60,22,あの人が…泉レイカ…？,,"That person is... Izumi
Reika?"
0xdba78,22,タヌキのはくせいだね。,,It's a stuffed tanuki.
0xdba90,22,（あれは夢だったの？）,,(Was that a dream?)
0xdbaa8,22,なんで文字化けしたの？,,"Why did the text get
garbled?"
0xdbac0,22,倉庫は１階の奥だよね。,,"The storage room's at
the back, right?"
0xdbad8,22,…えっ、…開かない…。,,"Huh...? It won't
open..."
0xdbaf0,22,ジョーダン…やめてよ。,,"That's a joke... quit it
already."
0xdbb08,22,なんで、そんなこと…。,,"Why would she do
something like that..."
0xdbb20,22,チェーンメールの墓場？,,"The graveyard of chain
emails?"
0xdbb38,22,地下の防空壕…か……。,,"An underground air-raid
shelter...huh..."
0xdbb50,22,なんか…こもってるね。,,"Feels stuffy in here,
doesn't it?"
0xdbb68,22,写メ撮らせてよ、写メ。,,"Let me take a photo, a
photo."
0xdbb80,22,とりあえず、上に行こ。,,"For now, let's go
upstairs."
0xdbb98,22,音楽室の中に消えた…。,,"It disappeared into the
music room..."
0xdbbb0,22,“今度こそ逃がさない”,,"""This time I won't let
you get away"""
0xdbbc8,22,（あの音……そうか！）,,"(That sound... I know
now!)"
0xdbbe0,22,…ホントに中に入るの？,,"...Are we really going
in?"
0xdbbf8,22,やっぱ…やめとくよ…。,,"I think... I'll pass for
now..."
0xdbc10,22,なんで、そんなことを。,,"Why would you do
something like that."
0xdbc28,22,どの部屋を開けてみる？,,"Which room should we
open first?"
0xdbc40,22,時間の軸がぶれてる…。,,"The axis of time is
distorted..."
0xdbc58,22,…ちょっと…言いすぎ…,,"...That... was too
much..."
0xdbc70,22,ううっ……ううっ……。,,Ugh... ugh...
0xdbc88,22,…しょうがないでしょ…,,"...There's no other
way, you know..."
0xdbca0,22,奥には防空壕もあるの。,,"There's a shelter further
in too."
0xdbcb8,23,"？
蓄音機がどうしたの？",,"?
What about the
phonograph?"
0xdbcd0,24,…鳴き声が…止まった…。,,"...The sound...
stopped..."
0xdbcec,24,これで何とかなりそうね。,,"I think this should sort it
out."
0xdbd08,24,じゃ…あの声は誰なの…？,,"So... whose voice was
that?"
0xdbd24,24,そう。つまりその場所は？,,"I see. So that place
is...?"
0xdbd40,24,…いったい何があったの？,,"...What exactly
happened?"
0xdbd5c,24,ね、どうしたらいいの…。,,"Hey, what do we do
now..."
0xdbd78,24,これで何とかなりそうね。,,"I think this should sort it
out."
0xdbd94,24,マジでヤバすぎだよ……。,,"This is way too messed
up, seriously..."
0xdbdb0,24,リコ…もう少し考えて…。,,"Riko... think about it a
little more..."
0xdbdcc,24,…ミズキは怖くないの…？,,"...Mizuki, aren't you
scared...?"
0xdbde8,24,気が向いたら使ってみて。,,"Use it whenever you feel
like it."
0xdbe04,24,いまどき神隠しなんて…。,,"A kamikakushi in this day
and age..."
0xdbe20,24,神隠しのウワサも旧校舎…,,"The kamikakushi rumor
is from there too..."
0xdbe3c,24,偶然かもしれないけど…。,,"It might be a
coincidence, but..."
0xdbe58,24,ベッドの下にいたりして。,,"Maybe it's under the
bed."
0xdbe74,24,聞こえることがあるって。,,"They say you can
sometimes hear it."
0xdbe90,24,（花壇を調べてみよう…）,,"(I'll go check the
garden...)"
0xdbeac,24,ほら…ユウタってウワサ。,,"Look... the rumor about
Yuuta."
0xdbec8,24,なんか関係があるかもね。,,"It might have something
to do with it."
0xdbee4,24,霊力が高まるって噂が…。,,"They say your spiritual
power increases..."
0xdbf00,24,何に使われてたんだろう？,,"What could this have
been used for?"
0xdbf1c,24,架空のアドレスに送るの。,,"It's sent to a fake
address."
0xdbf38,24,広げるような気がして…。,,"I feel like it's spreading
it..."
0xdbf54,24,すぐ削除すればいいのよ。,,"You just have to delete it
right away."
0xdbf70,24,聞こえることがあるって。,,"They say you can
sometimes hear it."
0xdbf8c,24,…ってことは３階…か…。,,"So it's on the third
floor..."
0xdbfa8,24,（とクギを刺されました）,,"(I was clearly warned
about it)"
0xdbfc4,24,聞こえることがあるって。,,"They say you can
sometimes hear it."
0xdbfe0,24,怒っちゃった？ごめんね。,,"Did I make you mad?
Sorry."
0xdbffc,24,…用がないなら帰るけど。,,"...If you don't need
anything, I'm heading
home."
0xdc018,24,かわいくてびっくりした？,,"Were you surprised how
pretty she is?"
0xdc034,24,レイカに相談してみない？,,"Why don't we ask Reika
about it?"
0xdc050,24,しっかり探して、ミズキ。,,"Search carefully,
Mizuki."
0xdc06c,24,じゃあ、このキツネも…。,,"So, this fox too..."
0xdc088,24,とりあえず、昇降口かな？,,"For now, should it be
the main entrance?"
0xdc0a4,24,新聞…？字が読めない…。,,"A newspaper...? I can't
read the letters..."
0xdc0c0,24,…やっぱりダメ！怖いよ。,,"...No, I can't! It's
scary."
0xdc0dc,24,おばあちゃんが言ってた。,,"My grandma used to say
that."
0xdc0f8,24,１階から声が聞こえたよ。,,"I heard a voice from the
first floor."
0xdc114,24,えっ、でもここは地下…。,,"Huh, but this is the
basement..."
0xdc130,24,とにかく、外に逃げよう。,,"Anyway, let's escape
outside."
0xdc14c,24,２組のハヤカワ…ミズキ。,,"Hayakawa, from class
2... Mizuki."
0xdc168,24,ほら、この壁の感じとか。,,"Look, the feel of this
wall."
0xdc184,24,なに、自己紹介してんの。,,"What, are you
introducing yourself?"
0xdc1a0,24,気のせいでしょ…急ごっ。,,"It's probably your
imagination, hurry up."
0xdc1bc,24,その直後に電話が切れた。,,"Right after that, the call
cut off."
0xdc1d8,24,それは鏡じゃないでしょ。,,"That's not a mirror, is
it?"
0xdc1f4,24,ウワサは聞いたことが…。,,I've heard the rumor...
0xdc210,24,昔、音楽室だったのかな？,,"Was this the music room
before?"
0xdc22c,24,…わたしからも、お願い！,,"...I'm asking you too,
please!"
0xdc248,24,霊力が高まるって噂が…。,,"They say your spiritual
power increases..."
0xdc264,24,それは鏡じゃないでしょ。,,"That's not a mirror, is
it?"
0xdc280,24,チェーンメールの墓場…？,,"The graveyard of chain
emails...?"
0xdc29c,24,ここはどこ？この音は…？,,"Where am I? What is this
sound...?"
0xdc2b8,24,ナナシはそれを知ってて、,,"Nanashi knew that, and"
0xdc2d4,24,…動物の…鳴き声じゃない,,"...It's not the sound of
an animal..."
0xdc2f0,24,押さえてるような感じ…。,,"It feels like something is
holding it back..."
0xdc30c,24,…すごく重い空気だった。,,"...The atmosphere felt
really heavy."
0xdc328,24,そんなことって、あるの？,,Can that really happen?
0xdc344,24,“霊と対話できる…とか”,,"""They say you can talk
with spirits..."""
0xdc360,24,霊力が高まるって噂が…。,,"They say your spiritual
power increases..."
0xdc37c,24,他の方法を探しましょう。,,"Let's look for another
way."
0xdc398,24,他の方法っていっても…。,,"Even if you say another
way..."
0xdc3b4,24,じゃあ、カナたちはどこに,,"Then, where are Kana
and the others"
0xdc3d0,24,わたしもやってみようかな,,I think I'll try it too.
0xdc3ec,24,（鏡はどこにあるの……）,,"(Where could the mirror
be......)"
0xdc408,24,………もう、わかったよ。,,"...........Alright, I
get it."
0xdc424,24,じゃあ、やっぱりこの階？,,"So it's this floor after
all?"
0xdc440,24,こっちは割れている……。,,"This one is
broken......"
0xdc45c,24,じゃあ、一緒に開けるよ。,,"Alright, let's open it
together."
0xdc478,24,安らかにお眠りください。,,"Please, rest in peace."
0xdc494,24,つまり鬼門に位置するの。,,"So it's positioned in the
cursed direction."
0xdc4b0,24,したことが原因なんだし。,,"It's because of
something we did."
0xdc4cc,24,あー、たしかにそうだね。,,"Ah, that's true, you're
right."
0xdc4e8,24,霊力が高まるって噂が…。,,"They say your spiritual
power increases..."
0xdc504,24,また、レトロなガス管…。,,Old gas pipes again...
0xdc520,24,げっ、まだガスが出る…。,,"Ugh, gas is still coming
out..."
0xdc53c,24,レイカが教えたとおりだ。,,It's just like Reika said.
0xdc558,24,はくせいが…鳴いてる…？,,"The stuffed animal... is
it growling...?"
0xdc574,24,…どこから…聞こえるの？,,"...Where... is that
sound coming from?"
0xdc590,25,"クラスメイトなの。
以上。",,"She's a classmate.
That's all."
0xdc5ac,26,爆弾があるから気をつけて。,,"Be careful, there's a
bomb."
0xdc5c8,26,うーん、もうないと思うよ。,,"Mmm, I don't think
there's any more."
0xdc5e4,26,キツネ…コックリさん……。,,"A fox...
Kokkuri-san......"
0xdc600,26,昔からこんな感じなんだ…。,,"It's always been like
this..."
0xdc61c,26,霊が鏡を恐れている証拠よ。,,"Proof that the spirit
fears it."
0xdc638,26,ナナシの正体を知ってるの？,,"Do you know who
Nanashi really is?"
0xdc654,26,ダンボールが積まれてる…。,,"There are cardboard
boxes stacked up..."
0xdc670,26,カナやメグミはどうするの？,,"What's going to happen
with Kana and Megumi?"
0xdc68c,26,でも、どこから…逃げたら。,,"But, which way... do
we escape."
0xdc6a8,26,他のところも調べてみよう。,,"Let's check other places
too."
0xdc6c4,26,あ、消火器をぶつければ…。,,"Ah, if I hit it with the
fire extinguisher..."
0xdc6e0,26,…わたしのクラスで、２人、,,"...In my class, two
people,"
0xdc6fc,26,あたしたち…帰ってきたの？,,Did we... make it back?
0xdc718,26,ウワサは昔からあったから。,,"The rumor's been
around for a while."
0xdc734,26,じゃあ…ウワサはホント…？,,"So... the rumor is
true...?"
0xdc750,26,ね、やっぱり、やめようよ。,,"Hey, let's not do it after
all."
0xdc76c,26,え、あの２人、知ってるの？,,"Huh, do those two
know?"
0xdc788,26,ああ、思い出しちゃった…。,,"Ah, I just
remembered..."
0xdc7a4,26,先生はその時、転送したの？,,"Did the teacher forward
it that day?"
0xdc7c0,26,しょっちゅう出たんだよね。,,"It used to show up all the
time, you know."
0xdc7dc,26,どこから聞こえるんだろう？,,"Where could that sound
be coming from?"
0xdc7f8,26,霊が鏡を恐れている証拠よ。,,"Proof that the spirit
fears it."
0xdc814,26,…わかったよ。１回だけね。,,"...Fine. Just once,
okay."
0xdc830,26,その時も何にもなかったし。,,"Nothing happened that
time either."
0xdc84c,26,秘密を教えてあげるからさ。,,I'll tell you a secret.
0xdc868,26,なんで、わたしが見なきゃ。,,Why do I have to look.
0xdc884,26,…わかった…やってみる…。,,"...Alright... I'll give it
a try..."
0xdc8a0,26,これ…メグミのケータイだ。,,This is Megumi's phone.
0xdc8bc,26,ね、ちょっと調べてみない？,,"Hey, don't you want to
take a look?"
0xdc8d8,26,戦争中の生徒会日誌だって。,,"They say it's the student
council journal from the
war."
0xdc8f4,26,いざという時は安全かも…。,,"It might be safe in an
emergency..."
0xdc910,26,気を取り直して、はじめよ。,,"Cheer up, let's begin."
0xdc92c,26,いまさら、なに言ってるの！,,"What are you saying
now, this late!"
0xdc948,26,わたしだって信じられない。,,"Even I can't believe it
myself."
0xdc964,26,最近生徒にすすめているのが,,"What she's been
recommending to
students lately"
0xdc980,26,倉庫のほうから聞こえるよ。,,"It's coming from the
storage room."
0xdc99c,26,どうぞ…お帰りください…。,,"Please... return to your
place..."
0xdc9b8,26,やだよ、早く外に出ようよ。,,"I don't want to, let's
get out of here fast."
0xdc9d4,26,それで、まずはどこに行く？,,"So, where do we go
first?"
0xdc9f0,26,（いけなかったのでしょう）,,"(I shouldn't have gone
there, should I?)"
0xdca0c,26,うん、解除したんだけど…。,,"Yeah, I turned it off,
but..."
0xdca28,26,（いけなかったのでしょう）,,"(I shouldn't have gone
there, should I?)"
0xdca44,26,うん、解除したんだけど…。,,"Yeah, I turned it off,
but..."
0xdca60,26,（カギがかかっていない…）,,(It's not locked...)
0xdca7c,26,（長い間疲れてないのね…）,,"(It hasn't gotten tired in
all this time...)"
0xdca98,26,ここは、わたしにまかせて。,,Leave this to me.
0xdcab4,26,ムラサキカガミ…ってこと？,,"So it's... Murasaki
Kagami?"
0xdcad0,26,じゃあ、別のところ調べよ。,,"Then, let's check
somewhere else."
0xdcaec,26,（さっきの…２人の会話…）,,"(That conversation from
earlier...the two of
them...)"
0xdcb08,26,なんで、鏡が割られてるの？,,"Why is the mirror
broken?"
0xdcb24,26,（看護師…？戦時中の…？）,,"(A nurse...? From the
war...?)"
0xdcb40,26,“気のせいでしょ…急ごっ”,,"""It's probably your
imagination, hurry up"""
0xdcb5c,26,また紫にぬりつぶされてる。,,"It's painted purple
again."
0xdcb78,26,なら…どうしたら、いいの？,,"Then... what do we do
now?"
0xdcb94,26,ね、これってワナじゃない？,,"Hey, isn't this a trap?"
0xdcbb0,26,（よかったと思いたいです）,,"(I want to believe it was
for the best)"
0xdcbcc,26,でも…わたし、やっぱり…。,,"But... me, actually..."
0xdcbe8,26,おまじないとか、占いとか。,,"Things like spells or
fortune-telling."
0xdcc04,26,ロッカーだね。調べてみる？,,"It's a locker. Should we
check it?"
0xdcc20,26,カナのケータイ探さないの？,,"Aren't we going to look
for Kana's phone?"
0xdcc3c,26,ケータイ、見つからないね。,,"The phone's nowhere to
be found."
0xdcc58,26,だから…外に出られないの？,,"Is that why... we can't
get out?"
0xdcc74,26,今は邪悪な気配を感じない。,,"I don't sense an evil
presence right now."
0xdcc90,26,なにこれ…薬品くさっ……。,,"What is this... it smells
like chemicals..."
0xdccac,27,"そうだね。
どうする、リコ？",,"That's true. What do we
do, Riko?"
0xdccc8,28,まるで…本当にいるような…。,,"It really feels like it's
here..."
0xdcce8,28,大丈夫？レイカ？顔色悪いよ。,,"Are you okay? Reika?
You look pale."
0xdcd08,28,ここにいるのはつらいかも…。,,"It might be tough staying
here..."
0xdcd28,28,旧校舎に対する鬼門ってこと？,,"It's the cursed
direction, right?"
0xdcd48,28,アリサの声とは違うと思うよ。,,"I don't think that's
Arisa's voice."
0xdcd68,28,ちょっとミズキ、どこ行く気？,,"Hey Mizuki, where are
you going?"
0xdcd88,28,決して間違っていないと思う。,,"I don't think it's wrong
at all."
0xdcda8,28,ははっ…笑うしかないよ……。,,"Haha... all I can do is
laugh..."
0xdcdc8,28,無かったときは、それまでよ。,,"If there's nothing there,
so be it."
0xdcde8,28,クラスメイトのあなたでしょ。,,"You're her classmate,
right?"
0xdce08,28,たぶん…ナゾを解かないと…。,,"We might need to solve
this..."
0xdce28,28,わたしたち…帰って来れたの？,,"Did we... manage to get
back?"
0xdce48,28,今…動物の鳴き声と足音が…。,,"Right now I hear
footsteps and
howling..."
0xdce68,28,…こんなところにキツネの霊？,,"...A fox spirit, in a
place like this?"
0xdce88,28,（図書室は逆方向だっけ……）,,"(Was the library the
other way......?)"
0xdcea8,28,みんな、ひどいやけどに傷…。,,"Everyone has severe
burns..."
0xdcec8,28,それって…チェーンメール…。,,"That's... a chain
email..."
0xdcee8,28,クラスメイトのあなたでしょ。,,"You're her classmate,
right?"
0xdcf08,28,でも、いまどき神隠しって…。,,"But, a kamikakushi in
this day and age..."
0xdcf28,28,今…動物の鳴き声と足音が…。,,"Right now I hear
footsteps and
howling..."
0xdcf48,28,…こんなところにキツネの霊？,,"...A fox spirit, in a
place like this?"
0xdcf68,28,じゃ、先に図書室行ってるね。,,"Alright, I'll go on ahead
to the library."
0xdcf88,28,思わず声をかけたんだけど…。,,"I ended up talking to her
without meaning to,
but..."
0xdcfa8,28,合唱コンクール…のポスター？,,"A poster... for the choir
competition?"
0xdcfc8,28,そんなサイトがあるんですか？,,Is there a site like that?
0xdcfe8,28,あと…見落としてる場所は…。,,"...What place could we
be missing..."
0xdd008,28,１階はもう…ないんじゃない？,,"There's nothing left on
the first floor, right?"
0xdd028,28,人間をだますのは珍しくない。,,"It's not unusual for it to
trick humans."
0xdd048,28,誰だったか、思い出せないや。,,"I can't remember who it
was."
0xdd068,28,決して間違っていないと思う。,,"I don't think it's wrong
at all."
0xdd088,28,また…動物の毛が…落ちてた。,,"Again... there was
animal fur..."
0xdd0a8,28,無かったときは、それまでよ。,,"If there's nothing there,
so be it."
0xdd0c8,28,ほら、都市伝説とか怖い話の。,,"You know, urban
legends and stuff like
that."
0xdd0e8,28,まだ爆発するかもしれないよ。,,It could still explode.
0xdd108,28,クラスメイトのあなたでしょ。,,"You're her classmate,
right?"
0xdd128,28,早くケーサツに届けないと…。,,"We need to tell the police
quickly..."
0xdd148,28,ミズキ、さっき見つけたアレ。,,"Mizuki, that thing from
earlier."
0xdd168,28,今…後ろで足音がしたけど…。,,"Just now... I heard
footsteps behind me,
but..."
0xdd188,28,やっぱり…本当だったんだ…。,,"So it really was true
after all..."
0xdd1a8,28,今…動物の鳴き声と足音が…。,,"Right now I hear
footsteps and
howling..."
0xdd1c8,28,…こんなところにキツネの霊？,,"...A fox spirit, in a
place like this?"
0xdd1e8,28,（転送…でも今ケータイは…）,,"(Forward it... but right
now my phone...)"
0xdd208,28,なんだろう…落ち着かない…。,,"I don't know... I can't
calm down..."
0xdd228,28,せめてレイカが来てからでも。,,"At least once Reika gets
here."
0xdd248,28,レイカもオススメしないって。,,"Reika doesn't
recommend it either."
0xdd268,28,おまえら…ここで何やってる？,,"You guys... what are
you doing here?"
0xdd288,28,気配を感じることがあるの…。,,"I sometimes feel a
presence..."
0xdd2a8,28,クラスメイトのあなたでしょ。,,"You're her classmate,
right?"
0xdd2c8,28,ね、レイカに相談してみない？,,"Hey, don't you want to
ask Reika about it?"
0xdd2e8,28,とにかく早くここから出よう。,,"Anyway, let's get out of
here fast."
0xdd308,28,今…動物の鳴き声と足音が…。,,"Right now I hear
footsteps and
howling..."
0xdd328,28,…こんなところにキツネの霊？,,"...A fox spirit, in a
place like this?"
0xdd348,28,最近、また流行ってるそうね。,,"They say it's popular
again these days."
0xdd368,28,“こんなメール、初めて見た”,,"""I'd never seen an email
like that"""
0xdd388,28,…たしかに、したんだけど…。,,"It's true that I did it,
but..."
0xdd3a8,28,カギがないと、入れないよ…。,,"Without the key we can't
get in..."
0xdd3c8,28,地下にはもう何もなさそうね。,,"There doesn't seem to
be anything left down
here."
0xdd3e8,28,…カナのケータイの着メロだ。,,"...It's Kana's phone
ringtone."
0xdd408,28,もう１回…合わせ鏡してみる。,,"Let's try the double
mirror again."
0xdd428,28,…ミズキ？また…聞こえた…。,,"...Mizuki? Again... I
heard it..."
0xdd448,28,信じることが大事だと思うの。,,"I think believing is what
matters."
0xdd468,28,…うん、入るしかないでしょ。,,"...Yeah, there's
nothing to do but go in."
0xdd488,28,…わかった、わたしも信じる。,,"...Alright, I'll believe
too."
0xdd4a8,28,（間違いを教えてくれました）,,"(They corrected my
mistake)"
0xdd4c8,28,これ持つと、意外と重いよ…。,,"It's heavier than I
thought once you pick it
up..."
0xdd4e8,28,たぶん、これ桐塚の近所だよ。,,"I think this is near
Kirizuka."
0xdd508,28,さすがにムリだと思うけど…。,,"Though I think that's
actually impossible..."
0xdd528,29,"ナニもいない……。
なんで…。",,"There's no one
here...... Why..."
0xdd548,29,"そう。
行ってみようよ、地下。",,"Yeah. Let's go to the
basement."
0xdd568,29,"そうそう。
花子さんの親戚で、",,"That's right. A relative
of Hanako-san,"
0xdd588,29,"そう。
行ってみようよ、地下。",,"Yeah. Let's go to the
basement."
0xdd5a8,29,"違うでしょ！
ムラサキカガミ！",,"That's not it! It's
Murasaki Kagami!"
0xdd5c8,29,"わかりました。
送ってみます。",,"Understood. I'll try
sending it."
0xdd5e8,29,"そう。
行ってみようよ、地下。",,"Yeah. Let's go to the
basement."
0xdd608,30,（はくせい…。これはタヌキね）,,"(A stuffed animal...
This one's a tanuki)"
0xdd628,30,危険なことには変わらないけど。,,"Though it's still
dangerous."
0xdd648,30,ひょっとして、とり憑かれた…？,,"Could it be... that I'm
possessed...?"
0xdd668,30,きっとまだ…近くにいるはず…。,,"It's definitely still
nearby..."
0xdd688,30,うん。何かの本に書いてあった。,,"Yeah. I read it in some
book."
0xdd6a8,30,これじゃ２階には上がれないね。,,"We can't get up to the
second floor like this."
0xdd6c8,30,仕方ないよ。別の階段を探そう。,,"No choice. Let's look for
another staircase."
0xdd6e8,30,古い机…。天板が傷だらけだね。,,"An old desk... the
top's covered in
scratches."
0xdd708,30,…うん、アリサの事も…。あっ。,,"Yeah, Arisa's thing
too... Ah."
0xdd728,30,でも、わたしもなんともないし。,,"But, nothing happened
to me either."
0xdd748,30,…なんて、いるわけないでしょ。,,"...There's no way that
exists, right."
0xdd768,30,サクライユウタと親友ってこと。,,"So she's Sakurai
Yuuta's close friend."
0xdd788,30,（カナは無事に戻ってきました）,,"(Kana returned safe and
sound)"
0xdd7a8,30,でも、どうやって、見つけるの？,,"But, how are we going to
find it?"
0xdd7c8,30,そ、手がかりを教えてもらうの。,,"Right, they give us a
clue."
0xdd7e8,30,（まだ薬品が残ってるのね……）,,"(There's still chemicals
left here......)"
0xdd808,30,今…毛が風でかすかになびいた。,,"Just now... the fur
moved in the wind."
0xdd828,30,まさか…不発弾があるなんて…。,,"No way...there's an
unexploded bomb..."
0xdd848,30,（合唱コンクールのポスター？）,,"(A poster for the choir
competition?)"
0xdd868,30,直接メールをもらったんでしょ？,,"You got the email
directly, right?"
0xdd888,30,もう十分アドバイスしたでしょ。,,"I've already given you
enough advice."
0xdd8a8,30,（やっぱり…コックリさんの…）,,"(So it really is...
Kokkuri-san's
doing...)"
0xdd8c8,30,（ミズキたちはどこにいるの？）,,"(Where could Mizuki and
the others be?)"
0xdd8e8,30,（まずは１階を調べないと……）,,"(First I need to check
the first floor......)"
0xdd908,30,（まずは１階を調べないと……）,,"(First I need to check
the first floor......)"
0xdd928,30,鏡が…紫に塗りつぶされてる…。,,"The mirror... it's
painted purple..."
0xdd948,30,合わせ鏡でカナを探しましょう。,,"Let's use the double
mirror to find Kana."
0xdd968,30,クスリのにおいって、ここから？,,"Is that medicine smell
coming from here?"
0xdd988,30,ナゾを解く必要があると思うの。,,"I think we need to solve
the riddle."
0xdd9a8,30,この中にいることは間違いない。,,It's definitely in here.
0xdd9c8,30,“今…後ろで足音がしたけど…”,,"""Just now... I heard
footsteps behind me,
but..."""
0xdd9e8,30,聞かせてもらったことあるから。,,"Because I've already
been told about it
before."
0xdda08,30,合わせ鏡でカナを探しましょう。,,"Let's use the double
mirror to find Kana."
0xdda28,30,音楽室をよく探してみましょう。,,"Let's search the music
room carefully."
0xdda48,30,ダメだよ、そんな風に考えちゃ。,,"No, don't think that
way."
0xdda68,30,え〜。そんなとこにあるかなあ？,,"Huh. Would it really be
in a place like that?"
0xdda88,30,誰かが…後ろから…わたしを…。,,"Someone... from
behind... me..."
0xddaa8,30,ま、ウワサだし、気にしないで。,,"Well, it's just a rumor,
don't worry about it."
0xddac8,30,…ケータイ、落ちてないかなあ。,,"...I wonder if the phone
fell around here."
0xddae8,30,待ってミズキ。もう少し調べよ！,,"Wait, Mizuki. Let's look
around a bit more!"
0xddb08,30,ここ、何かある気がするんだ…。,,"I feel like there's
something here..."
0xddb28,30,この写真、…どこで見つけたの？,,"This photo...where did
you find it?"
0xddb48,30,違う…はくせいからじゃない…。,,"No... it's not coming
from the stuffed
animal..."
0xddb68,31,"…ね、知ってる？
ナナシの正体。",,"Hey, do you know...?
Who Nanashi really is."
0xddb88,31,"大丈夫。
あたしがついてるって。",,"It's okay. I'm right
here with you."
0xddba8,31,"…わかった。
わたしも、入る…。",,"...Alright. I'm going in
too..."
0xddbc8,32,焦るのは分かるけど、落ち着いて。,,"I know you're anxious,
but calm down."
0xddbec,32,わかんないよ…でも何かいる……。,,"I don't know... but
there's something
here..."
0xddc10,32,ナナシの真意はわからないけど…。,,"I don't know what
Nanashi really wants..."
0xddc34,32,でも、これ以上深入りするのは…。,,"But, getting more
involved in this..."
0xddc58,32,みんな心配してるよ。連絡して…。,,"Everyone's worried. Let
them know..."
0xddc7c,32,わたしだって、怖いよ、死ぬほど。,,"I'm scared too,
honestly, to death."
0xddca0,32,（事件は解決したかに見えました）,,"(It seemed like the case
had been resolved)"
0xddcc4,32,いろいろ怖いウワサがあるけど…。,,"There are various scary
rumors, but..."
0xddce8,32,入院したアリサが何か話したかも。,,"Maybe Arisa, who's in
the hospital, said
something."
0xddd0c,32,ちょっとお高くとまってるけどね。,,"Though she's a little
stuck-up."
0xddd30,32,他の鏡は使えないから、貴重かも。,,"The other mirrors don't
work, so this one might
be valuable."
0xddd54,32,…先生、受け取ったことあります？,,"Teacher, have you ever
received one?"
0xddd78,32,いるから、それ以上は広がらない。,,"Since it exists, it won't
spread any further."
0xddd9c,32,ええ、検索すればすぐ出てくるわ。,,"Yeah, if you search for
it, it comes right up."
0xdddc0,32,でも、３階の音楽室との関係って？,,"But, what does it have
to do with the third
floor?"
0xddde4,32,（今…声が…いったいどこから…）,,"(That voice... where
could it be coming
from...)"
0xdde08,32,地図にある音楽室の方だと思う…。,,"I think it's the music
room on the map..."
0xdde2c,32,…でも、なんでわたしたちだけ…。,,"...But, why only us..."
0xdde50,32,…でも、たしかに“神隠し”だよ。,,"...But, it really is a
kamikakushi."
0xdde74,32,どうして、ナナシがあたしたちを、,,"Why would Nanashi
target us,"
0xdde98,32,ナナシってさ、性格暗そうじゃん。,,"Nanashi seems to have a
dark personality."
0xddebc,32,近い部屋から順番に調べていこう。,,"Let's check the nearest
rooms first."
0xddee0,32,うーん…でも、…ちょっと不安が。,,"Mmm... but, I'm a
little scared."
0xddf04,32,ナナシの真意はわからないけど…。,,"I don't know what
Nanashi really wants..."
0xddf28,32,あんたのクラスのマサキとユウタ。,,"Masaki and Yuuta, from
your class."
0xddf4c,32,ほら、旧校舎が死体置き場とか…。,,"You know, that the old
building used to be a
morgue..."
0xddf70,32,文字化けは…呪われた証拠じゃ…。,,"The garbled text...is
proof of a curse..."
0xddf94,32,あ、さっきの写真と同じじゃない？,,"Ah, isn't this the same
photo as before?"
0xddfb8,32,あの時…近くで声が聞こえたの…。,,"At that moment...a
voice sounded
nearby..."
0xddfdc,32,ミョーに息苦しいし、蒸し暑いね。,,"That's weird, it's hard
to breathe and it's hot."
0xde000,32,…あの時……鋭い視線を感じた…。,,"...At that moment...I
felt a piercing gaze..."
0xde024,32,わたしも…一時間も耐えられない。,,"I couldn't...last even
an hour either."
0xde048,32,なにかを訴えるようなまなざしを。,,"A look like it wanted to
say something."
0xde06c,32,まるで…時間が止まったみたい…。,,"It's like time had
stopped..."
0xde090,32,…わたし、２年１組のハヤカワ…。,,"...I'm Hayakawa, from
second year, class
one..."
0xde0b4,32,あながち、否定はできないかも…。,,"Maybe it can't be
completely denied..."
0xde0d8,32,あそこはちょっと違う気がする…。,,"I feel like that place is
different..."
0xde0fc,32,これもチェーンメールの呪いなの？,,"Is this also the chain
email's curse?"
0xde120,32,…２時すぎ…、…ウシミツドキ…。,,"...Just after two...the
witching hour..."
0xde144,32,メグミとカナを助けたいんでしょ？,,"You want to save Megumi
and Kana, right?"
0xde168,32,…さっきから、視線を感じるの…。,,"For a while now...I've
felt like I'm being
watched..."
0xde18c,32,（たぶん正解は…合わせ鏡の方…）,,"(I think the answer is
the double mirror...)"
0xde1b0,32,早くコックリさんを探さないと…。,,"We need to find
Kokkuri-san quickly..."
0xde1d4,32,たしかに…この中に音が消えた…。,,"That's right...the
sound disappeared in
here..."
0xde1f8,32,さっきより、音が大きくなってる？,,"Did the sound get louder
than before?"
0xde21c,32,鏡の破片…これ、まだ使えそう…。,,"A piece of mirror...it
looks like it might still
work..."
0xde240,32,あれ…この置き台…取っ手がある。,,"Wait...this stand has a
handle."
0xde264,32,（新校舎の屋上で倒れていました）,,"(She was found
unconscious on the new
building's rooftop)"
0xde288,32,保健室とか宿直室とかは調べたの？,,"Did you check the
nurse's office or the
night-duty room?"
0xde2ac,32,ごめんね、キモいなんて言って…。,,"Sorry for saying it was
gross..."
0xde2d0,32,これ、蓄音機だよね、動くのかな？,,"This is a phonograph,
right? I wonder if it still
works?"
0xde2f4,32,…ひょっとして…コックリさんの？,,"Could it be...that it's
from Kokkuri-san?"
0xde318,32,あなたたちを陥れるための罠かも。,,"It could be a trap to
bring you down."
0xde33c,32,ケータイに…録音されたまんま…。,,"It was recorded on the
phone, exactly as it
was..."
0xde360,32,たしかに着メロ、聞こえたのに…。,,"The ringtone really did
play, but..."
0xde384,32,たしか、恐怖の心霊写真特集とか。,,"I think it was a special
about scary ghost
photos."
0xde3a8,32,たぶんキツネの霊のせいだと思う。,,"I think it's because of
the fox spirit."
0xde3cc,32,だからアリサだけ元に戻れたんだ。,,"That's why only Arisa
was able to go back to
normal."
0xde3f0,33,"…えっ…、廊下にいるの？
動物が？",,"Huh, is there something
in the hallway? An
animal?"
0xde414,33,"なに…この胸騒ぎ…。
………はっ。",,"What is this uneasy
feeling......Ah."
0xde438,33,"そう…。
なら、探すしかないわね。",,"I see...Then, we just
have to look."
0xde45c,33,"怖いよ、死ぬほど。
わたしだって。",,"I'm really scared. Me
too."
0xde480,33,"前の学校の？
制服、目立ってんね。",,"From your old school?
The uniform stands out."
0xde4a4,33,"そう…。
なら、探すしかないわね。",,"I see...Then, we just
have to look."
0xde4c8,33,"これ。
今日、図書室で調べたんだ。",,"This. I looked it up today
in the library."
0xde4ec,33,"これ。
今日、図書室で調べたんだ。",,"This. I looked it up today
in the library."
0xde510,33,"これ。
今日、図書室で調べたんだ。",,"This. I looked it up today
in the library."
0xde534,33,"内側でしょ。
ロックはずせないの？",,"It's from the inside.
Can't you unlock it?"
0xde558,33,"内側でしょ。
ロックはずせないの？",,"It's from the inside.
Can't you unlock it?"
0xde57c,33,"壊れてる…？
あたしもやってみる。",,"Is it broken...? Let me
try too."
0xde5a0,33,"じゃあ、開けるよ。
３…２…１…。",,"Alright, I'll open it.
Three... two...
one..."
0xde5c4,35,"この鳴き声…。
…なんかヘンだよ…。",,"This
sound...Something's
off..."
0xde5e8,35,"すごい…重い空気…。
５分が限界ね。",,"What a heavy
atmosphere...Five
minutes is the limit."
0xde60c,35,"…人間が動物の鳴き声を
まねてる…。",,"...A human is imitating
animal sounds..."
0xde630,35,"…わたし、なんとなく
わかる気が…。",,"...I feel like I sort of
understand..."
0xde654,35,"そこの教室から聞こえたんじゃ
ない？",,"Couldn't it have come
from that classroom?"
0xde678,35,"…ケータイで助けを
求めようとして、",,"...She was trying to call
for help on her phone,"
0xde69c,35,"地下じゃなくて、この階を
探そうよ。",,"Let's search this floor,
not the basement."
0xde6c0,35,"昨日の夜、ヘンなメール
こなかった？",,"Didn't you get a weird
email last night?"
0xde6e4,35,"って、おばあちゃんが
言ってました。",,"That's what my
grandmother said."
0xde708,35,"ここにカナが寝てたら…
こわいよね。",,"If Kana slept here...
that's scary."
0xde72c,35,"これは別に紫色に塗られて
ないけど。",,"This one isn't painted
purple."
0xde750,35,"さっき音楽室で
思い出したんだけど。",,"I remembered something
back in the music room."
0xde774,35,"生まれることもあるから
気をつけて。",,"They sometimes appear,
so be careful."
0xde798,35,"さっき音楽室で
思い出したんだけど。",,"I remembered something
back in the music room."
0xde7bc,35,"先生が冬服までは、前ので
いいって。",,"The teacher said the old
one's fine until winter."
0xde7e0,35,"さっき音楽室で
思い出したんだけど。",,"I remembered something
back in the music room."
0xde804,35,"コックリさんの元となった
キツネが。",,"The fox that Kokkuri-san
originated from."
0xde828,35,"ナナシに選ばれても
メーワクなだけ。",,"Being chosen by Nanashi
is just a hassle."
0xde84c,35,"コックリさんしたこと
あるんだから。",,"Because I've already
done the Kokkuri-san
thing."
0xde870,35,"今窓を割ったら、外の霊に
襲われる。",,"If we break the window,
the spirit outside will
attack us."
0xde894,35,"一緒にコックリさんして
くれたらね。",,"Maybe, if you do
Kokkuri-san with me."
0xde8b8,35,"よかった。
じゃあ、秘密、教えるね。",,"Great. Then, I'll tell you
the secret."
0xde8dc,35,"３人でコックリさんしたこと
あるの。",,"The three of us did
Kokkuri-san once."
0xde900,35,"私はトイレの鏡の破片を
拾ったけど、",,"I picked up a piece of the
bathroom mirror,"
0xde924,35,"そ、コックリさんを。
そこで見てて。",,"Yeah, Kokkuri-san.
Watch from over there."
0xde948,35,"あたしたち、
選ばれた人じゃないの？",,"Aren't we the chosen
ones?"
0xde96c,35,"早く出よっ、もう十分調べた
でしょ。",,"Let's go already, we've
checked enough."
0xde990,35,"そうね…とても強い霊気を
感じる…。",,"That's right...I feel a
really strong spiritual
energy..."
0xde9b4,35,"１番大きかったのも、
この地域だし。",,"And the biggest one was
also in this area."
0xde9d8,35,"カナたちは旧校舎で呪われたん
だよ。",,"Kana and the others
were cursed in the old
building."
0xde9fc,35,"やっぱり…来なかったね…、
レイカ。",,"In the end...she didn't
come, did she...Reika."
0xdea20,35,"あたしがついてるから
ダイジョーブ。",,"I'm right here with you,
so don't worry."
0xdea44,35,"さっきのクイズが正しかったん
だよ！",,"That riddle from earlier
was right!"
0xdea68,35,"はぁ…、ぜんぜん頼りに
ならないよ。",,"Ah...you're really not
much help, are you."
0xdea8c,35,"ここ…もしかして旧校舎？
なんで！？",,"This...is the old
building? Why!?"
0xdeab0,35,"カナ！　メグミ！
…ど…どうして…。",,"Kana! Megumi!
Wh...why..."
0xdead4,35,"過労で無念のまま死んで
しまった…。",,"She died from overwork,
unable to rest in
peace..."
0xdeaf8,35,"壊れてるの…？
あたしもやってみる。",,"Is it broken...? Let me
try too."
0xdeb1c,35,"そんな顔しないでよ。
大丈夫だって。",,"Don't make that face.
It'll be okay."
0xdeb40,35,"え！？い、いらないよ、
そんなのっ！",,"Huh!? No, I don't want
anything like that!"
0xdeb64,35,"今…クスリみたいな…
においがした。",,"Just now I smelled
something like medicine."
0xdeb88,35,"ね、ミズキ。
トイレ、見て行かない？",,"Hey, Mizuki. Want to
check the bathroom?"
0xdebac,35,"ねえミズキ。
トイレ、見て行こうよ。",,"Hey Mizuki. Let's check
the bathroom."
0xdebd0,35,"当たり前でしょ。
ここまで来て……。",,"Obviously. After coming
all this way..."
0xdebf4,35,"いいよ、あたし１人で中に入る
から。",,"It's fine, I'll go in
alone."
0xdec18,35,"……聞こえたよね？
くしゃっ…て…。",,"You heard that, right?
That crunching
sound..."
0xdec3c,35,"やっぱりここで…
コックリさんを…。",,"So this is where...they
did Kokkuri-san..."
0xdec60,35,"…あ、さっき階段でした
ニオイだ…。",,"Ah, it's the same smell
as on the stairs..."
0xdec84,35,"理科室からただよって
きてたんだ…。",,"It was drifting over from
the science lab..."
0xdeca8,35,"彼女には邪悪なものを
感じなかった。",,"I didn't sense anything
evil from her."
0xdeccc,35,"マッチにライター…電熱器…
電球…。",,"Matches, a lighter...an
electric heater, a
lightbulb..."
0xdecf0,37,"ちょっとミズキ。防空壕は
地下でしょ？",,"Hey Mizuki. The
shelter's in the
basement, right?"
0xded18,37,"さびたりしてるけど…。
使えるのかな？",,"It's rusted, but...will it
work?"
0xded40,37,"上に行こうよ。
他に手はあると思うし。",,"Let's go upstairs. There
must be another way."
0xded68,37,"『かごめかごめ』の歌には
諸説あって、",,"There are several
theories about the song
""Kagome Kagome"","
0xded90,37,"どうしたの？
真面目な顔しちゃって…。",,"What's wrong? You're
making such a serious
face..."
0xdedb8,37,"素手は危ないよ。
なんかぶつける物…。",,"It's dangerous with our
bare hands. Something
to hit it with..."
0xdede0,37,"文字化け以外に違いってあるの
かな…。",,"I wonder if there's any
other difference besides
the garbled text..."
0xdee08,37,"２人で協力すれば、
なんとかなるって。",,"If the two of us work
together, we'll figure it
out."
0xdee30,37,"…窓際のユウタが、ナナシって
ウワサ。",,"The rumor that Yuuta,
the one by the window,
is Nanashi."
0xdee58,37,"ホラーオタクで都市伝説マニア
だって。",,"They say he's a horror
and urban legend
fanatic."
0xdee80,37,"でもさ、ウシミツドキって深夜
でしょ？",,"But the witching hour is
in the middle of the
night, right?"
0xdeea8,37,"なんとなく、話しかけづらい
雰囲気…。",,"He's got this air that
makes him hard to
approach..."
0xdeed0,37,"昔、ピアノ教室に通わされてた
からね。",,"It's because I used to be
taken to piano lessons."
0xdeef8,37,"友達だけが児童公園で
見つかったって。",,"They say only her friend
was found at the park."
0xdef20,37,"本当のことになったら…
どうしたら…。",,"If it comes true...what
are we going to do..."
0xdef48,37,"写真、きれいに撮れてるんだけど
なあ。",,"The photo actually came
out really clear."
0xdef70,37,"どっかにケータイが落ちてる
ハズだよ。",,"The phone must have
fallen somewhere."
0xdef98,37,"ナナシから、チェンメじゃない
やつを。",,"From Nanashi, one that
wasn't a chain email."
0xdefc0,37,"見落としてる…か…。
うーん……あっ。",,"Something we
overlooked... Mmm...
Ah."
0xdefe8,37,"『かごめかごめ』の歌には諸説
あって、",,"There are several
theories about the song
""Kagome Kagome"","
0xdf010,37,"誰かもっとちゃんとした鏡を
持ってる？",,"Does anyone have a
better mirror than this?"
0xdf038,37,"うん…どこかに風の抜け道がある
かも。",,"Yeah...there might be
an air vent somewhere."
0xdf060,37,"さっき、旧校舎で白い人影を
見たの…。",,"A little while ago I saw a
white figure in the old
building..."
0xdf088,37,"ほら。あそこで本を
読んでいるでしょ。",,"Look. She's reading a
book over there."
0xdf0b0,37,"古い建物にウワサは付きもの
だけど…、",,"Old buildings always
have rumors, but..."
0xdf0d8,37,"やっぱ、コックリさんしかない
でしょ。",,"In the end, there's
nothing left but
Kokkuri-san."
0xdf100,37,"本当のことになったら…
どうしたら…。",,"If it comes true...what
are we going to do..."
0xdf128,37,"しかも、低俗なコックリさん
なんて…。",,"And on top of that, such
a low-quality
Kokkuri-san..."
0xdf150,37,"（ホントは転送した方が
　いいんだ…）",,"(Honestly, it's better to
forward it...)"
0xdf178,37,"……どこに、いるの？
…この屋上の…。",,"Where...are they? On
this rooftop..."
0xdf1a0,37,"…今までにないぐらい…
たくさんの…。",,"Like never before...so
many..."
0xdf1c8,37,"まさか……鬼門…。
私としたことが…。",,"No way...the cursed
direction. How careless
of me..."
0xdf1f0,37,"う〜ん、地図とかあれば
いいんだけど。",,"Mmm, it'd be easier if I
had a map."
0xdf218,37,"（死の瞬間、わたしは
　気づきました）",,"(At the moment of my
death, I realized
something)"
0xdf240,37,"う〜ん、地図とかあれば
いいんだけど。",,"Mmm, it'd be easier if I
had a map."
0xdf268,37,"（違う未来があったの
　でしょうか？）",,"(Could there have been
a different future?)"
0xdf290,37,"（死の瞬間、わたしは
　気づきました）",,"(At the moment of my
death, I realized
something)"
0xdf2b8,37,"（違う未来があったの
　でしょうか？）",,"(Could there have been
a different future?)"
0xdf2e0,37,"“どっちもわりと有名な
　都市伝説…”",,"""Both are pretty
well-known urban
legends..."""
0xdf308,37,"ナニかあったら削除すれば
いいんだし。",,"If something happens,
you just delete it."
0xdf330,37,"やっぱり、ナナシのチェンメの
通り…。",,"In the end, just like
Nanashi's chain email
said..."
0xdf358,37,"カナたちはここで、
コックリさんを…。",,"Kana and the others did
Kokkuri-san here..."
0xdf380,37,"ということは、噂のまま歌を
歌えば…。",,"So if we sing according
to the rumor..."
0xdf3a8,37,"ちょっとちょっとミズキ、
どこ行くの。",,"Hey, hey Mizuki, where
are you going."
0xdf3d0,37,"たぶん…ナナシからの
チェーンメール…",,"It might be a chain email
from Nanashi..."
0xdf3f8,37,"あのカギを使って、
他を調べてみない？",,"With that key, shouldn't
we check somewhere
else?"
0xdf420,37,"そうだね、何かヒントが見つかる
かも。",,"That's true, we might
find some clue."
0xdf448,37,"下行く前にさ、
この階調べちゃおうよ。",,"Before going down, let's
check this floor."
0xdf470,37,"きっと…キツネなりのお礼だと
思う…。",,"It's probably the fox's
way of saying thanks..."
0xdf498,37,"チェーンメールなんて、信じちゃ
ダメ。",,"You shouldn't believe in
chain emails."
0xdf4c0,39,"じゃあ、あとは…鏡を使うしか
ないか…。",,"Then, there's nothing
left but to use the
mirror..."
0xdf4e8,39,"ここのトイレの鏡、割られていた
でしょ？",,"This bathroom's mirror
was broken, right?"
0xdf510,39,"霊界に迷い込んだ人…それが神隠し
なの？",,"People lost in the spirit
world...is that
kamikakushi?"
0xdf538,39,"キツネの霊じゃない？
コックリさんだし。",,"Couldn't it be the fox
spirit? It is Kokkuri-san,
after all."
0xdf560,39,"…えっ、カナとメグミ？
じゃあ、２人は？",,"Huh, Kana and Megumi?
Then, what about those
two?"
0xdf588,39,"…ミズキの文字化けはその証拠って
事…？",,"Is Mizuki's garbled text
proof of that...?"
0xdf5b0,39,"邪気が感じられない…戻ってきた
みたい。",,"I don't sense any
malice...seems like
she's back."
0xdf5d8,39,"彼の唯一の欠点は…ナナシ疑惑の
ヲタク、",,"His only flaw is that he
might be the Nanashi
otaku,"
0xdf600,39,"キツネの霊じゃない？
コックリさんだし。",,"Couldn't it be the fox
spirit? It is Kokkuri-san,
after all."
0xdf628,39,"２０歳までに忘れようと
思っていたのに。",,"And I was planning to
forget it before turning
twenty."
0xdf650,39,"廊下であまり携帯を見ないほうが
いいわ。",,"You'd better not look at
your phone so much in
the hallway."
0xdf678,39,"こういう不思議な話には詳しい
みたい…。",,"She seems to know a lot
about these strange
stories..."
0xdf6a0,39,"ああ、最近ヘンなのが
流行ってるそうね。",,"Ah, they say something
weird's been popular
lately."
0xdf6c8,39,"音って、建物の構造で
反響するんだよね。",,"Sound echoes depending
on the building's
structure."
0xdf6f0,39,"ゴミ箱サイトよ。
転送しても安全な場所。",,"It's a trash site. A safe
place to forward it to."
0xdf718,39,"音って、建物の構造で
反響するんだよね。",,"Sound echoes depending
on the building's
structure."
0xdf740,39,"防空壕の中…これ撮ったの、
どこかしら？",,"Inside the shelter...I
wonder where this was
taken?"
0xdf768,39,"あ、どこかでナニカを
見落としてるとか？",,"Ah, could we have
overlooked something?"
0xdf790,39,"音って、建物の構造で
反響するんだよね。",,"Sound echoes depending
on the building's
structure."
0xdf7b8,39,"ヤツにエラそうに言われたくない
けどね。",,"I don't want him talking
to me like he knows
everything."
0xdf7e0,39,"わたしだって霊感なんて
ないと思うし…。",,"I don't think I have a
sixth sense either,
honestly..."
0xdf808,39,"資料室っていうより、なんか
蔵っぽい…。",,"More than an archive
room, it looks like a
storehouse..."
0xdf830,39,"ここのトイレの鏡、割られて
いたでしょ？",,"This bathroom's mirror
was broken, right?"
0xdf858,39,"まだ事件と決まったわけじゃない
けど…。",,"It's still not confirmed
whether it's a case,
but..."
0xdf880,39,"そのとき、一緒にやった奴ら
みてみなよ。",,"Look at who was there at
that time."
0xdf8a8,39,"公園や川原にもいっぱい
作られたって…。",,"They say a lot were made
in parks and
riverbeds..."
0xdf8d0,39,"…ね、さっき撮った写真見せて
くれない？",,"Hey, can you show me
the photo you just took?"
0xdf8f8,39,"他には特になさそうだし、
もう出ようか。",,"There doesn't seem to
be anything else, let's
go already."
0xdf920,39,"あんたのような人でも怖いもんが
あるの？",,"Even someone like you is
afraid of something?"
0xdf948,39,"“あんた”はやめて。レイカで
いいから。",,"Please, don't say ""you
people."" Just call me
Reika."
0xdf970,39,"キツネの霊じゃない？
コックリさんだし。",,"Couldn't it be the fox
spirit? It is Kokkuri-san,
after all."
0xdf998,39,"まだ調べてないところがあるん
じゃない？",,"Isn't there somewhere
we still haven't
checked?"
0xdf9c0,39,"いいじゃん。
ね、友達を助けると思って。",,"Come on, cheer up.
Think of it as helping a
friend"
0xdf9e8,39,"じゃ、今晩２時、新校舎の屋上に
集合ね。",,"Alright, let's meet at
two on the new
building's rooftop."
0xdfa10,39,"なんか出そうだから、行きたく
ないなぁ。",,"Feels like something's
gonna show up there, I
don't want to go."
0xdfa38,39,"チェーンメールは転送しなくても
大丈夫。",,"You don't have to
forward the chain email."
0xdfa60,39,"（調べてみたら…キツネの
　毛でした…）",,"(When I checked...it
was fox fur...)"
0xdfa88,39,"あそこで、コックリさんなんか
したら…。",,"If we did Kokkuri-san
there..."
0xdfab0,39,"あう……なにこれ……、
ガスの臭い……。",,"Augh...what is
this...it smells like
gas..."
0xdfad8,39,"ね、せっかくだから中を探検して
みない？",,"Hey, since we're here,
why don't we explore
inside?"
0xdfb00,39,"（まずは、１階を探索して
　みましょう）",,"(First, let's explore the
first floor)"
0xdfb28,39,"キツネの霊じゃない？
コックリさんだし。",,"Couldn't it be the fox
spirit? It is Kokkuri-san,
after all."
0xdfb50,39,"（校舎の屋上にも２人は
　いなかった…）",,"(They weren't on the
rooftop either...)"
0xdfb78,39,"病院じゃないんだから…、
おかしいよ…。",,"It's not a
hospital...this doesn't
make sense..."
0xdfba0,39,"剥製はちゃんと成仏しているから
大丈夫。",,"The stuffed animal has
already found peace,
don't worry."
0xdfbc8,39,"（キツネ…？
　違う…これは、カナ…！）",,"(A fox...? No...this is
Kana...!)"
0xdfbf0,39,"合わせ鏡……別に何も起こらない
けど…。",,"The double
mirror...nothing's
happening, but..."
0xdfc18,39,"これが…“コックリさん”…の
正体なの？",,"Is this...Kokkuri-san's
true form?"
0xdfc40,39,"たぶんね。
ちゃんと供養してあげないと。",,"I guess so. We need to
give it a proper burial."
0xdfc68,39,"あたしだって怖いよ。
キツネの霊だしさ。",,"I'm scared too. It's a
fox spirit, after all."
0xdfc90,39,"中から何が出てきてもびっくり
しない事。",,"Don't get scared, no
matter what comes out of
it."
0xdfcb8,39,"カギとコックリさんの紙は
あったけど…。",,"There was a key and the
Kokkuri-san paper,
but..."
0xdfce0,41,"…コックリさん…だから…
キツネの霊が…。",,"Kokkuri-san...that's
why...the fox spirit..."
0xdfd0c,41,"ね、看護師が写っている写真、
他にないの。",,"Hey, isn't there another
photo with the nurse in
it?"
0xdfd38,41,"それじゃあミズキ。
合わせ鏡をやってみて。",,"Alright Mizuki. Try the
double mirror."
0xdfd64,41,"２人に会いたいという思いが１番
強いのは、",,"The one who most wants
to see them again is,"
0xdfd90,41,"あ、カナ？
ミズキだけど、今どこにいるの？",,"Ah, Kana? It's Mizuki,
where are you right
now?"
0xdfdbc,41,"ミズキはどう？
チェンメ回ってこなかった？",,"What about you, Mizuki?
Didn't you get any chain
email?"
0xdfde8,41,"音楽室でコックリさんをすると…
神隠し…。",,"If you do Kokkuri-san in
the music room...a
kamikakushi..."
0xdfe14,41,"そっちの方が効果あると思う。
やってみて。",,"I think that would be
more effective. Give it a
try."
0xdfe40,41,"わたしだってチェンメは
無視しまくりだよ。",,"I ignore chain emails
too, you know."
0xdfe6c,41,"２人に会いたいという思いが１番
強いのは、",,"The one who most wants
to see them again is,"
0xdfe98,41,"カナたちはチェーンメールを
実行した……。",,"Kana and the others
forwarded the chain
email..."
0xdfec4,41,"もしも、わたしたちが
“選ばれた”のなら、",,"If we were the ones
""chosen"","
0xdfef0,41,"（多くの謎は解明されてないまま
　です…）",,"(Many mysteries remain
unsolved...)"
0xdff1c,41,"……保健室…独特のにおいが
…こもってる。",,"The nurse's
office...has a strange,
stuffy smell."
0xdff48,41,"（図書室は廊下の右側奥だった
　はず……）",,"(The library should be at
the far end, on the
right...)"
0xdff74,41,"でも、これは別に紫色に
塗られてないけど。",,"But, this one isn't
painted purple."
0xdffa0,41,"ホラーオタクで都市伝説マニア
らしいって。",,"They say he's a horror
and urban legend
fanatic."
0xdffcc,41,"『チェーンメールの墓場』
というサイトね。",,"It's the site called ""The
Chain Email Graveyard."""
0xdfff8,41,"やっぱり、そう。
音楽室。音が反響する…。",,"Just as I thought. The
music room. The sound
echoes..."
0xe0024,41,"生徒の行方が分からなくなって
いるんです。",,"A student has gone
missing and we don't
know her whereabouts."
0xe0050,41,"もうそこまで知れているの？
困ったものね。",,"You already know that
much? That's a real
problem."
0xe007c,41,"そんなにこわい顔しないでよ。
同じでしょ。",,"Don't make such a
scared face. It's the
same thing."
0xe00a8,41,"遠くから隠れてこっそり見てんじゃ
ないの？",,"You wouldn't be secretly
spying from a distance,
would you?"
0xe00d4,41,"神隠しにあったってウワサだし…
やめとく。",,"They say she had a
kamikakushi happen to
her...better not."
0xe0100,41,"大丈夫だって。
あたし、昔、小学校の屋上で",,"Really, don't worry.
Once, on my elementary
school's rooftop,"
0xe012c,41,"早く探さないと、大変なことに
なるかも…。",,"If we don't hurry and
search, something
serious might happen..."
0xe0158,41,"ウワサだけどね…。
あたしって優しいなあ。",,"It's just a rumor,
huh...I'm such a nice
person."
0xe0184,41,"だから…コックリさんなんかに
頼っても…。",,"That's why...even if we
rely on Kokkuri-san..."
0xe01b0,41,"それじゃあミズキ。
合わせ鏡をやってみて。",,"Alright Mizuki. Try the
double mirror."
0xe01dc,41,"２人に会いたいという思いが１番
強いのは、",,"The one who most wants
to see them again is,"
0xe0208,41,"…これ、メグミの…さっき屋上で
見つけた。",,"This is Megumi's...I
found it on the rooftop."
0xe0234,41,"どこ行くのっ！？
倉庫はそっちじゃないよ！",,"Where are you going!?
The storage room isn't
that way!"
0xe0260,41,"もともと東京大空襲や、
関東大震災の被害が",,"Even before that, the
damage from the Tokyo
air raids and the Great
Kanto Earthquake"
0xe028c,41,"戦争で死んだ人の霊がいっぱい
いるって…。",,"They say there are many
spirits of people who
died in the war..."
0xe02b8,41,"真相を聞き出すのは…、悪くないと
思う…。",,"I don't think it's a bad
idea to try to learn the
truth..."
0xe02e4,41,"なんで、私がそこまでしなきゃ
いけないの。",,"Why do I have to go this
far."
0xe0310,41,"（カナとメグミも行方は分からない
　まま）",,"(Kana and Megumi were
still nowhere to be
found)"
0xe033c,41,"そっちの方が効果あると思う。
やってみて。",,"I think that would be
more effective. Give it a
try."
0xe0368,41,"ほ、ほら、…レイカだって
ダイジョーブって",,"L-look,...even Reika
said it would be fine,"
0xe0394,41,"２人に会いたいという思いが１番
強いのは、",,"The one who most wants
to see them again is,"
0xe03c0,41,"でも、これじゃ相談しようにも
できないね。",,"But like this, we can't
even ask her about it."
0xe03ec,41,"（もしもあのとき指を離して
　いなければ）",,"(If only I hadn't let go
of my finger at that
moment)"
0xe0418,41,"なんか…まるで…誰かが外で
ノブを握って…",,"It's like...someone
outside is holding the
doorknob..."
0xe0444,41,"開かないならいいよ。
他のところに行こう。",,"If it won't open, never
mind. Let's go
somewhere else."
0xe0470,41,"（…あの服…教科書で見かけた
　ような…）",,"(That outfit...I've seen
it in some textbook...)"
0xe049c,41,"悪い霊が、わたしたちをだましてる
ような。",,"It's like an evil spirit is
deceiving us."
0xe04c8,41,"（メグミとカナは
　行方不明のままですが）",,"(Megumi and Kana were
still missing)"
0xe04f4,41,"そんな半信半疑じゃ、うまくいかな
いって。",,"If you doubt it that
much, it's not going to
work."
0xe0520,41,"カナから、チェンメが転送されて
きたの…。",,"I got a chain email that
Kana forwarded to
me..."
0xe054c,41,"レイカ、現実の世界に戻れたんじゃ
ないの？",,"Reika, haven't you
already gone back to the
real world?"
0xe0578,41,"カナが持ち出してたんだ…それが
ここに…。",,"Kana must have taken it
from somewhere...and
it's here..."
0xe05a4,41,"ロッカーはもういいよ。
他のとこ調べよう。",,"Let's forget the locker
already. Let's look
somewhere else."
0xe05d0,41,"私たちは過去の世界を
体感させられてるの。",,"We're being made to live
through a world from the
past."
0xe05fc,41,"気になるのは、廊下で目撃した
看護師の霊。",,"I'm worried about the
nurse's ghost I saw in
the hallway."
0xe0628,41,"バカにされるから、みんなには
ナイショね。",,"Let's keep this between
us, or they'll laugh at
us."
0xe0654,43,"…今なら、メグミを助けることが
できるはず。",,"...Now we should be
able to save Megumi."
0xe0680,43,"こちらの世界に呼び戻すのは…
簡単じゃない。",,"Bringing her back to this
world...isn't easy."
0xe06ac,43,"メアド交換した時、このストラップ
覚えてる。",,"I remember this strap
from when we exchanged
emails."
0xe06d8,43,"だから２人…、まだ登校してない…
ってこと？",,"So the two of
them...still haven't
come to class?"
0xe0704,43,"そうだ…だから旧校舎で
コックリさんをすると",,"That's right...that's
why if you do
Kokkuri-san in the old
building,"
0xe0730,43,"あっ、ひょっとして…あのヘンな
チェンメ…。",,"Ah, could it be...that
strange chain email..."
0xe075c,43,"（ジョギングをしてる人に発見され
　ました）",,"(She was found by
someone out jogging)"
0xe0788,43,"…うん、わたしにも来たよ。
でも…ほら見て。",,"Yeah, I got it too.
But...look at this."
0xe07b4,43,"…メールの内容を実行したから
なんじゃ……。",,"Could it be because we
did what the email
said..."
0xe07e0,43,"ミズキは転校生だから知らない
けど、有名よ。",,"Mizuki doesn't know
because she's new, but
it's famous."
0xe080c,43,"紫の着物を着てトイレに隠れてる
妖怪って…。",,"A yokai that hides in the
bathroom wearing a
purple kimono..."
0xe0838,43,"そうだ…だから旧校舎でコックリ
さんをすると",,"That's right...that's
why if you do
Kokkuri-san in the old
building,"
0xe0864,43,"まあ、私の高校時代にもよく回って
きたけど。",,"It went around a lot back
in my high school days
too."
0xe0890,43,"先生、そのアドレス、教えて
もらえませんか。",,"Teacher, could you give
me that address?"
0xe08bc,43,"カナの鳴き声は、地下からじゃ
ないんでしょ？",,"Kana's cry wasn't
coming from the
basement, was it?"
0xe08e8,43,"カナの鳴き声は、地下からじゃ
ないんでしょ？",,"Kana's cry wasn't
coming from the
basement, was it?"
0xe0914,43,"（わたしたちにできるのは、ここ
　までです）",,"(This is as far as we can
help)"
0xe0940,43,"オッケー。じゃあ、そっちの方へ
行ってみよ！",,"Okay. Then, let's head
that way!"
0xe096c,43,"あたしもなんだ。
“屋上に来い”ってメール。",,"Me too. An email saying
""come to the rooftop."""
0xe0998,43,"あたしは、２年１組のカガミリコ。
よろしく。",,"I'm Kagami Riko, second
year, class one. Nice to
meet you."
0xe09c4,43,"カナの鳴き声は、地下からじゃ
ないんでしょ？",,"Kana's cry wasn't
coming from the
basement, was it?"
0xe09f0,43,"あたしたちに探させようと
してるんじゃない？",,"Isn't it trying to get us
to look for it?"
0xe0a1c,43,"げほっ…マスクでも持ってくれば
よかった…。",,"*cough cough*...I
should've brought a
mask..."
0xe0a48,43,"ピアノに蓄音機、やっぱり音楽室
だったんだ。",,"A piano and a
phonograph, so it really
was the music room."
0xe0a74,43,"たぶん死んでる人もいっぱい
いるんじゃない。",,"There are probably a lot
of dead here too."
0xe0aa0,43,"実は、マサキとユウタはあたしの
小学校時代の",,"Actually, Masaki and
Yuuta are from my
elementary school days,"
0xe0acc,43,"親が占い師らしくて、いろいろ
詳しいみたい。",,"They say her mother's a
fortune-teller, and
knows a lot about this
stuff."
0xe0af8,43,"彼女がナナシじゃないかって
ウワサもあるの。",,"There's also a rumor
that she's Nanashi."
0xe0b24,43,"私はコックリさんをやめる方法を
教えたけど、",,"I taught them how to end
Kokkuri-san, but,"
0xe0b50,43,"そういえば…、旧校舎が
死体収容所だったって",,"Now that I think about
it...they say the old
building used to be a
morgue,"
0xe0b7c,43,"なにかあるかもしれないから、
行ってみよう。",,"There might be
something there, let's
go check."
0xe0ba8,43,"そうだ…だから旧校舎でコックリ
さんをすると",,"That's right...that's
why if you do
Kokkuri-san in the old
building,"
0xe0bd4,43,"ウシミツドキだから、
そう思えるんじゃない？",,"Isn't that just because
it's the witching hour?"
0xe0c00,43,"ケータイまで見つけたんだから、
あと一歩よ。",,"We already found the
phone, we're almost
there."
0xe0c2c,43,"…わたし、たまに…誰かに見られ
てるような、",,"Sometimes I feel like
someone's watching me,"
0xe0c58,43,"わかんない…でも今は、それを強く
感じるの。",,"I don't know...but
right now I feel it really
strongly."
0xe0c84,43,"こんな重要なことを見落として
いたなんて…。",,"I can't believe we
overlooked something so
important..."
0xe0cb0,43,"なんか気味が悪い…早くここから
出ないと…。",,"This is so strange...we
need to get out of here
fast..."
0xe0cdc,43,"（あと…行きそうなのは…
　ここしかない…）",,"(This is the only place
left to check...)"
0xe0d08,43,"それが壊されずに一部が
残ったままだって…。",,"They say part of it was
left without being
destroyed..."
0xe0d34,43,"そうだ…だから旧校舎でコックリ
さんをすると",,"That's right...that's
why if you do
Kokkuri-san in the old
building,"
0xe0d60,43,"（今見えたのは…。
　それにあの２人の声…）",,"(What I just saw...and
those two voices...)"
0xe0d8c,43,"（まさか、境界線を越えて
　しまっている？）",,"(Could we have already
crossed the boundary?)"
0xe0db8,43,"（寄り道はしていられない。
　早く鏡を……）",,"(There's no time for
detours. Quick, the
mirror...)"
0xe0de4,43,"（今の…カナ…何かを伝えたかった
　の…？）",,"(That...Kana...was
she trying to tell me
something...?)"
0xe0e10,43,"（気がつくと私は、
　ミズキ、リコと一緒に）",,"(When I came to, I was
with Mizuki and Riko)"
0xe0e3c,43,"ちょっと、うまくいきすぎじゃ
ないかって…。",,"Don't you think this is
going a little too well..."
0xe0e68,43,"うわっ……毛なみまで超リアル…
…キモすぎ。",,"Ugh...even the fur
looks super real...how
gross."
0xe0e94,45,"となると…さっき着メロが聞こえた
…カナが…？",,"So...that ringtone from
just now...was that
Kana...?"
0xe0ec4,45,"声の大きさから考えると、
この階だと思う……。",,"Judging by how loud it
was, I think it's this
floor..."
0xe0ef4,45,"（カナ……、席が前だったことも
　あるけど、）",,"(Kana...though it's
also because her seat
was in front,)"
0xe0f24,45,"（わたしの選択が間違っていた
　のでしょうか）",,"(Could my choice have
been wrong?)"
0xe0f54,45,"強ければ、声や足音が聞き取れる
場合があるの。",,"If it's strong, you can
sometimes hear voices
and footsteps."
0xe0f84,45,"ナゾを解かないと…生きて
帰れないってこと…？",,"If we don't solve the
riddle...we won't be
able to make it back
alive...?"
0xe0fb4,45,"そのために、ここに呼ばれたんじゃ
ないかって。",,"Maybe that's why we
were called here."
0xe0fe4,45,"だから協力して。２人でなら、
なんとかなるよ。",,"That's why help me.
Together the two of us
can handle this."
0xe1014,45,"服もボロボロで、さっき病院に
運ばれたみたい。",,"Her clothes were in
tatters, and she was
taken to the hospital."
0xe1044,45,"でも、もっとやばいのがね、
アリサが昨日の夜、",,"But the worst part is that
Arisa, last night,"
0xe1074,45,"わたしたち…いったい…
どこに迷い込んだの…。",,"Us...just what kind of
place...have we ended
up in..."
0xe10a4,45,"ナゾを解かないと…生きて
帰れないってこと…？",,"If we don't solve the
riddle...we won't be
able to make it back
alive...?"
0xe10d4,45,"それで呪いを解くために、メールを
転送した…？",,"So then, did you forward
the email to break the
curse...?"
0xe1104,45,"そのために、ここに呼ばれたんじゃ
ないかって。",,"Maybe that's why we
were called here."
0xe1134,45,"でもさ、この２つのチェンメから
推理すると…。",,"But well, if we think it
through with these two
chain emails..."
0xe1164,45,"今、先生たちが旧校舎の中を調べ
てるみたい…。",,"It seems the teachers are
searching the old
building right now..."
0xe1194,45,"そうだ、リコ。
さっきなんか言わなかったっけ？",,"That's right, Riko.
Didn't you say
something a while ago?"
0xe11c4,45,"片や水泳部のエース、片やナナシ
疑惑のオタク。",,"On one side the swim
team star, on the other
the suspicious otaku."
0xe11f4,45,"気になるなら専用のゴミ箱アドレス
もあるから。",,"If it worries you, there's
a trash address for that."
0xe1224,45,"よく見ると黒板も五線譜つきで
それっぽいね…。",,"If you look closely, the
blackboard has music
staffs, it fits..."
0xe1254,45,"不安なら『チェーンメールの墓場』
を使ったら？",,"If it worries you, use the
""chain email
graveyard."""
0xe1284,45,"じゃあ…先生…、もしも…悪い
チェーンメールが",,"So...teacher...if a bad
chain email"
0xe12b4,45,"おかしいなあ、背後霊でも撮れる
と思ったのに。",,"That's strange, I
thought a spirit would
show up behind me."
0xe12e4,45,"花壇がもうちょっとまん中だと
もっといいのに。",,"It'd be better if the
garden were more
centered."
0xe1314,45,"なんだろう…この写真と同じ点が
あるような…。",,"What could it be...I feel
like it has something in
common with this
photo..."
0xe1344,45,"ね、２組の生徒、まだ見つかって
ないんでしょ？",,"Hey, that student from
class 2 still hasn't
turned up, right?"
0xe1374,45,"あ、水の音って、コレから
聞こえたんじゃない？",,"Ah, couldn't the water
sound be coming from
this?"
0xe13a4,45,"失踪の手がかりがこの屋上の
どこかにあって…。",,"There must be some clue
about the disappearance
on this rooftop..."
0xe13d4,45,"知ってるもなにも、小学校の
クラスメイトだし。",,"Of course I know him, he
was my classmate in
elementary school."
0xe1404,45,"こうやってみると、ほとんど病院か
収容所だね。",,"Looking at it like this,
it's almost like a hospital
or an asylum."
0xe1434,45,"へえ、昔の看護師って、こんな服
だったんだ…。",,"Wow, so that's what
nurses' uniforms used
to look like..."
0xe1464,45,"…ホントに、コックリさんで居場所
がわかるの？",,"...Can Kokkuri-san
really tell us where they
are?"
0xe1494,45,"（これはフェレット？
　……イタチかしら…？）",,"(Is this a ferret? ...Or
maybe a weasel...?)"
0xe14c4,45,"ねえ、あんた、２組のメグミと
知り合いでしょ？",,"Hey, you know Megumi,
from class 2, right?"
0xe14f4,45,"そのメグミが最後にケータイから
電話したのが、",,"The last call Megumi
made from her phone,"
0xe1524,45,"あ、神隠しっていえばさ、
ナナシのチェンメに、",,"Ah, speaking of
kamikakushi, in
Nanashi's chain email,"
0xe1554,45,"『旧校舎は戦争の死体収容所。
成仏されない霊が",,"""The old building was a
wartime morgue.
Restless spirits"
0xe1584,45,"レイカの言う、霊が活発になる
ウシミツドキに、",,"During the witching hour
Reika mentioned, when
spirits become active,"
0xe15b4,45,"じゃあ…先生…、もしも…悪い
チェーンメールが",,"So...teacher...if a bad
chain email"
0xe15e4,45,"そうなんだけど…すごくイヤな
予感がするの…。",,"That's true, but...I
have a really bad
feeling..."
0xe1614,45,"ふん、あんなウラギリモノ、
いつか呪ってやる。",,"Hmph, that traitor,
someday I'll curse her."
0xe1644,45,"また肝試しの生徒が来ないか
見張っていたんだ。",,"I was keeping watch in
case more students came
to test their courage."
0xe1674,45,"悪い霊じゃなきゃいいんじゃない？
見られても。",,"If it's not an evil spirit,
it doesn't matter if it
sees us, right?"
0xe16a4,45,"友達の手がかりがつかめるかも
知れないでしょ？",,"We might find a clue
about our friend, right?"
0xe16d4,45,"（あの時、倉庫にいた
　焼けただれた無数の霊）",,"(Those burned spirits
that were in the storage
room)"
0xe1704,45,"（あの時、倉庫にいた
　焼けただれた無数の霊）",,"(Those burned spirits
that were in the storage
room)"
0xe1734,45,"（この机、ずいぶんホコリが
　積もってる……）",,"(There's a lot of dust
piled up on this
desk...)"
0xe1764,45,"（何も聞こえなくなった…どういう
　こと…？）",,"(I can't hear anything
anymore...what does
this mean...?)"
0xe1794,45,"そっちからじゃ、３階には行けな
かったでしょ。",,"You couldn't get to the
third floor that way,
could you?"
0xe17c4,45,"置き台の収納スペースに…
キツネのミイラが…。",,"In the storage space
under the stand...a fox
mummy..."
0xe17f4,45,"（たぶんどこかで方法を
　間違えたのでしょう）",,"(I'm sure I made a
mistake in the method
somewhere)"
0xe1824,45,"（この２人が無事に帰って
　こられたのだから）",,"(Since these two
managed to make it back
safely)"
0xe1854,45,"ラベルによれば…１９３４年…
７月１９日……。",,"According to the
tag...year 1934...July
19th..."
0xe1884,47,"救う方法は、空間の出口を見つけて
導くしかない。",,"The only way to save her
is to find the exit and
guide her out."
0xe18b4,47,"ごめん、それにわたし、アリサの声
知らないし…。",,"Sorry, and besides, I
don't know what Arisa's
voice sounds like..."
0xe18e4,47,"降霊の儀式の呪文がわらべ歌に
転じた説もあるの。",,"There's a theory that a
summoning chant turned
into a children's song."
0xe1914,47,"錯乱してメモ機能を
作動させちゃったってこと…？",,"Could it be that in her
confusion she activated
the notes function...?"
0xe1944,47,"でも、もしも、わたしたちが
“選ばれた”のなら、",,"But, if we were the ones
""chosen"","
0xe1974,47,"昨日の夜から、カナとメグミ、
連絡が取れないの。",,"We haven't been able to
reach Kana and Megumi
since last night."
0xe19a4,47,"あー、あれね、送り主が＜ナナシ＞
とかっていう。",,"Ah, that one, the one
where the sender was
Nanashi."
0xe19d4,47,"２人で協力してナゾに立ち向かって
いかないと…。",,"We need to help each
other to face this
riddle..."
0xe1a04,47,"昔はこの辺りにも、タヌキとか
キツネとかヘビが、",,"There used to be tanuki,
foxes, and snakes
around here,"
0xe1a34,47,"たしか…ナナシのチェンメにも
あった気がする…。",,"I think...that was also
in Nanashi's chain
email..."
0xe1a64,47,"やっぱ送り主の＜ナナシ＞を問い
つめるしかない。",,"There's nothing left to
do but confront the
sender, Nanashi."
0xe1a94,47,"そんな時間に旧校舎に入って
コックリさんって…。",,"Going into the old
building at that hour to
do Kokkuri-san..."
0xe1ac4,47,"ホントにやってたら…スゴイという
よりムボウね。",,"If they really did
that...that's less brave
than just plain reckless."
0xe1af4,47,"霊感の強い友達がいて、アドバイス
してくれたの。",,"I have a friend with a
strong sixth sense who
gave me advice."
0xe1b24,47,"いずれにしても、広がる噂には
言霊のような力が、",,"Anyway, rumors have a
power like a spoken
spell,"
0xe1b54,47,"みんなが信じることで、単なる
ウワサが強い力を、",,"When everyone believes
it, a simple rumor gains
a lot of power,"
0xe1b84,47,"ナナシから直接メールを
もらうのは、霊感が強い、",,"Getting a direct email
from Nanashi is a sign
you have a strong sixth
sense,"
0xe1bb4,47,"それを見つけないと、これからも
悲劇は起きる…。",,"If we don't find it,
tragedies will keep
happening..."
0xe1be4,47,"でも…、失踪の手がかりって、
どこを探したら…。",,"But...where are we
even supposed to look
for clues about the
disappearance..."
0xe1c14,47,"さあ……、なんなら、コックリさん
でもしてみる？",,"Well...how about we try
Kokkuri-san?"
0xe1c44,47,"その手前の人たち…、倒れてる人が
いっぱいだね。",,"The people in
front...there are a lot
of them lying on the
ground."
0xe1c74,47,"降霊の儀式の呪文がわらべ歌に
転じた説もあるの。",,"There's a theory that a
summoning chant turned
into a children's song."
0xe1ca4,47,"その時も何も起きなかったから、
今回も大丈夫よ。",,"Nothing happened that
time either, so it'll be
fine this time too."
0xe1cd4,47,"ちぇっ、あたし、霊感強いと思った
んだけどなあ。",,"Tsk, and here I thought
I had a strong sixth
sense."
0xe1d04,47,"どこ行く気っ！？
地下に戻っても意味ないでしょ！",,"Where are you going!?
There's no point going
back to the basement!"
0xe1d34,47,"この部屋はアヤシイからよく
調べなきゃダメだよ。",,"This room is suspicious,
we need to search it
thoroughly."
0xe1d64,47,"レイカだって、ダイジョーブって
言ってたでしょ。",,"Even Reika said it would
be fine, right?"
0xe1d94,47,"資料室で見落としはない？
もっとよく調べなきゃ。",,"Didn't we miss anything
in the archive room? We
should look more
carefully."
0xe1dc4,47,"それより、コックリさんに
集中した方がいいって。",,"It'd be better to focus
on Kokkuri-san instead."
0xe1df4,47,"…あたし、旧校舎に１度入って
みたかったんだ…。",,"I...always wanted to go
into the old building at
least once..."
0xe1e24,47,"それなんだよね〜。
地図とかあればいいんだけど。",,"That's what I keep
saying. It'd be easier if
we had a map."
0xe1e54,47,"（あの中に、未来のわたしたちが
　いたことに…）",,"(That our future selves
were in there...)"
0xe1e84,47,"（あの中に、未来のわたしたちが
　いたことに…）",,"(That our future selves
were in there...)"
0xe1eb4,47,"鏡を探さないと…。
鏡がありそうなのは…トイレ？",,"We need to find a
mirror...Where would
one be...the bathroom?"
0xe1ee4,47,"今住んでるマンションでも…
たまに聞こえるの…。",,"Even in the building I
live in now...I
sometimes hear it..."
0xe1f14,47,"（そういえば救急箱のような物を
　持っていた…）",,"(Now that I think about
it, she had something
like a first-aid kit...)"
0xe1f44,47,"（時間と空間の境界線が、
　あいまいになってる）",,"(The boundary between
time and space is
growing blurry)"
0xe1f74,47,"どうして音楽室なのか？
あたしも理由が知りたい。",,"Why the music room? I
want to know the reason
too."
0xe1fa4,47,"いいよ、汚いから。
それより、他のとこを調べよ。",,"Leave it, it's dirty.
Let's check somewhere
else instead."
0xe1fd4,49,"合わせ鏡で見つけて、
『かごめかごめ』を歌っても、",,"Even if we find her with
the double mirror and
sing Kagome Kagome,"
0xe2008,49,"だから歌詞の『うしろの正面
だあれ』には背後の霊と",,"That's why in the lyric
""who's behind you""
there's a spirit standing
behind,"
0xe203c,49,"さっきのカナの声…おかしいよ…
あれは霊の声だよ。",,"That voice of Kana's
from earlier...it was
strange...it was a
spirit's voice."
0xe2070,49,"１組のタキモトアリサと一緒にいた
みたいだけど…。",,"It seems she was with
Takimoto Arisa, from
class 1..."
0xe20a4,49,"うちのクラスのカナとメグミと
一緒にいたらしいの。",,"They say she was with
Kana and Megumi, from
our class."
0xe20d8,49,"（霧が晴れると、屋上にはカナが
　倒れていました）",,"(When the fog cleared,
Kana was found
collapsed on the
rooftop)"
0xe210c,49,"わたしはサクジョしちゃったから
比べられないけど。",,"I already deleted mine,
so I can't compare."
0xe2140,49,"一斉メールじゃなくて、限られた
数人に同じメールを",,"It wasn't a mass email,
but the same email sent
to just a few people,"
0xe2174,49,"だから、チェーンメールの内容が
リアルになった…。",,"That's why what the
chain email said came
true..."
0xe21a8,49,"（でも、なぜ今になって霊が活発に
　なったのか、）",,"(But, why did the spirits
become active right
now,)"
0xe21dc,49,"水泳部エースで、他校の生徒にも
人気のセノマサキ。",,"Seno Masaki, the swim
team ace, popular even
at other schools."
0xe2210,49,"はずれないコックリさんって
…どんなのかと思って。",,"A Kokkuri-san that never
fails...I got curious
what it would be like."
0xe2244,49,"ミズキは転校生だから知らないと
思うけど、有名よ。",,"Mizuki probably doesn't
know since she's new,
but it's famous."
0xe2278,49,"（なんだろう…。まだ、何かある
　ような気がする）",,"(What could it be...I
feel like something's still
missing)"
0xe22ac,49,"あの壁の四角い跡には、
ベートーベンとかの肖像画が",,"In that square mark on
the wall, there used to
be a portrait of
Beethoven or something,"
0xe22e0,49,"う〜ん、せっかくだし、
もっと中を探検してみない？",,"Mmm, since we're here,
why don't we explore
further in?"
0xe2314,49,"そこでの音が校舎の配水管を
伝って、いろんな場所で",,"The sound from there
travels through the
building's pipes, and in
various places"
0xe2348,49,"全部木でできてるなんて、
今じゃかなりレアだよね。",,"Everything being made
of wood is pretty rare
these days."
0xe237c,49,"（けど、メグミの行方は今もわか
　らないままです）",,"(But, Megumi's
whereabouts are still
unknown)"
0xe23b0,49,"（結局、カナとメグミの行方は
　分からないまま…）",,"(In the end, Kana and
Megumi's whereabouts
remained a mystery...)"
0xe23e4,49,"そこでの音が校舎の配水管を
伝って、いろんな場所で",,"The sound from there
travels through the
building's pipes, and in
various places"
0xe2418,49,"そこでの音が校舎の配水管を
伝って、いろんな場所で",,"The sound from there
travels through the
building's pipes, and in
various places"
0xe244c,49,"旧校舎が空襲の被害者の収容所
だったってウワサ…。",,"They say the old building
was a shelter for air raid
victims..."
0xe2480,49,"知らなかったでしょ？
ついでに言えば、学校の屋上で",,"You didn't know that,
did you? And while
we're at it, on the
school rooftop"
0xe24b4,49,"うめくような…女の声…メグミの
声にも…似てた…。",,"Like a moan...a
woman's voice...it
sounded like Megumi's
voice..."
0xe24e8,49,"でもその写真を見て、人影の
白い光を思い出したの。",,"But seeing that photo, I
remembered the white
figure."
0xe251c,49,"彼女…昨日の夜、旧校舎で
コックリさんをやった後、",,"She...last night, after
doing Kokkuri-san in the
old building,"
0xe2550,49,"わたしも“旧校舎で霊に襲われて
神隠しに遭う”って",,"I also got ""the old
building's spirits attack
me and I disappear"","
0xe2584,49,"…ホントに、手がかりを見つける
方法って、ないの？",,"...Is there really no way
to find any clues?"
0xe25b8,49,"おススメはしないけど…、
同じコックリさんの霊から",,"I don't recommend it,
but...from that same
Kokkuri-san spirit"
0xe25ec,49,"（たぶん…チェーンメールが
　実体化した時には…）",,"(Maybe...when the
chain email became
real...)"
0xe2620,49,"そんなにあせらなくったって…。
やる気あるんだね。",,"No need to rush so
much...you're really
into this, huh."
0xe2654,49,"早くここを出よう。
不発弾のことを知らせないと…。",,"Let's get out of here
quickly. We need to
report the bomb..."
0xe2688,49,"（早く２人が帰ってきてくれること
　を祈りました）",,"(I prayed that the two of
them would come back
soon)"
0xe26bc,49,"コックリさん…コックリさん…。
もう終わりです…。",,"Kokkuri-san...
Kokkuri-san... it's
over now..."
0xe26f0,49,"（おそらく、昇降口でガラスを
　割ろうとしたのが）",,"(It was probably from
trying to break the glass
at the entrance)"
0xe2724,49,"ね、他のところでも撮ろうよ。
ナニカ写るかもだし。",,"Hey, let's take photos in
other places too.
Something might show
up."
0xe2758,49,"どうせキモダメシに来たヤツが
割ったんじゃないの？",,"It was probably broken
by someone who came to
test their courage."
0xe278c,49,"姿は見えない…。
でもさっきより鮮明に…聞こえた。",,"I don't see
anything...But it
sounded clearer than
before..."
0xe27c0,49,"コックリさんが、あたしたちを
導いてくれてるのに。",,"And here Kokkuri-san is
guiding us."
0xe27f4,49,"でも、コックリさんって信じること
が大事だと思う。",,"But I think what matters
with Kokkuri-san is
believing."
0xe2828,49,"これ…旧校舎のカギ…。
みんな、探していたんだよ。",,"This is the old building's
key...everyone was
looking for it."
0xe285c,49,"おそらく…カナとメグミに、
私たちは見えてない…。",,"Probably...Kana and
Megumi can't see us..."
0xe2890,49,"ちょうどミズキが立ってるあたり
だったような……。",,"I think it was right where
Mizuki was standing..."
0xe28c4,49,"（下に行くのは、この階を
　調べてからにしよう…）",,"(Let's go down after
checking this floor...)"
0xe28f8,49,"ハ虫類はＯＫなんだけど…
毛のあるやつは…怖いの。",,"Reptiles are fine with
me...but furry
things...scare me."
0xe292c,49,"看護師…そういえば、資料室で
見つけた記念写真に！",,"The nurse...Now that I
think about it, in the
photo from the archive
room!"
0xe2960,51,"恐らくカナは、私たちと全く別の
空間をさまよってる。",,"Kana's probably
wandering in a
completely different
space from ours."
0xe2994,51,"…霊……それにしては…鳴き声が
…妙に生々しかった。",,"A spirit...? But the
sound was oddly
realistic..."
0xe29c8,51,"（その後、メグミは別の場所で倒れ
　ているところを）",,"(Afterward, Megumi was
found collapsed
somewhere else)"
0xe29fc,51,"（発見されたけど、カナは今も行方
　が分かりません）",,"(But Kana still hasn't
turned up)"
0xe2a30,51,"ゼッタイ呪い殺される…あたし…
まだ死にたくない…。",,"I'm definitely going to
be cursed to death...I
don't want to die yet..."
0xe2a64,51,"たしかにこれ以上は、わたしたちの
手に負えないかも。",,"That's true, this might
already be getting out of
our hands."
0xe2a98,51,"声は身近に聞こえるけど、別の空間
をさまよっている。",,"The voice sounds close,
but it's wandering in
another space."
0xe2acc,51,"カナもメグミも、きっと生きてる。
わたし、信じてる。",,"Kana and Megumi are
definitely alive. I believe
it."
0xe2b00,51,"えっ、でも、コックリさんって普通
キツネの霊でしょ？",,"Huh, but Kokkuri-san's
usually a fox spirit,
right?"
0xe2b34,51,"ね、わたしのメール見て、他に何か
気づいたことある？",,"Hey, when you looked at
my email, did you notice
anything else?"
0xe2b68,51,"声は身近に聞こえるけど、別の空間
をさまよっている。",,"The voice sounds close,
but it's wandering in
another space."
0xe2b9c,51,"朝から目いっぱい泳いだら、
腹減っちゃったんだけど、",,"I swam so much since
this morning that I got
hungry,"
0xe2bd0,51,"えっ、でも、コックリさんって普通
キツネの霊でしょ？",,"Huh, but Kokkuri-san's
usually a fox spirit,
right?"
0xe2c04,51,"朝から目いっぱい泳いだら、
腹減っちゃったんだけど、",,"I swam so much since
this morning that I got
hungry,"
0xe2c38,51,"肖像画っていえば、絵の人の目が
動くって噂あるよね。",,"Speaking of the portrait,
they say the eyes in the
painting move."
0xe2c6c,51,"ゴミ箱サイトは『チェーンメールの
墓場』っていうの、",,"The trash site is called
""The Chain Email
Graveyard"","
0xe2ca0,51,"そ、児童公園で今朝見つかった
タキモトアリサの友達。",,"Yeah, Takimoto Arisa's
friend, the one they
found this morning at
the park."
0xe2cd4,51,"とりあえず、カナの声が聞こえた
１階を調べなきゃね。",,"For now, we need to
check the first floor,
where we heard Kana."
0xe2d08,51,"声は身近に聞こえるけど、別の空間
をさまよっている。",,"The voice sounds close,
but it's wandering in
another space."
0xe2d3c,51,"無数にいて神隠しにあう』
っていうのが、あったよね。",,"""...there are countless
of them, and you get
kamikakushi'd"", it said."
0xe2d70,51,"屋上でコックリさんをすれば、
きっと２人がいる場所を",,"If we do Kokkuri-san on
the rooftop, surely the
place where the two of
them are"
0xe2da4,51,"えっ、でも、コックリさんって普通
キツネの霊でしょ？",,"Huh, but Kokkuri-san's
usually a fox spirit,
right?"
0xe2dd8,51,"（そっか…さっき着メロが鳴ってい
　たってことは…）",,"(I see...if the ringtone
played just now,
then...)"
0xe2e0c,51,"視線の気配が現れては消えてるの、
…あちこちから…。",,"I feel gazes appearing
and
disappearing...from all
directions..."
0xe2e40,51,"声は身近に聞こえるけど、別の空間
をさまよっている。",,"The voice sounds close,
but it's wandering in
another space."
0xe2e74,51,"（ですが、今となっては
　どうすることもできません）",,"(But, at this point,
there's nothing more we
can do)"
0xe2ea8,51,"（ですが、今となっては
　どうすることもできません）",,"(But, at this point,
there's nothing more we
can do)"
0xe2edc,51,"（もしもあのとき思いとどまる
　ことができていれば）",,"(If only I could have
stopped myself at that
moment)"
0xe2f10,51,"えっ、でも、コックリさんって普通
キツネの霊でしょ？",,"Huh, but Kokkuri-san's
usually a fox spirit,
right?"
0xe2f44,51,"古い建物にたまにあるらしいって
不動産屋が言ってた。",,"The real estate agent
said it sometimes
happens in old
buildings."
0xe2f78,51,"“深夜に合わせ鏡をして
　『かごめかごめ』を歌うと”",,"""If you do the double
mirror at midnight and
sing Kagome Kagome,"""
0xe2fac,51,"撮った写メはちゃんとミズキにも
送ってあげるからさ。",,"I'll send you the photos
I took too, Mizuki."
0xe2fe0,51,"（たしかに近くにいるのに、
　姿が見えないなんて…）",,"(It's true it's close by,
but we can't see it...)"
0xe3014,51,"いじめを受けて、自殺した女の子の
呪いだったような。",,"It seemed to be the
curse of a girl who killed
herself because of
bullying."
0xe3048,51,"（この旧校舎に棲む霊？
　…邪念は感じられなかった）",,"(A spirit that lives in the
old building? ...I didn't
sense any malice)"
0xe307c,51,"（もう二度と旧校舎に近づくことは
　ないと思います）",,"(I don't think I'll ever
go near the old building
again)"
0xe30b0,51,"あなたが、コックリさんなら、
どうかお帰りください。",,"If you are Kokkuri-san,
please, return to your
place."
0xe30e4,51,"要するに…新校舎の屋上は、
旧校舎の位置からは北東、",,"So that means...the
new building's rooftop is
to the northeast of the
old one,"
0xe3118,51,"さっき拾ったカギで開く、ほかの
教室を開けてみない？",,"Shall we try opening
another classroom with
the key we found?"
0xe314c,51,"下の階調べてまた戻ってくる
なんて、メンドーでしょ？",,"It's such a hassle to
check downstairs and
have to come back,
right?"
0xe3180,53,"（どうやら、カナとは別の闇の世界
　に閉じこめられて）",,"(It seems I'm trapped in
a dark world different
from Kana's)"
0xe31b8,53,"カバンの中にならあるけど、
さすがに手持ちにはないや。",,"I have some in my bag,
but I'm not carrying
anything on me."
0xe31f0,53,"近くにキツネがいない時は、別の
低級霊を呼んじゃうから",,"When there's no fox
nearby, a lesser spirit
gets summoned instead,"
0xe3228,53,"“電源が入ってないか、電波が
届かない場所”だって…。",,"""It's either turned off,
or somewhere with no
signal"", it says..."
0xe3260,53,"そのナナシからのチェンメの一つ
に、旧校舎の音楽室で、",,"One of Nanashi's chain
emails said that in the
old building's music
room,"
0xe3298,53,"そのキツネの霊を追えば、謎が
解けるってことじゃない？",,"If we follow the fox
spirit, won't that solve
the riddle?"
0xe32d0,53,"夜中だからビビったよ。
ソッコーでサクジョしたけど…。",,"Since it was nighttime it
scared me. I deleted it
right away, but..."
0xe3308,53,"しかもチェーンメールでしょ。
そんなのでカナたちが…。",,"And on top of that it's a
chain email. That
because of that Kana
and the others..."
0xe3340,53,"ねえミズキ。カナの声って
この階から聞こえたんでしょ？",,"Hey Mizuki. Kana's
voice was heard on this
floor, right?"
0xe3378,53,"近くにキツネがいない時は、別の
低級霊を呼んじゃうから",,"When there's no fox
nearby, a lesser spirit
gets summoned instead,"
0xe33b0,53,"あの２人が仲がいいってのも、
ある意味、都市伝説よね。",,"Those two getting along
is, in a way, an urban
legend itself."
0xe33e8,53,"そのキツネの霊を追えば、謎が
解けるってことじゃない？",,"If we follow the fox
spirit, won't that solve
the riddle?"
0xe3420,53,"でも、削除もしないで、そのままに
するのもよくないわ。",,"But not deleting it and
just leaving it isn't good
either."
0xe3458,53,"そっか、だから変なうなり声
みたいなのも聞こえたんだ。",,"Ah, that's why we also
heard something like a
strange growl."
0xe3490,53,"良い噂ならいいけど、悪い噂は
早めに連鎖を断つことね。",,"If it's a good rumor,
fine, but bad ones need
to be cut off quickly."
0xe34c8,53,"うん、その時もチェーンメールの
墓場に送ればいいのよ。",,"Yeah, in that case you
can also send it to the
chain graveyard."
0xe3500,53,"そっか、だから変なうなり声
みたいなのも聞こえたんだ。",,"Ah, that's why we also
heard something like a
strange growl."
0xe3538,53,"他に、どれだけモノズキがいる
のか、確かめに来たの…。",,"I came to see how many
other curious people like
me there were..."
0xe3570,53,"まだこの校舎には、成仏されない
キツネがどこかにいる。",,"There's still a restless
fox somewhere in this
building."
0xe35a8,53,"そっか、だから変なうなり声
みたいなのも聞こえたんだ。",,"Ah, that's why we also
heard something like a
strange growl."
0xe35e0,53,"ガンコだなあ…いいよ、じゃ、
あたしが１人でやるから。",,"So stubborn...fine,
then I'll do it myself."
0xe3618,53,"だって君の友達のこと聞いてあげる
んだから当然でしょ。",,"Of course, since I'm
listening to you about
your friend."
0xe3650,53,"カバンの中にならあるけど、
さすがに手持ちにはないや。",,"I have some in my bag,
but I'm not carrying
anything on me."
0xe3688,53,"近くにキツネがいない時は、別の
低級霊を呼んじゃうから",,"When there's no fox
nearby, a lesser spirit
gets summoned instead,"
0xe36c0,53,"うん、その時もチェーンメールの
墓場に送ればいいのよ。",,"Yeah, in that case you
can also send it to the
chain graveyard."
0xe36f8,53,"まあ、レイカも『屋上は大丈夫』
って言ってるんだから。",,"Well, even Reika said
the rooftop's fine."
0xe3730,53,"そのキツネの霊を追えば、謎が
解けるってことじゃない？",,"If we follow the fox
spirit, won't that solve
the riddle?"
0xe3768,53,"（でも、わたしのスカートには
　動物の毛が付いてて、）",,"(But there was animal
fur stuck to my skirt,)"
0xe37a0,53,"うん。そのまま相手のことを強く
念じながら気配を探す。",,"Yeah. Like that,
thinking hard about the
person, you search for
their presence."
0xe37d8,53,"（おそらく、コックリさんで指を
　離してしまったのが）",,"(It was probably from
letting go of my finger
during Kokkuri-san)"
0xe3810,53,"近くにキツネがいない時は、別の
低級霊を呼んじゃうから",,"When there's no fox
nearby, a lesser spirit
gets summoned instead,"
0xe3848,53,"この学校の地下が防空壕だったって
ウワサ、ホントかな。",,"I wonder if the rumor
that the basement was
an air-raid shelter is
true."
0xe3880,53,"“『とおりゃんせ』を歌わないと
　神隠しにあうとか…”",,"""If you don't sing
'Toryanse,' a
kamikakushi happens to
you..."""
0xe38b8,53,"そのキツネの霊を追えば、謎が
解けるってことじゃない？",,"If we follow the fox
spirit, won't that solve
the riddle?"
0xe38f0,53,"（早く探さないと、とりかえしの
　つかないことになる）",,"(If we don't hurry and
search, it'll be too late)"
0xe3928,53,"『問題っていうからには、
　どっちかが正解ってこと？』",,"""If they call it a
problem, does that mean
one of the two is the
right answer?"""
0xe3960,53,"あとひとつ、鏡が必要なの。
まだ調べてない部屋はない？",,"We need one more
mirror. Isn't there some
room we haven't
checked?"
0xe3998,53,"だから、霊力の磁場が強い
旧校舎から離れているとはいえ",,"That's why, even
though we're far from
the old building's strong
spiritual field,"
0xe39d0,53,"旧校舎の教室って一度、雑誌に
載ったことがあったって、",,"They say a classroom in
the old building was once
featured in a magazine,"
0xe3a08,55,"なんでもいいから、看護師の
手がかりになりそうなものを。",,"Anything that could be a
clue about the nurse."
0xe3a40,55,"ちなみにこの「Ｃ」の絵は、
ランドルト環って言うんだよ。",,"By the way, this ""C""
shape is called a Landolt
ring."
0xe3a78,55,"あなたたちがそうだったように、
同じ方法でカナやメグミを",,"Just like with you, using
the same method on
Kana and Megumi"
0xe3ab0,55,"軽はずみに、コックリさんに
誘ったのは…悪かったと思う。",,"It was my fault for
inviting them to
Kokkuri-san so
carelessly."
0xe3ae8,55,"…今逃げ出しても、無事に生きて
帰れる保証なんてない…。",,"Even if we escape now,
there's no guarantee
we'll make it back
alive..."
0xe3b20,55,"でも、カナがとり憑かれて、キツネ
の鳴き声をしていたし。",,"But, Kana was
possessed and making
fox sounds."
0xe3b58,55,"（同じ頃、近くの河川敷ではメグミ
　が倒れているのが、）",,"(Around the same time,
Megumi was found
collapsed near the
river,)"
0xe3b90,55,"たしかに…旧校舎には、戦時中に
死体の収容所だったとか、",,"That's right...they say
the old building was a
morgue during the war,"
0xe3bc8,55,"でも、カナがとり憑かれて、キツネ
の鳴き声をしていたし。",,"But, Kana was
possessed and making
fox sounds."
0xe3c00,55,"とにかく…単なる家出かも
しれないし、あまり騒がないで、",,"Anyway...it could just
be a runaway case,
don't make such a fuss,"
0xe3c38,55,"じゃあ、さっきの声は地下から
伝わってきていたってこと？",,"So, that voice from
earlier was coming from
the basement?"
0xe3c70,55,"じゃあ、さっきの声は地下から
伝わってきていたってこと？",,"So, that voice from
earlier was coming from
the basement?"
0xe3ca8,55,"じゃあ、さっきの声は地下から
伝わってきていたってこと？",,"So, that voice from
earlier was coming from
the basement?"
0xe3ce0,55,"あたしはその手のウサンクサイ
都市伝説に興味があるから。",,"I'm into those sketchy
urban legends."
0xe3d18,55,"鍵がかかってた部屋は、これを
使えば開けられるはずだね。",,"The room that was locked
should open with this."
0xe3d50,55,"ホントすごい秘密なんだよ。
知らないとゼッタイ損だって。",,"It's a really amazing
secret. You're missing
out if you don't know it."
0xe3d88,55,"今思うと、あの人影が何かを訴えて
いたような気がする…。",,"Now that I think about
it, I feel like that figure
was trying to say
something..."
0xe3dc0,55,"霊が活発になる時間に、しかも
あの旧校舎の中で…でしょ？",,"During the hour when
spirits become active,
and inside the old
building on top of that,
right?"
0xe3df8,55,"でも、カナがとり憑かれて、キツネ
の鳴き声をしていたし。",,"But, Kana was
possessed and making
fox sounds."
0xe3e30,55,"あんまりマイナス思考だと、
ヘンな霊を呼び込んじゃうよ。",,"If you think so
negatively, you'll
attract strange spirits."
0xe3e68,55,"（結局、わたしたちの力では何も
　解決出来ませんでした）",,"(In the end, with just
our own strength, we
couldn't solve anything)"
0xe3ea0,55,"（私…どうかしてるかも…。
　やっぱり…来るべきじゃ…）",,"(Me...maybe I'm not
okay...I shouldn't have
come...)"
0xe3ed8,55,"でも、カナがとり憑かれて、
キツネの鳴き声をしていたし…",,"But, Kana was
possessed and making
fox sounds."
0xe3f10,55,"たしか…大切にしていた手鏡を、
紫色に塗られるっていう、",,"I think...her cherished
hand mirror was painted
purple,"
0xe3f48,55,"ほら、トイレってさ、花子さんとか
いろいろあるじゃない？",,"Look, bathrooms always
have legends like
Hanako-san's, right?"
0xe3f80,55,"（境界線の向こうに行くには、
　合わせ鏡を探さないと…）",,"(To cross to the other
side of the boundary, I
need to find the double
mirror...)"
0xe3fb8,55,"（３階に上がるのは、この階を
　調べてからにしないと…）",,"(Before going up to the
third floor, I should
check this one...)"
0xe3ff0,55,"おかしいなあ、さっき蓄音機の
あたりは見たはずなのに…。",,"That's strange, I
already checked near the
phonograph..."
0xe4028,57,"さっきの声、この階のどこかだって
言ったの、ミズキでしょ！",,"You said that voice from
before was coming from
somewhere on this floor,
Mizuki!"
0xe4064,57,"そっか…この旧校舎でカナの声が
聞こえたのも…そのせい…。",,"I see...that's why
Kana's voice was heard
in this old building..."
0xe40a0,57,"私はトイレで鏡の破片を拾った
けど、誰かもっとちゃんとした",,"I picked up a piece of
mirror in the bathroom,
but if someone has a
better one,"
0xe40dc,57,"（生き霊となる前にわたしたちは
　ここから抜け出すことが）",,"(Before we turn into
spirits ourselves, we
need to get out of here)"
0xe4118,57,"一組のタキモトアリサ、近くの
児童公園で倒れていたところを",,"Takimoto Arisa, from
class 1, was found
collapsed in the nearby
park,"
0xe4154,57,"コックリさんをすると、絶対に
はずれない…っていうウワサが",,"They say if you do
Kokkuri-san, it never
fails..."
0xe4190,57,"（転校生だったわたしに、最初に
　仲良くしてくれたっけ…）",,"(She was the first one to
be kind to me when I
transferred here...)"
0xe41cc,57,"（カナもメグミもアリサと同じで、
　行方不明の時の記憶が）",,"(Kana and Megumi, just
like Arisa, don't
remember anything from
when they went missing)"
0xe4208,57,"…でも…神隠しにあったってことは
…うまくいかなかった…。",,"But...for the
kamikakushi to have
happened to
her...means something
went wrong..."
0xe4244,57,"この桐塚高校って戦前からあるし、
戦時中の死体収容所だった",,"This Kirizuka High School
has existed since before
the war, and it was used
as a morgue during it,"
0xe4280,57,"（リコの撮った写真を見ると、
　花壇の中で何か光ってた…）",,"(In the photo Riko took,
something was shining in
the garden...)"
0xe42bc,57,"（図書室はたしか、この廊下の
　つきあたりだったっけ……）",,"(I think the library was
at the end of this
hallway...)"
0xe42f8,57,"最初、あなたを見かけた時は、
ひどく不安そうな顔をしてて、",,"The first time I saw you,
you had such an anxious
look on your face,"
0xe4334,57,"そういうサイトに転送するのも、
結局チェーンメールの連鎖を",,"Forwarding it to that
kind of site also breaks
the chain email,"
0xe4370,57,"あれ、あなたのクラスだったの。
今朝から職員室は大騒ぎよ。",,"Ah, it was your class.
The teachers' lounge
has been chaos since
this morning."
0xe43ac,57,"（レイカからは、もう二度と旧校舎
　に近寄ってはいけない）",,"(Reika told me to never
go near the old building
again)"
0xe43e8,57,"（警察が早くメグミを見つけてく
　れることを祈っています）",,"(I hope the police find
Megumi soon)"
0xe4424,57,"…わたしは…ただ、カナとメグミの
手がかりがないかって…。",,"I...just wanted to know
if there was any clue
about Kana and
Megumi..."
0xe4460,57,"うーん、でも、カナとメグミも
旧校舎でコックリさんをして、",,"Mmm, but Kana and
Megumi also did
Kokkuri-san in the old
building,"
0xe449c,57,"でも…“ひとりコックリさん”
ってホントはやばいんだよね。",,"But...doing
Kokkuri-san alone is
actually really
dangerous."
0xe44d8,57,"（悪い気配を感じない……。
　ちゃんと成仏してるみたいね）",,"(I don't sense any
malice...it seems it
really did find peace)"
0xe4514,57,"だったらレイカも加わってくれれば
より安全で確実じゃない。",,"Then if Reika joins in
too, it'd be safer."
0xe4550,57,"（あの時…先生は何かを話そうと
　したけど、口ごもった…）",,"(At that moment, the
teacher was about to say
something, but she
hesitated...)"
0xe458c,57,"（どうせホントのことを話したっ
　て、信じてもらえない…）",,"(Even if I tell the truth,
they're not going to
believe me anyway...)"
0xe45c8,57,"“これってさ、ナナシからの
　ナゾを解くヒントじゃないの”",,"""Could this be a clue
from Nanashi to solve
the riddle?"""
0xe4604,57,"たぶん、ここは霊たちによって
閉じこめられた別の世界なの。",,"I think this is another
world the spirits trapped
us in."
0xe4640,57,"戦争で心が歪み、成仏もせず、
さまよい続ける霊たちの巣窟。",,"A nest of spirits twisted
by the war, still
wandering restlessly."
0xe467c,59,"それと、姿見が紫に塗られていた
のも、鏡の霊力を弱める効果が",,"And the full-length
mirror being painted
purple also weakens its
spiritual power,"
0xe46b8,59,"ナナシのメールにも、“合わせ鏡で
かごめかごめ”があったね。",,"The double mirror with
Kagome Kagome was also
in Nanashi's email."
0xe46f4,59,"（気がつくと、わたしたちは朝もや
　の屋上で倒れていました）",,"(When we came to, we
were lying on the rooftop
in the morning mist)"
0xe4730,59,"同じアヤマチを繰り返さないため
にも、しなきゃいけないことが",,"To avoid making the
same mistake again,
there's something we
need to do,"
0xe476c,59,"でも、逃げてられないでしょ。
ナゾに立ち向かっていかないと。",,"But we can't run away.
We have to face the
riddle."
0xe47a8,59,"じゃあカナは闇に落ちないために、
メールを転送しようとした？",,"So Kana wanted to
forward the email so she
wouldn't fall into the
darkness?"
0xe47e4,59,"カナたちは、戦死者の霊がいる
旧校舎でコックリさんをして…。",,"Kana and the others did
Kokkuri-san in the old
building where the war
spirits are..."
0xe4820,59,"そのアドレスに送ったメールは、
自動で削除されることになって",,"The email sent to that
address gets deleted
automatically,"
0xe485c,59,"ま、後からパソコンで拡大して
みたら、なにか写ってるかもね。",,"Well, if you zoom in on it
later on the computer,
maybe something will
show up."
0xe4898,59,"気をつけてちょっとズレると、
この資料、全部崩れそうだから。",,"Be careful, if it shifts
even a little, all these
files are going to fall."
0xe48d4,59,"ゼッタイアヤシイよ、この理科室。
ここはしっかり調べようね。",,"This lab is super
suspicious. Let's search
it thoroughly."
0xe4910,59,"ナナシのメールにも、“合わせ鏡で
かごめかごめ”があったね。",,"The double mirror with
Kagome Kagome was also
in Nanashi's email."
0xe494c,59,"コックリさんの時、他にあと１人…
女の子がいたと思うけど…。",,"I think there was one
more girl at
Kokkuri-san..."
0xe4988,59,"だから歌詞の『うしろの正面だあ
れ』には、背後の霊と向き合う",,"That's why ""who's
behind you"" means
facing the spirit behind
you,"
0xe49c4,59,"意味もあって、合わせ鏡で歌うこと
で、霊を探して出会うことは",,"and it also means that
singing with the double
mirror is a way to meet
spirits,"
0xe4a00,59,"ちょっとちょっと、どこ行くの！
何か分かったんじゃないの！？",,"Hey, hey, where are you
going!? Didn't you say
you already figured
something out!?"
0xe4a3c,59,"あのさ、何があるか分からないし、
片っ端から調べちゃわない？",,"Hey, we don't know
what's here, why don't
we just check everything
at once?"
0xe4a78,59,"たしかに屋上だと霊の力がこもり
にくいし、拡散しやすいから、",,"It's true that on the
rooftop, spiritual power
doesn't build up and
disperses easily,"
0xe4ab4,59,"（この黒板…五線譜が付いてる。
　…音楽室だったのかしら？）",,"(This blackboard...has
music staffs on it. Could
this have been the music
room?)"
0xe4af0,59,"（わたしは、手に入れた２人の
　ケータイをケーサツに提出し）",,"(I handed over to the
police the two phones I
found)"
0xe4b2c,59,"こんなことになってるんだし、
ナニか写るかもしれないでしょ？",,"Since things have turned
out this way, maybe
something will show up
in the photo, right?"
0xe4b68,59,"（レイカは、わたしたちに屋上で
　コックリさんをしたことの）",,"(Reika, about us doing
Kokkuri-san on the
rooftop,)"
0xe4ba4,59,"その屋上でコックリさんをすること
は、いたずらに旧校舎の力を",,"Doing Kokkuri-san on
that rooftop just
needlessly stirs up the
old building's power,"
0xe4be0,59,"やっぱ軽はずみにやっちゃいけな
いんだね、コックリさんって。",,"In the end, Kokkuri-san
isn't something to do
lightly."
0xe4c1c,61,"でも…さっき聞こえたケータイの
着メロは、カナだったんでしょ？",,"But...that phone
ringtone we heard, that
was Kana's, right?"
0xe4c5c,61,"（今は警察が早くカナを見つけて
　くれることを祈るばかりです）",,"(All I can do now is pray
the police find Kana
soon)"
0xe4c9c,61,"…さっきの…ケータイのメモ録音
聞いたら…怖くなっちゃった…。",,"Listening to that phone
recording from
earlier...it scared
me..."
0xe4cdc,61,"探して見つけるだけなら、『かごめ
かごめ』は歌わなくていいよ。",,"If we just want to find
her, we don't need to
sing Kagome Kagome."
0xe4d1c,61,"わたしだって、怖いよ、死ぬほど。
でも、逃げてられないでしょ。",,"I'm really scared too.
But we can't run away."
0xe4d5c,61,"それならわたしのメールとは、送信
日時に少しズレがあるみたい。",,"Then it seems there's a
time difference with my
email."
0xe4d9c,61,"（ただ、とんでもない距離を歩いて
　いた痕跡があるだけでした）",,"(There were only traces
of having walked an
enormous distance)"
0xe4ddc,61,"探して見つけるだけなら、『かごめ
かごめ』は歌わなくていいよ。",,"If we just want to find
her, we don't need to
sing Kagome Kagome."
0xe4e1c,61,"つまり、誰にも迷惑をかけずに、
チェーンメールを処理できるの。",,"So that means you can
handle the chain email
without bothering
anyone."
0xe4e5c,61,"なんか…コックリさんをしたみた
い。チェーンメールにあった…。",,"It seems they did
Kokkuri-san. It was in
the chain email..."
0xe4e9c,61,"リコが言ってたみたいに、もし地下
に大きな空洞なんかがあると、",,"Like Riko said, if there's
a big hollow space in the
basement,"
0xe4edc,61,"（…今…鋭い視線を感じた…。
　誰かが…後ろから…わたしを…）",,"(Just now I felt a
piercing gaze...
someone... behind...
me...)"
0xe4f1c,61,"リコが言ってたみたいに、もし地下
に大きな空洞なんかがあると、",,"Like Riko said, if there's
a big hollow space in the
basement,"
0xe4f5c,61,"成仏されないキツネの霊が、邪悪な
獣霊＝コックリさんと化して、",,"The restless fox spirit
turns into an evil beast
spirit, Kokkuri-san,"
0xe4f9c,61,"ナナシのチェンメを信じて、旧校舎
でコックリさんをやったって。",,"They say they believed
Nanashi's chain email
and did Kokkuri-san in
the old building."
0xe4fdc,61,"ま、こうやって、ナナシのメールに
釣られて、のこのこ屋上に来た",,"Well, that's how we got
hooked by Nanashi's
email and wandered up
to the rooftop,"
0xe501c,61,"リコが言ってたみたいに、もし地下
に大きな空洞なんかがあると、",,"Like Riko said, if there's
a big hollow space in the
basement,"
0xe505c,61,"カナとメグミも、旧校舎でコックリ
さんをして神隠しにあったって",,"They say Kana and
Megumi also did
Kokkuri-san in the old
building and had a
kamikakushi happen to
them,"
0xe509c,61,"ガンコだなあ。じゃあ、あんたの
クラスメイト、マサキとユウタの",,"So stubborn. Then, of
your classmates Masaki
and Yuuta,"
0xe50dc,61,"（視力検査表……。そういえば、
　最近視力が落ちてきた気が…）",,"(An eye chart...Now
that I think about it, I
feel like my eyesight's
gotten worse lately...)"
0xe511c,61,"探して見つけるだけなら、『かごめ
かごめ』は歌わなくていいよ。",,"If we just want to find
her, we don't need to
sing Kagome Kagome."
0xe515c,61,"…たしかに、メグミは丑三つ時に、
旧校舎から電話をかけてきた。",,"That's right, Megumi
called me from the old
building during the
witching hour."
0xe519c,61,"チェーンメールを実行するため、
友達とコックリさんをしていて…",,"To carry out the chain
email, they were doing
Kokkuri-san with a
friend..."
0xe51dc,61,"丑みつ時…旧校舎の音楽室で…
コックリさんをすると…神隠し…。",,"During the witching
hour...in the old
building's music
room...
Kokkuri-san...a
kamikakushi..."
0xe521c,61,"探して見つけるだけなら、『かごめ
かごめ』は歌わなくていいよ。",,"If we just want to find
her, we don't need to
sing Kagome Kagome."
0xe525c,61,"“夜中に狐の嫁入りと思われる、
　たくさんのヒトダマを見た時”",,"""When I saw many
hitodama at night that
looked like a fox's
wedding"""
0xe529c,61,"“『問題』っていうからには、どっ
　ちかが『正解』ってこと？”",,"""If they call it a
'problem', does that
mean one is the 'correct
answer'?"""
0xe52dc,61,"とりあえず、１階に上がろうよ。
ここにはもう何もないと思うし。",,"For now, let's go up to
the first floor. I don't
think there's anything
left here."
0xe531c,61,"私の軽率な発言で、２人を危険な目
に合わせたことはあやまる…。",,"I apologize for putting
you two in danger with
my careless comment..."
0xe535c,61,"早く出ないと、自分たちも生き霊と
なり、永遠に出られなくなる。",,"If we don't get out
soon, we'll turn into
spirits ourselves and
never be able to leave."
0xe539c,63,"合わせ鏡で歌うことで、霊や霊界に
迷い込んだ人に会いに行くことは",,"Singing with the double
mirror to meet spirits or
people lost in the spirit
world"
0xe53dc,63,"能力に長けた人なら、合わせ鏡をす
るだけで、そこに神隠しに遭った",,"Someone with a lot of
talent can use just the
double mirror to see the
person a kamikakushi
happened to,"
0xe541c,63,"人を映し出すことも出来るけど、普
通の人がしても、相手への思いが",,"but even if an ordinary
person does it, if their
feelings toward that
person"
0xe545c,63,"（気がつくと、わたしたちは地下の
　防空壕の中で倒れていました）",,"(When we came to, we
were lying inside the
basement air-raid
shelter)"
0xe549c,63,"でも、そのアリサは今日の朝、近く
の児童公園で倒れていたところを",,"But that Arisa was found
collapsed in the nearby
park this morning,"
0xe54dc,63,"やり場に困ったチェーンメールを
そのホームページに書かれている、",,"If you don't know what
to do with a chain email,
write it to the address on
that page,"
0xe551c,63,"そうだ、前にナナシからもらった
チェンメに、こんなのがあったの。",,"That's right, a chain
email Nanashi sent me
before said something
like that."
0xe555c,63,"それと姿見が紫に塗られていたのも
鏡の霊力を弱める効果があるの。",,"And the full-length
mirror being painted
purple also weakens its
power."
0xe559c,63,"そうだ、前にナナシからもらった
チェンメに、こんなのがあったの。",,"That's right, a chain
email Nanashi sent me
before said something
like that."
0xe55dc,63,"（昔の新聞の切り抜きに、メモ…。
　特に気になるものはないわね）",,"(An old newspaper
clipping, a
note...nothing here
stands out)"
0xe561c,63,"ええと、１階にあるのは…保健室、
宿直室……倉庫…それから……。",,"Let's see, on the first
floor there's the
nurse's office, the
night-duty room, the
storage room, and..."
0xe565c,63,"コックリさんで失踪したんだから、
コックリさんで探すしかないよ。",,"Since they disappeared
because of Kokkuri-san,
the only way to find
them is with
Kokkuri-san."
0xe569c,63,"その言葉を２０歳の誕生日まで覚え
てると、死ぬか不幸になるって。",,"They say if you still
remember that word by
your twentieth birthday,
you'll die or have bad
luck."
0xe56dc,63,"コックリさんが、あたしたちをここ
まで導いてくれたんだと思うの。",,"I think Kokkuri-san led
us here."
0xe571c,63,"普通の教室じゃないし、いろいろと
残っている可能性は高いはず…。",,"This isn't an ordinary
classroom, so there's a
good chance
something's still
here..."
0xe575c,63,"…結局は、わたしとリコが、レイカ
の警告を無視してコックリさんを",,"In the end, Riko and I
ignored Reika's warning
and did Kokkuri-san"
0xe579c,63,"彼女の正体を探ることが、この世界
から抜け出す糸口になると思う。",,"I think figuring out who
she really is will give us
the key to escaping this
world."
0xe57dc,65,"（先生たちは旧校舎を調べたけど、
　何も見つからなかったようです）",,"(The teachers searched
the old building, but it
doesn't seem they found
anything)"
0xe5820,65,"たぶんキツネをかくまったまま自ら
も過酷な看護活動を続けるうちに、",,"Maybe while she kept
hiding the fox and
working herself to the
bone as a nurse,"
0xe5864,65,"とにかく今はカナとメグミを探して
ここから脱出することを考えよう。",,"For now, let's focus on
finding Kana and
Megumi and escaping
from here."
0xe58a8,65,"教室に白い幽霊のような影が映って
るって、大騒ぎになったんだよね。",,"It caused a huge fuss
because a white shadow,
like a ghost, was seen in
the classroom."
0xe63dc,12,カギをあけた,,You unlocked it
0xe63ec,14,メモを入手した,,You got a note
0xe63fc,14,手鏡を入手した,,You got a hand mirror
0xe640c,14,お札を入手した,,You got an amulet
0xe641c,14,風船を入手した,,You got a balloon
0xe642c,16,コップを入手した,,You got a cup
0xe6440,18,方位磁針を入手した,,You got a compass
0xe6454,18,茶碗と箸を入手した,,"You got a bowl and
chopsticks"
0xe6468,18,懐中電灯を入手した,,You got a flashlight
0xe647c,18,懐中時計を入手した,,You got a pocket watch
0xe6490,20,旧校舎の鍵を入手した,,"You got the old
building's key"
0xe64a8,20,カナの携帯を入手した,,You got Kana's phone
0xe64c0,20,リコの携帯を入手した,,You got Riko's phone
0xe64d8,20,３枚の写真を入手した,,You got three photos
0xe64f0,20,石のかけらを入手した,,You got a piece of stone
0xe6508,20,ぬいぐるみを入手した,,You got a stuffed animal
0xe6520,22,ヘリウムガスを入手した,,You got helium gas
0xe6538,22,アルミホイルを入手した,,You got aluminum foil
0xe6550,22,メグミの携帯を入手した,,"You got Megumi's
phone"
0xe6568,22,ビデオテープを入手した,,You got a video tape
0xe6580,24,ナイフとコップを入手した,,"You got a knife and a
cup"
0xe659c,24,オーナーの日記を入手した,,"You got the owner's
diary"
0xe65b8,26,コックリさんの紙を入手した,,"You got the Kokkuri-san
paper"
0xe65d4,33,"ドリームパークのマップを
入手した",,"You got the Dream Park
map"
0xe65f8,35,"Ｒボタンでアイテム画面を
開きます。",,"Press the R button
to open the item
screen."
0xe661c,35,"メリーゴーラウンドの模型
を入手した",,"You got the carousel
model"
0xe6640,35,"３階にある音楽室に向って
ください。",,"Head to the music
room on the third
floor."
0xe6664,39,"地図やそのほかの持ち物を
確認できます。",,"You can check the
map and your other
items."
0xe668c,49,"メグミを十字ボタン、もしくは
タッチペンで操作し、",,"Control Megumi with
the D-pad or the
stylus,"
0xe66c0,51,"会話をすることで、目標を
再確認することができます。",,"Talking to others lets
you go over your
objective again."
0xe66f4,51,"下画面の、気になる場所を
タッチして調べてください。",,"Touch what interests
you on the bottom
screen to examine it."
0xe6728,55,"Ｘボタンでいっしょにいる
キャラクターと会話ができます。",,"The X button lets you
talk with the character
accompanying you."
0xe6760,66,"調べられる場所が目の前に
あると、上画面にアイコンが
表示されます。",,"If there's something
to examine nearby,
an icon appears above."
0xe6b0c,8,能圭,,"[CHECK ROM -
illegible/corrupted text,
possible game effect]"
0xe7588,8,版菁,,"[CHECK ROM -
illegible/corrupted text,
possible game effect]"
0xe8624,32,ｨyﾀz８８−０９と書いてある。,,"[PARTIAL TEXT] It says
88-09."
0xe8648,41,"古い時計……名前が入ってる。
サクマ……。",,"An old clock...it has a
name engraved on it.
Sakuma..."
0xe8b9c,8,おおお！,,Oooh!
0xe8ba8,8,次は…。,,Next up...
0xe8bb4,8,怨念…！,,A grudge...!
0xe8bc0,8,頼むぞ。,,"Come on, do it."
0xe8bcc,8,なんだ？,,What is this?
0xe8bd8,10,なんで！？,,Why!?
0xe8be4,10,最後は…。,,Lastly...
0xe8bf0,12,やんだ……？,,It stopped...?
0xe8c00,12,どうした！？,,What happened!?
0xe8c10,12,次はこれ…。,,Now this...
0xe8c20,14,これで最後…。,,This finishes it...
0xe8c30,14,これで良し…。,,This should do it...
0xe8c40,16,これで良し…と。,,"This should do it, there."
0xe8c54,16,魔の…カーブ…。,,The curve...cursed...
0xe8c68,16,これで２つ目…。,,That's two...
0xe8c7c,18,ユウタ、しっかり！,,"Yuuta, hang in there!"
0xe8c90,18,それじゃないって。,,I told you that's not it.
0xe8ca4,18,曲がりきれない…！,,"I can't make the
turn...!"
0xe8cb8,20,これ…もしかして…！,,This...could it be...!
0xe8cd0,20,やっぱり何かいる…？,,"So there really is
something...?"
0xe8ce8,22,まず、これを乗せる…。,,"First, I'll put this on..."
0xe8d00,24,早く！ミズキも手伝って。,,"Quick! Help out too,
Mizuki."
0xe8d1c,24,なんとかならねえのかよ。,,"Can't we do something
about it?"
0xe8d38,26,そうだな。扉を押さえよう。,,"That's right. Let's hold
the door."
0xe8d70,28,さっき拾った石があるでしょ。,,"There's the stone we
picked up earlier."
0xe8d90,28,結局…何も出てこなかった…。,,"In the end...nothing
came out..."
0xe8db0,30,おい…、やばいんじゃないか…。,,"Hey...this can't be
good..."
0xe8dd0,32,取っ手を掴んで開けてみましょう。,,"Let's grab the handle
and try to open it."
0xe8df4,39,"カーブが見えてきたら、
下画面のレバーを",,"When you see the curve,
the lever on the bottom
screen"
0xe8e1c,39,"スライドさせて、減速に
合わせましょう。",,"slide it to adjust your
speed."
0xe8e44,41,"まず、下から積み上げないと
落ちちゃうよ。",,"You need to stack from
the bottom, or it'll fall."
0xe8e70,41,"これ…ロッカーに捨てられた
赤ちゃんの！？",,"This is...from a baby
abandoned in a locker!?"
0xe8e9c,45,"扉をタッチして、しっかりと
押さえてください。",,"Touch the door and hold
it firmly."
0xe8ecc,45,"（江戸川線は…闇につながる…？
　なにそれ？）",,"(The Edogawa
line...connects to the
darkness...? What is
that?)"
0xe8efc,45,"扉をタッチして、しっかりと
押さえてください。",,"Touch the door and hold
it firmly."
0xe8f2c,45,"さびてるから、ゆっくりやらないと
開かないよ。",,"It's rusted, if you don't
go slowly it won't open."
0xe8f5c,47,"カーブでは減速しないと
電車は曲がりきれません。",,"If you don't slow down
on the curve, the train
won't be able to make
the turn."
0xe8f8c,58,"タッチペンをゆっくり
スライドさせて、扉を
開けてください。",,"Slide the stylus slowly to
open the door."
0xe8fc8,64,"タッチペンで石のかけらを
正しい角度になるように
回してください。",,"Use the stylus to turn
the piece of stone to the
correct angle."
0xe9014,6,うん。,,Yeah.
0xe901c,8,またぁ？,,Again?
0xe9028,8,うーん。,,Mmm.
0xe9034,10,ユミコ…。,,Yumiko...
0xe9040,10,ホントだ。,,That's true.
0xe904c,12,なにこれ…。,,What is this...
0xe905c,12,どうしよう。,,What do we do.
0xe906c,14,どうしよう…。,,What do we do...
0xe907c,14,（ええっ…！）,,(Ehh...!)
0xe908c,16,ひとつだけ墓場へ,,"Only one to the
graveyard"
0xe90a0,16,（床に…何が…）,,"(On the floor...what is
this...)"
0xe90b4,18,（やっぱ怖いし、）,,"(It's really scary,
actually,)"
0xe90c8,18,どっちか選べ…か。,,"Choose one of the
two..."
0xe90dc,18,右側にはメモが…。,,"There's a note on the
right side..."
0xe90f0,18,（どういうこと？）,,(What does this mean?)
0xe9104,18,これ、なんだろう。,,I wonder what this is.
0xe9118,20,（でも…気になる…）,,(But...I'm curious...)
0xe9130,20,信じたくないけど…。,,"I don't want to believe
it, but..."
0xe9148,20,霊を寄せつけない…。,,It wards off spirits...
0xe9160,20,そりゃ、そうだけど。,,"Well, that's true, but."
0xe9178,20,頭痛くなってきた…。,,"My head's starting to
hurt..."
0xe9190,20,（外には何もない…）,,"(There's nothing
outside...)"
0xe91a8,20,（机…何もないか…）,,"(The desk...there's
nothing here...)"
0xe91c0,20,何かが起きるみたい。,,"Looks like something's
about to happen."
0xe91d8,22,紙がはさまれている…。,,"There's a piece of paper
tucked in..."
0xe91f0,22,名前は…倉田裕見子…。,,"The name is...Kurata
Yumiko..."
0xe9208,22,ちょっと見てみようよ。,,Let's take a look.
0xe9220,22,やっぱりどっちも墓場へ,,"In the end, both to the
graveyard"
0xe9238,22,やっぱり殺された…の？,,So she was killed...?
0xe9250,24,古い雑誌や本ばっかり…。,,"There's just old
magazines and books..."
0xe926c,24,なんか鳥肌立っちゃうね。,,"It's giving me
goosebumps."
0xe9288,24,見て、あのビデオの山…。,,"Look, that pile of
videos..."
0xe92a4,24,うわ…文字がびっしり…。,,"Ugh...it's covered in
writing..."
0xe92c0,24,家賃の支払い記録みたい。,,"Looks like a record of
rent payments."
0xe92dc,24,あたしは夕方届いたよ…。,,"Mine arrived in the
afternoon..."
0xe92f8,24,（その上でサクジョ…と）,,"(And after that, I
deleted it...)"
0xe9314,24,（普通の床・・・だよね）,,"(It's just a normal
floor...right?)"
0xe9330,24,ミズキの住んでる部屋だ！,,"This is the room where
Mizuki lives!"
0xe934c,26,入金は９月で終わってる…。,,"The payments stop in
September..."
0xe9368,26,かくれんぼの遊びをするの。,,"Let's play hide and
seek."
0xe9384,28,ね、見て、あの本のタイトル。,,"Hey, look at that book's
title."
0xe93a4,28,１０３号室って書いてあるよ。,,It says room 103.
0xe93c4,28,ちょっと…１０３号室って…。,,Wait...room 103 is...
0xe93e4,28,（ふすまは…関係…ないよね）,,"(The sliding door has
nothing to do with it,
right?)"
0xe9404,28,（殺人事件から生まれた…？）,,"(Born from a
murder...?)"
0xe9424,29,"知らないの？
一種の降霊術よ。",,"You don't know? It's a
kind of summoning
ritual."
0xe9444,30,この人が昔住んでいたってこと？,,"So this person used to
live here?"
0xe9464,32,ヘビ皮の財布…チベットの護符…。,,"A snakeskin wallet...a
Tibetan amulet..."
0xe9488,32,あたし、コックリさんはもうパス。,,"I don't want anything
more to do with
Kokkuri-san."
0xe94ac,33,"ぬいぐるみをタッチ
してください。",,"Touch the stuffed
animal."
0xe94d0,33,"それを…この部屋で？
やばくない？",,"That...in this room?
Isn't that dangerous?"
0xe94f4,35,"調べたい場所を
タッチしてください。",,"Touch the spot you want
to examine."
0xe9518,35,"調べたい場所を
タッチしてください。",,"Touch the spot you want
to examine."
0xe953c,35,"調べたい場所を
タッチしてください。",,"Touch the spot you want
to examine."
0xe9560,35,"調べたい場所を
タッチしてください。",,"Touch the spot you want
to examine."
0xe9584,35,"調べたい場所を
タッチしてください。",,"Touch the spot you want
to examine."
0xe95a8,35,"調べたい場所を
タッチしてください。",,"Touch the spot you want
to examine."
0xe95cc,35,"調べたい場所を
タッチしてください。",,"Touch the spot you want
to examine."
0xe95f0,35,"調べたい場所を
タッチしてください。",,"Touch the spot you want
to examine."
0xe9614,35,"調べたい場所を
タッチしてください。",,"Touch the spot you want
to examine."
0xe9638,35,"調べたい場所を
タッチしてください。",,"Touch the spot you want
to examine."
0xe965c,35,"調べたい場所を
タッチしてください。",,"Touch the spot you want
to examine."
0xe9680,35,"調べたい場所を
タッチしてください。",,"Touch the spot you want
to examine."
0xe96a4,37,"玄関にあったのと似たような
番号だ…。",,"It's a number similar to
the one at the
entrance..."
0xe96cc,37,"（６人分、アドレスを選んで
　転送…）",,"(Choose six addresses
and forward...)"
0xe96f4,37,"魔よけのおまじない…、水晶の
原石…。",,"A protective charm
against evil...a raw
crystal..."
0xe971c,37,"そもそも“ひとりかくれんぼ”って
何？",,"What even is ""Hitori
Kakurenbo"", to begin
with?"
0xe9744,37,"もう見たでしょ。
他のものを探そうよ。",,"We already saw that.
Let's look for something
else."
0xe976c,39,"あのストーカーがつぶやいてた…
名前…。",,"The name that stalker
was muttering..."
0xe9794,39,"コックリさんと違うのは１人で
すること。",,"The difference from
Kokkuri-san is that you
do it alone."
0xe97bc,41,"ね、アルミホイルって…台所に
あったよね。",,"Hey, the aluminum
foil...it was in the
kitchen, right?"
0xe97e8,41,"見て…家賃の記録…１９８８年
５月からだ。",,"Look, the rent
record...it's from May
1988."
0xe9814,41,"ぬいぐるみを使った儀式で霊を
呼び出して、",,"It's a ritual using a
stuffed animal to
summon a spirit,"
0xe9840,41,"（ベッド…特に変なところは
　…ない……）",,"(The bed...doesn't
seem to have anything
unusual...)"
0xe986c,43,"ここから誰かがビデオテープを
持ち出した…。",,"Someone took a video
tape from here..."
0xe9898,43,"ほら、『図解・悪霊から身を守る
方法』って。",,"Look, ""Illustrated Guide
to Protecting Yourself
from Evil Spirits."""
0xe98c4,43,"あのビデオの月…。
やっぱり殺されたんだよ。",,"That month on the
video...she really was
killed."
0xe98f0,43,"（何で、こんなところにアルミ
　ホイルが…）",,"(Why is there aluminum
foil in a place like
this...)"
0xe991c,45,"（どっちも即チェーンメールの墓場
　行きね…）",,"(Both of them go
straight to the chain
email graveyard...)"
0xe994c,45,"“コックリさん”…と
“ひとりかくれんぼ”…。",,"""Kokkuri-san""...and
""Hitori Kakurenbo""..."
0xe997c,45,"……あと……カップに水を浸し、
箸を立てる…。",,"And then...you fill a
cup with water and stand
a chopstick in it..."
0xe99ac,45,"でも、このままでも…いけない
ような気がする。",,"But I feel like leaving it
like this isn't good
either."
0xe99dc,47,"アルミホイルには…霊の侵入を
防ぐのに効果あり。",,"Aluminum foil is effective
at keeping spirits from
getting in."
0xe9a0c,49,"ユカリ先生やレイカに話したら
怒られそうだけど…。",,"If I tell Yukari-sensei or
Reika, they'll probably
scold me, but..."
0xe9a40,49,"（大丈夫よね？１つぐらいなら…
　こっそり保存…）",,"(It'll be fine, right? If I
just secretly keep
one...)"
0xe9a74,49,"でも“ひとりかくれんぼ”って
…さっきメールが…。",,"But ""Hitori
Kakurenbo""...that
email from earlier..."
0xe9aa8,49,"あのビデオのラベルに書いてあった
月じゃないかな。",,"Could it be the month on
that video's label?"
0xe9adc,49,"（ベッドの下の床板…１枚だけ
　微妙にずれてる…）",,"(Under the bed, one
floorboard is slightly out
of place...)"
0xe9b10,51,"（“ひとりかくれんぼ”の方は
　墓場行きってことで）",,"(So the ""Hitori
Kakurenbo"" one goes to
the graveyard, then)"
0xe9b44,51,"近くに霊がいるなら、コックリさん
より高い確率で…、",,"If there's a spirit
nearby, with a higher
chance than with
Kokkuri-san,"
0xe9b78,53,"（このチェーンメールだけ保存
　したら…まずいかな…）",,"(If I just save this chain
email...would that be a
problem...?)"
0xe9bb0,53,"それか旧校舎の時のように、
コックリさんに聞いてみる？",,"Or, like in the old
building, should we ask
Kokkuri-san?"
0xe9be8,53,"カップに箸…あったよね…。
他にもまだ隠されてるかも。",,"There was a cup with
chopsticks...There
might be more things
hidden."
0xe9c20,53,"だよね。ひとりかくれんぼで鬼を
見ると呪われるって…。",,"Right. They say if you
see the oni in Hitori
Kakurenbo, you get
cursed..."
0xe9c58,53,"（“ひとりかくれんぼ”で、鬼を
　見ると呪われる…？）",,"(If you see the oni in
""Hitori Kakurenbo"", you
get cursed...?)"
0xe9d00,55,"壁一面に貼ることで、霊の力を
吸収し、弱めることができ、",,"By covering the whole
wall with it, it absorbs
and weakens the spirits'
power,"
0xe9d38,55,"コックリさんみたいに、何か教えて
くれるんじゃないんだ。",,"It's not like
Kokkuri-san, where it
tells you something."
0xe9d70,55,"（ハイツ桐塚って…うちの
　マンション…ちょっとやだ…）",,"(Heights
Kirizuka...that's my
building...oh no...)"
0xe9da8,57,"もし…これがある程度ホントなら、
ストーカーに殺された女の",,"If this is true to some
extent, it's the grudge
of a woman murdered by
a stalker,"
0xe9de4,57,"怨念が、マンションに心霊現象を
巻き起こしてるんじゃない？",,"and that's what's
causing the paranormal
phenomena in the
building, right?"
0xe9e20,59,"（都市伝説“ベッドの下の男”は
　…ハイツ桐塚で…起きた…）",,"(The urban legend ""The
man under the bed""
happened here, at
Heights Kirizuka...)"
0xe9e5c,60,"タッチペンで床を上から
下にスライドさせて
こすってください。",,"Slide the stylus from top
to bottom on the floor to
rub it."
0xe9e9c,61,"もしも霊がいるなら…その正体を
突き止めて…成仏させないと…。",,"If there's a spirit...I
need to find out who it
is...and help it find
peace..."
0xe9edc,6,はい。,,Yes.
0xe9ee4,12,レ、レイカ？,,R-Reika?
0xe9ef4,12,リコ？どう？,,Riko? How's it going?
0xe9f04,18,ありがとう、リコ！,,"Thanks, Riko!"
0xe9f18,20,早く合流しなきゃね。,,"We need to regroup
quickly."
0xe9f30,20,うわっ、きたなーい。,,"Ugh, gross."
0xe9f48,22,ヘリウムガスを入手した,,You got helium gas
0xe9f60,24,（なにか壁に書いてある）,,"(There's something
written on the wall)"
0xe9f7c,26,見つけたよ、ヘリウムガス。,,"Found it, the helium
gas."
0xe9f98,26,オバケ役のなれの果てだね。,,"It's what's left of a
ghost costume."
0xe9fb4,26,だめ、留守電になっちゃう！,,"No, it's going to go to
voicemail!"
0xe9fd0,30,人形でもふくらませてたのかな。,,"I wonder if they used to
inflate a doll with this?"
0xe9ff0,30,もともとボロボロだったのかな？,,"Was it already all torn up
before?"
0xea010,35,"調べたい場所を
タッチしてください。",,"Touch the spot you want
to examine."
0xea088,41,"光が漏れてる…。
この扉を開けてみよう…。",,"Light's leaking
through...Let's open
this door..."
0xea0b4,43,"回したい方向のボタンを
タッチしてください。",,"Touch the button for the
direction you want to
turn."
0xea0e0,53,"只今電話にでることができません。
ピーっと鳴ったら…。",,"I can't come to the
phone right now. After
the tone..."
0xea118,62,"壁に書かれた矢印の方向に
タッチペンをスライドさせて
ください。",,"Slide the stylus in the
direction of the arrow
written on the wall."
0xea158,66,"下画面のスイッチを
スライドさせることで、
電源をオンオフできます。",,"Sliding the switch on the
bottom screen turns it on
or off."
0xea19c,66,"下画面のスイッチを
スライドさせることで、
電源をオンオフできます。",,"Sliding the switch on the
bottom screen turns it on
or off."
0xea1e0,66,"下画面のスイッチを
スライドさせることで、
電源をオンオフできます。",,"Sliding the switch on the
bottom screen turns it on
or off."
0xea224,66,"下画面のスイッチを
スライドさせることで、
電源をオンオフできます。",,"Sliding the switch on the
bottom screen turns it on
or off."
0xea268,66,"下画面のスイッチを
スライドさせることで、
電源をオンオフできます。",,"Sliding the switch on the
bottom screen turns it on
or off."
0xea2ac,66,"下画面のスイッチを
スライドさせることで、
電源をオンオフできます。",,"Sliding the switch on the
bottom screen turns it on
or off."
0xea300,6,きた！,,It's here!
0xea308,6,うん。,,Yeah.
0xea324,8,４７７１,,4771
0xea330,8,イオゴク,,IOGOKU
0xea33c,8,はっ…。,,Ah...
0xea348,8,テンゴク,,TENGOKU (Heaven)
0xea354,8,４２１９,,4219
0xea36c,10,ジュウゴク,,JUUGOKU
0xea384,10,電源を切る,,Turn off
0xea3a8,10,そっか…。,,I see...
0xea3b4,10,電源を切る,,Turn off
0xea3c0,10,（えっ…）,,(Huh...)
0xea3cc,10,電源を切る,,Turn off
0xea3d8,10,（次に…）,,(Next...)
0xea3f0,12,なかったよ。,,There was nothing.
0xea400,12,・・・・・・,,......
0xea410,14,あっぷっぷっ…,,Abupupu...
0xea420,14,反応が無い…。,,There's no response...
0xea430,14,あっぷっぷっ…,,Abupupu...
0xea440,14,ガビョウかよ。,,"Just a thumbtack, that's
all."
0xea450,14,（あたし…？）,,(Me...?)
0xea460,14,（ミズキ…？）,,(Mizuki...?)
0xea470,16,通話ボタンを押す,,Press the call button
0xea484,16,通話ボタンを押す,,Press the call button
0xea498,16,せっせっせっの…,,On the count of three...
0xea4ac,16,（違うかな…？）,,(Could it not be...?)
0xea4c0,16,通話ボタンを押す,,Press the call button
0xea4d4,16,せっせっせっの…,,On the count of three...
0xea4e8,16,（…わたしが…）,,(...me...)
0xea4fc,18,（…どうしよう…）,,(...what do I do...)
0xea510,18,にらめっこしましょ,,"Let's have a staring
contest"
0xea524,18,にらめっこしましょ,,"Let's have a staring
contest"
0xea538,40,悪pｨTｭ発茜（やってみるしか…）,,"[CHECK ROM -
illegible/corrupted text]
(Nothing to do but try
it...)"
0xea564,20,（どうか…真実を…）,,"(Please...the
truth...)"
0xea57c,20,なぜか…気になる…。,,"I don't know why...but
I'm curious..."
0xea594,22,メール送信ボタンを押す,,"Press the send email
button"
0xea5ac,22,好きな人のアイテム…。,,"An item belonging to the
person you like..."
0xea5c4,22,メール送信ボタンを押す,,"Press the send email
button"
0xea5dc,22,何か間違えたのかな…。,,"Did I get something
wrong..."
0xea5f4,22,メール送信ボタンを押す,,"Press the send email
button"
0xea60c,24,…じゃあ、…質問します。,,Alright...I'll ask.
0xea628,24,ガビョウ、取っておくか。,,"I'll keep the thumbtack,
just in case."
0xea644,24,（それでおまじないを…）,,"(And with that, the
spell...)"
0xea660,24,…ナナシ……お願い……。,,"... Nanashi...
please..."
0xea67c,25,（７７４……ナナシ…？）,,(774...... Nanashi...?)
0xea698,26,ったく、ブルッて損したよ。,,"Ugh, how silly, I scared
myself for nothing."
0xea6b4,26,校長先生…がどうかしたの？,,"Did something happen to
the principal...?"
0xea6d0,28,間違えた。たしか８４通目…。,,"I got it wrong. I think it
was email number 84..."
0xea6f0,28,（番号を入力…何番だっけ…）,,"(Enter the
number...what was it
again...?)"
0xea710,28,（思い切って外に出るしか…）,,"(Nothing left to do but
work up the nerve and
go outside...)"
0xea730,28,まさか…“にらめっこ”…！？,,"No way...the
""nirameko"" thing...!?"
0xea750,32,花壇の中も探したけど、何にも…。,,"I also searched the
garden, but there was
nothing..."
0xea774,32,満月の明かりが反射していたのね。,,"It was the reflection of
the full moon's light."
0xea798,32,写真にも魂が宿るっていうでしょ。,,"They say a soul can even
linger in a photograph."
0xea7bc,32,（まだ通話可能…つながってる？）,,"(Can I still call...is it
connected?)"
0xea7e0,32,（もう一度考え直してみましょう）,,"(Let's think about this
again)"
0xea804,32,（あの４つの数字を入力しないと）,,"(I need to enter those
four numbers)"
0xea828,32,まさか、このおまじないを屋上で？,,"No way, this spell, on
the rooftop?"
0xea84c,33,"なんだ…？
誰が俺のケータイに…。",,"What is this...? Who's
texting my phone..."
0xea870,37,"タッチペンで数字を
入力してください。",,"Enter the numbers with
the stylus."
0xea898,37,"！……なんだ、この数字…
どっかで…。",,"!...What is this
number...I've seen it
somewhere before..."
0xea8c0,37,"はっ……４２１９……
…死に行く……？",,"Ah...4219...
shi-ni-i-ku... am I
going to die?"
0xea8e8,39,"（４７７１……シナナイ
……死なない？）",,"(4771...
shi-na-nai... I won't
die?)"
0xea910,39,"（４２１９……シニイク
……死に行く？）",,"(4219...
shi-ni-i-ku... am I
going to die?)"
0xea938,39,"（“１０５９”って…どういう
　意味…）",,"(What could ""1059""
mean...)"
0xea960,39,"（やっぱり…マサキはあたしの
　こと…）",,"(I knew it... Masaki...
about me...)"
0xea988,39,"タッチペンで下画面に円を
描いて下さい。",,"Draw a circle on the
bottom screen with the
stylus."
0xea9b0,41,"で…、右と左…、
何回ずつ回すんだっけ…。",,"Um... right and left...
how many times did I
turn it..."
0xea9dc,41,"ははっ…なに言ってるの？
ナナシは俺だろ！",,"Ha... what are you
talking about? I'm
Nanashi!"
0xeaa08,43,"…他に、このおまじないができる
場所って…。",,"Where else can this spell
be done..."
0xeaa34,43,"（この１０５９もゴロあわせだと
　すると…）",,"(If this 1059 is also a
number wordplay...)"
0xeaa60,43,"（どうか…真実を…あいつの好きな
　異性…）",,"(Please... tell me the
truth... who he
likes...)"
0xeaa8c,45,"（ここに閉じこめられたら、
　ますます危険…）",,"(If we stay locked in
here, it'll be even more
dangerous...)"
0xeaabc,47,"なに言ってんの、頭おかしく
なった？ははははっ。",,"What are you talking
about, did you lose your
mind? Hahahaha."
0xeaaec,49,"（９月２６日…今日…夜明けに
　…東京で大地震…）",,"(September 26th...
today... at dawn... a
huge earthquake in
Tokyo...)"
0xeab20,49,"こういうのって、ふざけてても、
あまり良くない…。",,"This kind of thing, even
as a joke, isn't okay..."
0xeab54,49,"…チェーンメールを送ったナナシは
どこにいますか？",,"Where's Nanashi, the
one who sent the chain
mail?"
0xeab88,50,"ガビョウをタッチして、
下にスライドして
ください。",,"Touch the thumbtack and
slide it downward."
0xeabbc,53,"（“４２１９”が“シニイク”
　…で“死に行く”なら）",,"(If ""4219"" is
""shi-ni-i-ku""... and it
means ""I'm going to
die""...)"
0xeabf4,55,"（２台のケータイって…１つは
　わたしの…もう１つは…）",,"(Two cell phones... one
is mine... and the other
is...)"
0xeac2c,55,"（笑ってるように聞こえる…
　わたしが勝ったってこと？）",,"(It sounds like it's
laughing... does that
mean I won?)"
0xeac64,57,"……にらめっ…こ……しましょ
……わらう…と…まけよ……。",,"...Let's play...
nirameko... if you
laugh... you lose..."
0xeaca0,57,"待って、屋上はさすがにコックリ
さんでこりてるんじゃない？",,"Wait, didn't we already
learn our lesson with
Kokkuri-san on the roof?"
0xeacdc,59,"屋上はさっき調べたけど、リコの
手がかりになるようなモノは、",,"I already checked the
roof earlier, but as for
something that could be
a clue about Riko,"
0xead18,59,"あいつが恋のおまじないなんて、
ちょっと信じられないけどね。",,"Honestly, it's hard to
believe he'd do a love
spell."
0xead54,60,"揺れた場所と同じ場所を
揺れた回数分だけタッチ
してください。",,"Touch the same spot that
moved, the same
number of times it
moved."
0xead94,60,"タッチペンを横にスライド
させて、ページをめくって
ください。",,"Slide the stylus sideways
to turn the page."
0xeade4,14,（やっぱり！）,,(I knew it!)
0xeadf4,16,つながらない…。,,It won't connect...
0xeae08,16,（ここにも！？）,,(Here too!?)
0xeae1c,16,ユカリ先生…！？,,Yukari-sensei...!?
0xeae30,24,（ここにも同じシミが…）,,"(There's the same stain
here too...)"
0xeae4c,24,（これにもシミがある…）,,"(This has a stain
too...)"
0xeae68,26,（違う…もっと良く見て…）,,(No... look closer...)
0xeae84,28,（このシミって…いったい…）,,"(This stain... what
could it be...)"
0xeaea4,35,"調べたい場所をタッチ
してください。",,"Touch the spot you want
to examine."
0xeaec8,35,"調べたい場所をタッチ
してください。",,"Touch the spot you want
to examine."
0xeaeec,35,"調べたい場所をタッチ
してください。",,"Touch the spot you want
to examine."
0xeaf10,39,"（うそ！
　どの場所にもユカリ先生が…）",,"(No way! Yukari-sensei is
everywhere...)"
0xeaf38,51,"チェーンメールの墓場がそんな
サイトだったなんて…。",,"I didn't know the chain
mail graveyard was that
kind of site..."
0xeaf74,12,霊の…声…？,,"The voice... of a
spirit...?"
0xeaf84,16,何か聞こえる…。,,I hear something...
0xeaf98,18,これ…なにかしら？,,What could this be...
0xeafac,20,何も写ってないわね。,,"Nothing shows up in the
photo."
0xeafc4,20,なんだろう…これ…。,,What could this be...
0xeafdc,24,な…なんか…聞こえる…。,,"S-something... I hear
something..."
0xeaff8,28,特に怪しいところは無いわね。,,"There doesn't seem to
be anything particularly
strange."
0xeb018,28,後でよく調べてみましょう…。,,"Let's take a closer look
later..."
0xeb038,30,もしかして…霊が写っているの？,,"Could it be... there's a
spirit in the photo?"
0xeb058,32,今度、パソコンで拡大してみよう。,,"Next time I'll enlarge it
on the computer."
0xeb07c,39,"妙な感じがしたのは、気のせい
かしら…。",,"Maybe I just imagined
that weird feeling..."
0xeb0a4,39,"うん、特におかしなところは
無いみたい。",,"Yeah, there doesn't
seem to be anything
strange."
0xeb0cc,51,"気のせいかな…。何かがいそうな
気がしたんだけど…。",,"Maybe it's just my
imagination... I felt like
there was something,
but..."
0xeb100,51,"とりあえず保存して、後でもう一度
聞いてみましょう。",,"I'll save it for now and
listen to it again later."
0xeb13c,20,なんだろう…これ…。,,What could this be...
0xeb154,24,な…なんか…聞こえる…。,,"S-something... I hear
something..."
0xeb170,32,今度、パソコンで拡大してみよう。,,"Next time I'll enlarge it
on the computer."
0xeb194,39,"うん、特におかしなところは
無いみたい。",,"Yeah, there doesn't
seem to be anything
strange."
0xeb1bc,51,"気のせいかな…。何かがいそうな
気がしたんだけど…。",,"Maybe it's just my
imagination... I felt like
there was something,
but..."
0xeb1f8,20,なんだろう…これ…。,,What could this be...
0xeb210,24,な…なんか…聞こえる…。,,"S-something... I hear
something..."
0xeb22c,32,今度、パソコンで拡大してみよう。,,"Next time I'll enlarge it
on the computer."
0xeb250,39,"うん、特におかしなところは
無いみたい。",,"Yeah, there doesn't
seem to be anything
strange."
0xeb278,51,"気のせいかな…。何かがいそうな
気がしたんだけど…。",,"Maybe it's just my
imagination... I felt like
there was something,
but..."
0xeb2b4,8,うげっ。,,Ugh.
0xeb2c0,14,つまんないの。,,How boring.
0xeb2d0,16,なんか写ってる！,,"Something shows up in
the photo!"
0xeb2e4,20,なんだろう…これ…。,,What could this be...
0xeb2fc,22,期待してたのになぁ…。,,"And here I was
hoping..."
0xeb314,22,ちょっと、ナニこれ！？,,"Hey, what is this!?"
0xeb32c,24,な…なんか…聞こえる…。,,"S-something... I hear
something..."
0xeb348,26,明日レイカに聞いてみよう。,,I'll ask Reika tomorrow.
0xeb364,28,ちぇっ、なんにも録れてない。,,"Ugh, nothing got
recorded."
0xeb384,30,なーんだ、なんにも写ってない。,,"Nothing, nothing shows
up in the photo."
0xeb3a4,32,今度、パソコンで拡大してみよう。,,"Next time I'll enlarge it
on the computer."
0xeb3c8,32,な、な、ナニよ…、この変な音…。,,"W-what is... this weird
sound..."
0xeb3ec,39,"うん、特におかしなところは
無いみたい。",,"Yeah, there doesn't
seem to be anything
strange."
0xeb414,47,"どうしよう、消したいけど…
消しても大丈夫かな。",,"What should I do, I want
to delete it, but... will
it be okay if I do?"
0xeb444,51,"気のせいかな…。何かがいそうな
気がしたんだけど…。",,"Maybe it's just my
imagination... I felt like
there was something,
but..."
0xeb478,57,"消して呪われたらイヤだし…。
明日レイカに調べてもらおう。",,"I don't want to get
cursed for deleting it...
I'll ask Reika to check it
tomorrow."
0xeb4bc,12,霊の…声…？,,"The voice... of a
spirit...?"
0xeb4cc,16,何か聞こえる…。,,I hear something...
0xeb4e0,18,これ…なにかしら？,,What could this be...
0xeb4f4,20,何も写ってないわね。,,"Nothing shows up in the
photo."
0xeb50c,20,なんだろう…これ…。,,What could this be...
0xeb524,24,な…なんか…聞こえる…。,,"S-something... I hear
something..."
0xeb540,28,後でよく調べてみましょう…。,,"Let's take a closer look
later..."
0xeb560,28,特に怪しいところは無いわね。,,"There doesn't seem to
be anything particularly
strange."
0xeb580,30,もしかして…霊が写っているの？,,"Could it be... there's a
spirit in the photo?"
0xeb5a0,32,今度、パソコンで拡大してみよう。,,"Next time I'll enlarge it
on the computer."
0xeb5c4,39,"妙な感じがしたのは、気のせい
かしら…。",,"Maybe I just imagined
that weird feeling..."
0xeb5ec,39,"うん、特におかしなところは
無いみたい。",,"Yeah, there doesn't
seem to be anything
strange."
0xeb614,51,"気のせいかな…。何かがいそうな
気がしたんだけど…。",,"Maybe it's just my
imagination... I felt like
there was something,
but..."
0xeb648,51,"とりあえず保存して、後でもう一度
聞いてみましょう。",,"I'll save it for now and
listen to it again later."
0xeb684,20,なんだろう…これ…。,,What could this be...
0xeb69c,24,な…なんか…聞こえる…。,,"S-something... I hear
something..."
0xeb6b8,32,今度、パソコンで拡大してみよう。,,"Next time I'll enlarge it
on the computer."
0xeb6dc,39,"うん、特におかしなところは
無いみたい。",,"Yeah, there doesn't
seem to be anything
strange."
0xeb704,51,"気のせいかな…。何かがいそうな
気がしたんだけど…。",,"Maybe it's just my
imagination... I felt like
there was something,
but..."
0xeb748,6,何で？,,Why?
0xeb750,6,キャ！,,Aah!
0xeb760,6,えっ？,,Huh?
0xeb768,6,キャ！,,Aah!
0xeb770,6,何が？,,What thing?
0xeb778,6,はい。,,Yes.
0xeb788,6,うん。,,Yeah.
0xeb7a0,6,えっ！,,Huh!
0xeb7a8,6,あっ。,,Ah.
0xeb7b8,8,サクマ？,,Sakuma?
0xeb7c4,8,行くぞ！,,Let's go!
0xeb80c,8,待って！,,Wait!
0xeb818,8,降りよう,,Let's get off
0xeb824,8,えっ…？,,Huh...?
0xeb83c,8,えっ！？,,Huh!?
0xeb848,8,ばーか。,,Idiot.
0xeb854,8,…えっ？,,...Huh?
0xeb860,8,いや…。,,No...
0xeb89c,8,風が…。,,The wind...
0xeb8a8,8,えっ…。,,Huh...
0xeb8b4,8,そだね。,,That's right.
0xeb8c0,8,近い…。,,It's close...
0xeb8d8,8,急ごう。,,Let's hurry.
0xeb8e4,8,くそっ！,,Damn it!
0xeb8f0,8,じゃあね,,See you
0xeb8fc,10,警報機だ。,,It's the alarm.
0xeb908,10,拡張工事？,,An expansion?
0xeb914,10,違う……。,,No...
0xeb920,10,そうだね。,,That's right.
0xeb92c,10,お、おい！,,H-hey!
0xeb938,10,うるへー。,,Shut up.
0xeb944,10,いいよ…。,,It's fine...
0xeb950,10,分かった。,,Got it.
0xeb95c,10,今度こそ。,,This time for sure.
0xeb968,10,じゃあね。,,See you.
0xeb974,10,これが…。,,This is...
0xeb980,10,さようなら,,Goodbye
0xeb98c,10,はいはい。,,"Yeah, yeah."
0xeb998,10,リコこそ！,,"You too, Riko!"
0xeb9a4,10,じゃあな。,,See you.
0xeb9b0,10,…そうだ。,,...That's right.
0xeb9bc,10,まさか…。,,No way...
0xeb9c8,10,無視しよう,,Let's ignore it
0xeb9d4,10,それだれ？,,Who's that?
0xeb9e0,10,そうなの？,,Really?
0xeb9ec,10,地下水だ。,,It's groundwater.
0xeb9f8,10,無理だよ。,,It's impossible.
0xeba04,10,うるへー。,,Shut up.
0xeba10,10,そうだね。,,That's right.
0xeba1c,10,ここは…。,,This place...
0xeba28,10,こわ……。,,So scary...
0xeba34,10,へぇ……。,,Wow...
0xeba40,10,あ…リコ。,,Ah... Riko.
0xeba4c,12,時代だった。,,It was a different era.
0xeba5c,12,じゃあ、な。,,See you.
0xeba6c,12,さようなら。,,Goodbye.
0xeba7c,12,再利用した。,,They reused it.
0xeba8c,12,なんで俺が！,,Why me!
0xeba9c,12,何の話だろ？,,"What is he talking
about?"
0xebaac,12,この音…！？,,This sound...!?
0xebabc,12,…ホコラ…？,,...A shrine...?
0xebacc,12,裏切り者め。,,Traitor.
0xebadc,12,冷たいなあ。,,You're so cold.
0xebaec,12,東桐塚駅…。,,"Higashi-Kirizuka
Station..."
0xebafc,12,いいじゃん。,,Who cares.
0xebb0c,12,あ、あれ…。,,"Ah, that..."
0xebb1c,12,わたしも行く,,I'm coming too
0xebb2c,12,電車に乗ろう,,Let's get on the train
0xebb3c,12,て、停電か？,,I-is it a blackout?
0xebb4c,12,に、逃げよ！,,L-let's run!
0xebb5c,12,あ、人が…。,,"Ah, there's someone..."
0xebb6c,12,懐中時計…。,,A pocket watch...
0xebb7c,12,それは……。,,That is...
0xebb8c,12,あ、ユウタ。,,"Ah, Yuuta."
0xebb9c,12,く、崩れる！,,I-it's collapsing!
0xebbac,12,サクマ……！,,Sakuma...!
0xebbbc,12,元駅員さん？,,"A former station
employee?"
0xebbcc,12,おい、リコ！,,"Hey, Riko!"
0xebbdc,12,うーん……。,,Hmm......
0xebbec,14,おかしい……。,,That's weird...
0xebbfc,14,…アイテム…。,,...An item...
0xebc0c,14,わしはサクマ。,,I'm Sakuma.
0xebc1c,14,それに乗って？,,And I get on that?
0xebc2c,14,そうだな……。,,That's right...
0xebc3c,14,わたしは……。,,I...
0xebc4c,14,時計の音……。,,"The sound of the
clock..."
0xebc5c,14,わたしも行く！,,I'm coming too!
0xebc6c,14,この電車……。,,This train...
0xebc7c,14,えっ、どこに？,,"Huh, where to?"
0xebc8c,14,それに乗って？,,And I get on that?
0xebc9c,14,早く行こうぜ。,,Let's hurry up.
0xebcac,14,少しだけだよ。,,Just a little.
0xebcbc,14,は？何でだよ？,,Huh? Why?
0xebccc,14,魔よけのお札？,,A protective charm?
0xebcdc,14,分かった……。,,Got it...
0xebcec,14,危なかった…。,,That was close...
0xebcfc,14,こ、今度は何？,,A-and now what?
0xebd0c,14,魔よけのお札？,,A protective charm?
0xebd1c,14,そうなんだ…。,,I see...
0xebd2c,14,ユウタくんは？,,And Yuuta?
0xebd3c,14,それに乗って？,,And I get on that?
0xebd4c,14,停まった……。,,It stopped...
0xebd5c,14,１８時５９分。,,18:59.
0xebd6c,14,つくったんだ。,,I made it.
0xebd7c,16,行ってみましょ。,,Let's go see.
0xebd90,16,どうしたユウタ？,,"What's wrong, Yuuta?"
0xebda4,16,あの時は驚いた。,,"I was surprised at that
moment."
0xebdb8,16,うん……じゃあ、,,"Yeah... then,"
0xebdcc,16,どうしてですか？,,Why?
0xebde0,16,うわっネズミだ！,,"Ugh, a rat!"
0xebdf4,16,ちょっと、リコ！,,"Hey, Riko!"
0xebe08,16,なんだろうこれ？,,What could this be?
0xebe1c,16,光は向こうだよ。,,The light is over there.
0xebe30,16,危なかった……！,,That was close...!
0xebe44,16,僕も分からない。,,I don't know either.
0xebe58,16,なんだろうこれ？,,What could this be?
0xebe6c,16,それに乗ると…。,,If I get on that...
0xebe80,16,乗るのはやめよう,,We'd better not get on
0xebe94,16,ちょっとミズキ、,,"Hey, Mizuki,"
0xebea8,16,客がいない……。,,"There are no
passengers..."
0xebebc,16,２人とも降りて！,,"Both of you, get off!"
0xebed0,16,ユウタ、頼んだ。,,"Yuuta, I'm counting on
you."
0xebee4,16,よかったぁ……。,,What a relief...
0xebef8,16,なんだろうこれ？,,What could this be?
0xebf0c,16,うん、かなりね。,,"Yeah, quite a bit."
0xebf20,16,話を聞いてみよう,,Let's hear what he says
0xebf34,16,なんだろうこれ？,,What could this be?
0xebf48,16,かなり茶色いよ。,,It's pretty brown.
0xebf5c,16,わかってるって。,,I know that already.
0xebf70,16,こ、こわい……。,,S-so scary...
0xebf84,16,どうなってんだ？,,What's going on?
0xebf98,16,ユウタ、出番だ！,,"Yuuta, it's your turn!"
0xebfac,16,ダメ、開かない。,,"No, it won't open."
0xebfc0,16,怪奇現象を調べに,,"To investigate
paranormal phenomena"
0xebfd4,16,なんだろうこれ？,,What could this be?
0xebfe8,16,また時計の音…。,,"The sound of the clock
again..."
0xebffc,16,また時計の音だ。,,"The sound of the clock,
again."
0xec010,16,そうかもしれん。,,Maybe so.
0xec024,16,うん…逃げよう。,,Yeah... let's run.
0xec038,16,いや、知らない。,,"No, I don't know."
0xec04c,16,入ってみよう…。,,Let's go in...
0xec060,16,…あ…足元……。,,Ah... at my feet...
0xec074,16,なんだろうこれ？,,What could this be?
0xec088,16,…き…消えた…。,,I-it disappeared...
0xec09c,18,向こうから光が…。,,"There's light over
there..."
0xec0b0,18,ああ、お嬢さん方。,,"Ah, young ladies."
0xec0c4,18,ユウタ、知ってる？,,"Yuuta, do you know?"
0xec0d8,18,間違いないでしょ。,,There's no doubt.
0xec0ec,18,電車が出るよ……。,,The train's leaving...
0xec100,18,リコが心配だから。,,"Because I'm worried
about Riko."
0xec114,18,行っちゃった……。,,It's gone...
0xec128,18,いや、分からない。,,"No, I don't know."
0xec13c,18,僕もそう思う……。,,I think so too...
0xec150,18,あれ……わたし…。,,Huh... I...
0xec164,18,ガクブチ　ノ　ウラ,,BEHIND THE FRAME
0xec178,18,わかった、協力する,,"Got it, I'll help you"
0xec18c,18,何か、落ちてる…。,,Something fell...
0xec1a0,18,ところでいま何時？,,"By the way, what time is
it?"
0xec1b4,18,ヤバいよ、この人！,,This person is scary!
0xec1c8,18,じゃあ、降りるか。,,"Well, let's get off."
0xec1dc,18,生き埋めで死んだ。,,He died buried alive.
0xec1f0,18,ああ、お嬢さん方。,,"Ah, young ladies."
0xec204,18,じゃあ、決まりね。,,"Well, it's decided."
0xec218,18,これからどうする？,,What do we do now?
0xec22c,18,ミズキ、どうする？,,"Mizuki, what do we do?"
0xec240,18,また…時計の音…。,,"Again... the sound of
the clock..."
0xec254,20,じゃあリコお願いね。,,"Then, I'm counting on
you, Riko."
0xec26c,20,うわ、来ちゃったよ。,,"Ugh, it's already here."
0xec284,20,ちょっと、リコ……。,,"Hey, Riko..."
0xec29c,20,　できませんでした）,,...it couldn't be done)
0xec2b4,20,あれ？マサキじゃん。,,"Huh? Oh, it's Masaki."
0xec2cc,20,わたしたちの…せい？,,Is it... our fault?
0xec2e4,20,話聞けないかなぁ…。,,"I guess we won't get to
hear the story..."
0xec2fc,20,ほかのところに行こう,,Let's go somewhere else
0xec314,20,もしかして、ここ…。,,"Could it be that this
place..."
0xec32c,20,そっとしておこう…。,,"We'd better leave him
alone..."
0xec344,20,リコ、時間もないし、,,"Riko, there's no time,"
0xec35c,20,これで証明されたね。,,This proves it.
0xec374,20,電車に乗ろうと思って,,"I was thinking about
getting on the train"
0xec38c,20,コインロッカーベビー,,"Baby abandoned in a
coin locker"
0xec3a4,20,そんなことしてんの？,,Are you doing that?
0xec3bc,20,それは、どんな……？,,"That, what kind of...?"
0xec3d4,20,線路が続いているね。,,The tracks keep going.
0xec3ec,20,うん、行ってみよう。,,"Yeah, let's go see."
0xec404,20,赤ちゃん…まさか…。,,A baby... no way...
0xec41c,20,ユウタ、どうなんだ？,,"Yuuta, what about that?"
0xec434,20,触らない方がいいよ。,,"You'd better not touch
it."
0xec44c,20,ここにいた方がいいよ,,You'd better stay here
0xec464,20,幻の……ホーム……。,,"The... phantom...
platform..."
0xec47c,20,ううん。ありがとう。,,No. Thanks.
0xec494,20,穴…？今の揺れで…。,,"A hole...? With that
tremor..."
0xec4ac,20,そういえば…あの時。,,"Now that I think about
it... at that moment."
0xec4c4,20,そんなことしてんの？,,Are you doing that?
0xec4dc,20,（話してくれました）,,(He told me)
0xec4f4,20,当時のポスターだね。,,"It's a poster from that
era."
0xec50c,20,乗ってはいけないよ。,,You shouldn't get on.
0xec524,20,（その日の深夜……）,,(That same night...)
0xec53c,20,チェンメ……うざ…。,,"Chain mail... how
annoying..."
0xec554,22,おじいさん、あの……。,,"Sir, um..."
0xec56c,22,そっか、大変だったね。,,"I see, that must've been
tough."
0xec584,22,（なくなったそうです）,,"(They say it
disappeared)"
0xec59c,22,改札に行ってみよっか。,,"Let's go to the ticket
gate."
0xec5b4,22,“キリヅカ”…なんだ。,,"""Kirizuka""... that's it."
0xec5cc,22,当時はコインロッカーに,,"Back then, in the locker"
0xec5e4,22,それに使われていない。,,"It's not used for that
anymore."
0xec5fc,22,これでいいのかな……。,,"I wonder if this is
okay..."
0xec614,22,そのとき、幻のホームに,,"At that moment, on the
phantom platform"
0xec62c,22,違うってどういうこと？,,"What do you mean
that's not right?"
0xec644,22,もう壊れているみたい。,,"It looks like it's already
broken."
0xec65c,22,でも、大丈夫かな……。,,"But, will it be okay..."
0xec674,22,もしかして罠かも……。,,Could it be a trap...
0xec68c,22,もう少し調べてみよう。,,"Let's investigate a bit
more."
0xec6a4,22,今…後ろに…気配が…。,,"Right now... there's a
presence... behind
me..."
0xec6bc,22,あれ、リコがいない！？,,"Huh, Riko's not here!?"
0xec6d4,22,上からじゃないかな…。,,"Maybe it's coming from
above..."
0xec6ec,22,やっぱり、リコが心配。,,"In the end, I'm worried
about Riko."
0xec704,22,この車両だけじゃない。,,It's not just this car.
0xec71c,22,ユウタなら分かるよな？,,"You know about this,
right, Yuuta?"
0xec734,22,変だよね……これ……。,,This is so weird...
0xec74c,22,今はここを調べなきゃ。,,"Right now we need to
check this."
0xec764,22,僕は何もしてない……。,,I didn't do anything...
0xec77c,22,（真実を訴えることは）,,(Telling the truth)
0xec794,22,だめだ、中は何もない。,,"No, there's nothing
inside."
0xec7ac,22,面白半分ってよくないよ,,"It's not okay to do it just
for fun"
0xec7c4,22,（それから数日後……）,,(A few days later...)
0xec7dc,22,ちょっとまずくない…？,,Isn't this a problem...?
0xec7f4,22,これは古い時刻表だね。,,This is an old schedule.
0xec80c,22,あたしの…赤ちゃん…。,,My... baby...
0xec824,22,ホームで自殺した人が、,,"Someone who committed
suicide on the platform,"
0xec83c,22,何か刻まれているね…。,,"There's something
engraved..."
0xec854,22,赤ちゃんを捨てるとか？,,Like abandoning a baby?
0xec86c,22,今はここを調べなきゃ。,,"Right now we need to
check this."
0xec884,22,あとは…信じるしか…。,,"Now all that's left is...
to believe..."
0xec89c,22,くまなく調べてみよう。,,"Let's check everything
thoroughly."
0xec8b4,23,"えっ！
そんなハズは！？",,"Huh! That can't be
possible!?"
0xec8cc,24,（そして、それ以来……）,,(And since then...)
0xec8e8,24,（あるかもしれません…）,,(It might exist...)
0xec904,24,そういうつもりじゃ……。,,"That wasn't my
intention..."
0xec920,24,と、鳥肌たってきた……。,,"I-I'm getting
goosebumps..."
0xec93c,24,ウワサ聞いたことがある。,,I've heard that rumor.
0xec958,24,拡張工事のせいだと思う。,,"I think it's because of
the expansion work."
0xec974,24,この穴が無ければ今頃…。,,"If it weren't for this
hole, right now..."
0xec990,24,地下鉄のウワサ知ってる？,,"Do you know the subway
rumor?"
0xec9ac,24,最後に聞きたいんですけど,,"Lastly, I wanted to ask
you"
0xec9c8,24,階段を上がってみようぜ。,,Let's go up the stairs.
0xec9e4,24,いいのか、乗らなくて！？,,"Are you sure we
shouldn't get on!?"
0xeca00,24,何か嫌な予感がする……。,,I have a bad feeling...
0xeca1c,24,これじゃあ、動かないな。,,"It's not going to move
like this."
0xeca38,24,ユウタ、運転できるのか。,,"Yuuta, do you know how
to drive it?"
0xeca54,24,な、何なんだよ！お前ら！,,"W-what is wrong with
you guys!"
0xeca70,24,さっき進んだ距離だと…、,,"Based on the distance we
traveled..."
0xeca8c,24,後ろからなにか音しない？,,"Don't you hear
something behind us?"
0xecaa8,24,ホームに降りてみようよ。,,"Let's go down to the
platform."
0xecac4,24,へへへ、なんかあったの？,,"Heh heh, did something
happen?"
0xecae0,24,だいぶ石が欠けているね。,,"The stone is pretty worn
down."
0xecafc,24,ここが……三ツ谷公園駅？,,"This is... Mitsuya Koen
Station?"
0xecb18,24,これから、どうしよう…。,,"What do we do from here
on..."
0xecb34,24,うん、聞いたことがある。,,"Yeah, I've heard of it."
0xecb50,24,時計の音が…止まった…。,,"The sound of the
clock... it stopped..."
0xecb6c,24,でも、怖い思いした子に、,,"But, to the girl who got
scared,"
0xecb88,24,ずいぶん急だったからね。,,It was pretty sudden.
0xecba4,24,いやぁぁぁぁぁぁぁぁぁ！,,Aaaaaaaah!
0xecbc0,24,ユウタ、ドア閉めたのか？,,"Yuuta, did you close the
door?"
0xecbdc,25,"そうだな。
その方がいい。",,"That's right. Better this
way."
0xecbf8,26,ユウタが来るまでだからな。,,"It's just until Yuuta gets
here."
0xecc14,26,おい！わしの話を聞かんか！,,"Hey! Listen when I'm
talking!"
0xecc30,26,空洞…？奥まで続いてる…。,,"A hollow space...? It
goes all the way back..."
0xecc4c,26,拡張工事は中止するんじゃ！,,"The expansion work is
canceled!"
0xecc68,26,（時間は深夜だったため、）,,"(Since it was late at
night,)"
0xecc84,26,そんなこと言われても……。,,"Even if you tell me
that..."
0xecca0,26,拡張工事は中止するんじゃ！,,"The expansion work is
canceled!"
0xeccbc,26,おい！わしの話を聞かんか！,,"Hey! Listen when I'm
talking!"
0xeccd8,26,あっ！ここ、メールが届く！,,Ah! I get a signal here!
0xeccf4,26,ちょっと近づきにくいよね。,,"It's a bit hard to get
close, isn't it?"
0xecd10,26,それが旧三ツ谷公園駅だよ。,,"That's the old Mitsuya
Koen Station."
0xecd2c,26,この石…なんか気になる…。,,"This stone... something
about it bothers me..."
0xecd48,26,迷路のような洞窟を抜けて、,,"After passing through a
maze-like cave,"
0xecd64,26,その祠が怪現象に関係ある？,,"Could that shrine have
something to do with the
strange phenomena?"
0xecd80,26,これが例のナナシの問題か？,,"Is this the famous
Nanashi problem?"
0xecd9c,26,これで、帰れってことかな？,,"Does this mean we can
go back?"
0xecdb8,26,ちょっと、何よその言い方。,,"Hey, what's with that
tone?"
0xecdd4,26,大げさだな、次は終点だろ。,,"You're overreacting,
the next one is the last
stop."
0xecdf0,26,大げさだな、次は終点だろ。,,"You're overreacting,
the next one is the last
stop."
0xece0c,26,誰かいるって、ゼッタイ…。,,"There's definitely
someone here..."
0xece28,26,どうなってんだよ、これ…。,,"What the heck is going
on here..."
0xece44,26,見て！運転席が空っぽだよ。,,"Look! The driver's seat
is empty."
0xece60,26,（電車にはねられて死亡…）,,"(He died after being hit
by a train...)"
0xece7c,26,電車の事ならユウタだよな？,,"If it's about trains,
Yuuta's the expert,
right?"
0xece98,26,どこから聞こえるんだろう。,,"Where could that sound
be coming from?"
0xeceb4,26,僕もそこまでは詳しくない。,,"I don't know that much
about it either."
0xeced0,26,こんなにたくさんの地蔵…。,,"There are so many Jizo
statues..."
0xeceec,26,お見舞いに来たよ、ナナカ！,,"I came to visit you,
Nanaka!"
0xecf08,26,ちょ、ちょっとまだ話が…。,,"Wait, wait, I still have
something to say..."
0xecf24,26,今は１８時４０分だから…。,,"It's 6:40 PM now,
so..."
0xecf40,26,あんたこそ、何でいるのよ？,,And why are you here?
0xecf5c,26,何か分かるかもしれないし。,,"We might find something
out."
0xecf78,26,少し大きくなってきている。,,"It's getting a little
bigger."
0xecf94,26,今は…なんともないけど…。,,"Right now... I don't
feel anything strange,
but..."
0xecfb0,26,あれ、お前らどうしたんだ？,,"Hey, what happened to
you two?"
0xecfcc,26,でも、何かちょっとね……。,,"But, something's off..."
0xecfe8,27,"行き止まりだ。
引き返そう。",,"It's a dead end. Let's
turn back."
0xed004,28,ああ、ミズキの後ろに女が…。,,"Ah, there's a woman
behind Mizuki..."
0xed024,28,ねぇ、このロッカーの後ろ…。,,"Hey, behind this
locker..."
0xed044,28,…ロッカーの異変と関係が…。,,"...Could it be related to
the strangeness with the
locker..."
0xed064,28,ロッカー、動かしてみないか。,,"What if we try moving
the locker?"
0xed084,28,こんなに古い駅じゃねーよ…。,,"This isn't that old of a
station..."
0xed0a4,28,空気の流れが変わったんだ…。,,The airflow changed...
0xed0c4,28,そんなことがあったなんて…。,,"I didn't know something
like that had
happened..."
0xed0e4,28,結局、ルートを大きく迂回し、,,"In the end, we had to
take a big detour,"
0xed104,28,また空気の流れが変わった…。,,"The airflow changed
again..."
0xed124,28,なにかが隠されているのなら。,,"If something's hidden
here."
0xed144,28,これって時刻表にない電車…？,,"Isn't this train not on
the schedule...?"
0xed164,28,ああ、じゃあ俺たち行くから。,,"Ah, well, we're heading
out now."
0xed184,28,早くしないと電車が出ちゃう！,,"If we don't hurry, the
train's going to leave!"
0xed1a4,28,そうだな…他に方法もないし。,,"You're right... there's
no other way."
0xed1c4,28,きっと何かあるに違いないぜ。,,"There's definitely
something here, no
doubt."
0xed1e4,28,三ツ谷公園駅へ向かわないと。,,"We need to go to Mitsuya
Koen Station."
0xed204,28,この石…何かの破片なのかな？,,"This stone... could it be
a fragment of
something?"
0xed224,28,だいぶ落ち着いてきたけど…。,,"I've calmed down a lot,
but..."
0xed244,28,かなり怖い思いしたんだって？,,"I heard you got really
scared, huh?"
0xed264,28,この穴から…脱出させて……。,,"Get me out of this
hole..."
0xed284,28,そうそう、ある時間になると、,,"That's right, when a
certain time comes,"
0xed2a4,30,そうだね…。ここを調べた方が。,,"You're right... we
should investigate here."
0xed2c4,30,ああ…怒りで震えてるのかも…。,,"Ah... maybe I'm
shaking with anger..."
0xed2e4,30,自慢することじゃないと思う…。,,"I don't think that's
something to brag
about..."
0xed304,30,いるはずのない人影が見えたり、,,"Sometimes you see the
outline of someone who
shouldn't be there,"
0xed324,30,どこかに変化がおきたはずだよ。,,"Something must have
changed somewhere."
0xed344,30,老いた今でもそれが心残りで…。,,"Even now that I'm old,
it still weighs on me..."
0xed364,30,わからん、だがおそらくそうだ。,,"I don't know, but that's
probably it."
0xed384,30,それで祠の神様が怒っちゃった？,,"And that's why the
shrine's god got angry?"
0xed3a4,30,どうやって帰ってきたんですか？,,How did you get back?
0xed3c4,30,どうやって帰ってきたんですか？,,How did you get back?
0xed3e4,30,これから、どうすればいいんだ？,,"What are we supposed to
do now?"
0xed404,30,この線路、ここで遮断されてる。,,"This track is blocked
here."
0xed424,30,さっき…ミズキの後ろにいた…。,,"A moment ago... it was
behind Mizuki..."
0xed444,30,けっこう高いから気をつけて…。,,"It's pretty high, be
careful..."
0xed464,30,…俺たち…帰ってきた…のか…。,,"...Did we... make it
back...?"
0xed484,30,今は保健室で休んでるんだって。,,"They say she's resting
in the nurse's office
now."
0xed4a4,30,悪気がなくたってダメだってば。,,"Even if it wasn't your
intention, it's still not
okay."
0xed4c4,30,ともかく帰ってこれてよかった。,,"Anyway, I'm glad we
made it back."
0xed4e4,30,…よし！あたしたちに任せてよ。,,...Okay! Leave it to us.
0xed504,30,えーと、始発と最終電車は……？,,"Let's see, the first and
last trains are...?"
0xed524,30,よし、東桐塚駅にしゅっぱーつ！,,"Alright, off to
Higashi-Kirizuka
Station!"
0xed544,30,この時間なのに、人が少ないね。,,"There are very few
people at this hour."
0xed564,30,あの、サクマさん知りませんか？,,"Excuse me, do you know
Mr. Sakuma?"
0xed584,30,ナナカは夕方、事件にあった…。,,"Nanaka had an accident
at dusk..."
0xed5a4,30,待って。裏になにか貼ってある。,,"Wait. There's something
stuck on the back."
0xed5c4,30,忘れ物したって、学校に戻った。,,"He said he forgot
something and went back
to school."
0xed5e4,30,待って。裏になにか貼ってある。,,"Wait. There's something
stuck on the back."
0xed604,30,よし…１つずつ開けてみよう…。,,"Okay... let's open
them one by one..."
0xed624,30,楽しんでる場合じゃないでしょ。,,"This isn't the time to be
having fun."
0xed644,30,ウワサの広まりようがないだろ。,,"There's no way that
rumor could have
spread."
0xed664,32,そろそろ他のところも見てみよう。,,"It's about time we
checked other places
too."
0xed688,32,どうしたらいいのかわからないよ。,,I don't know what to do.
0xed6ac,32,（奇跡的に１人の怪我人もなく、）,,"(Miraculously, with no
injuries,)"
0xed6d0,32,何か分かるかもしれないんだから。,,"Because we might
discover something."
0xed6f4,32,昔、江戸川線で働いておったんだ。,,"I used to work on the
Edogawa Line."
0xed718,32,このポスター、はがれかけている。,,"This poster is peeling
off."
0xed73c,32,きっとお祓いしたときの名残りね。,,"It's probably what's left
from the exorcism."
0xed760,32,しかし、あれに乗らなかったら…。,,"But if we hadn't gotten
on that..."
0xed784,32,アイツ、この電車に乗ったのかな？,,"Could he have gotten on
this train?"
0xed7a8,32,コインロッカーの奥がアヤシイな。,,"The back of the locker
looks suspicious."
0xed7cc,32,きっと、これで帰れるはずだよ…。,,"This should let us go
back for sure..."
0xed7f0,32,駅員さんが来るまで待ってようよ。,,"Let's wait for the station
employee to come."
0xed814,32,あの人たちは、ここに残るんだ…。,,"Those people are staying
here..."
0xed838,32,この石…何か刻まれているみたい。,,"This stone... seems to
have something
engraved on it."
0xed85c,32,この穴の奥から、風が吹いてくる。,,"Wind is blowing from the
back of this hole."
0xed880,32,トンネルにお地蔵さんもあったし。,,"There were also Jizo
statues in the tunnel."
0xed8a4,32,根掘り葉掘り話を聞こうなんて…。,,"That thing about asking
about every last
detail..."
0xed8c8,32,あたしがそんなに非常識に見える？,,"Do I really look that out
of place?"
0xed8ec,32,大変だったみたいだね、大丈夫！？,,"Sounds like you had a
rough time, are you
okay!?"
0xed910,32,長い時間、放置されてたみたい…。,,"It looks like it's been
abandoned for a long
time..."
0xed934,32,リコなら信じてくれると思うから。,,"Because I think Riko will
actually believe me."
0xed958,32,（そう心の隅で感じるのですが、）,,"(That's what I feel deep
in my heart,)"
0xed97c,32,（それでもわたしはもう２度と、）,,"(Even so, I will never
again,)"
0xed9a0,32,うーん、ホームには何もないねぇ。,,"Hmm, there's nothing
on the platform."
0xed9c4,32,数年後、捨てた親の前に出てきて、,,"Years later, it appeared
before the parent who
abandoned it,"
0xed9e8,32,アンテナがまた元に戻っちゃった。,,"The antenna went back
to how it was before."
0xeda0c,32,次の電車まであと１５分もあるね。,,"There's still 15 minutes
until the next train."
0xeda30,32,以前は終電ぐらいの時間になると、,,"Before, when it got close
to the last train's time,"
0xeda54,32,ああ、リコにつき合わされたのか。,,"Ah, so Riko dragged you
along."
0xeda78,32,きっとお祓いしたときの名残りね。,,"It's probably what's left
from the exorcism."
0xeda9c,32,とりあえずホームに降りてみよう。,,"For now, let's go down
to the platform."
0xedac0,32,このポスター、はがれかけている。,,"This poster is peeling
off."
0xedae4,32,マサキは地下鉄のウワサ知ってる？,,"Masaki, do you know the
subway rumor?"
0xedb08,32,列車がカーブを曲がり損ねた時…。,,"When the train failed to
take the curve
properly..."
0xedb2c,32,そのまま永久に帰ってこられない。,,"And they were never
able to come back again."
0xedb50,33,"そう。
首を切った塚があるから…。",,"That's right. Because
there's a mound where a
head was cut off..."
0xedb74,33,"そう。
あれに乗らなかったら……。",,"That's right. If we
hadn't gotten on
that..."
0xedb98,33,"そう。
あれに乗らなかったら……。",,"That's right. If we
hadn't gotten on
that..."
0xedbbc,33,"ここで起きた怪奇現象を
調べに…。",,"I came to investigate the
strange phenomena that
happened here..."
0xedbe0,35,"おい…。
おさめる方法、ないのかよ。",,"Hey... isn't there some
way to calm it down?"
0xedc04,35,"わしが辿りついたのは祠の前
だった。",,"Where I ended up was
right in front of the
shrine."
0xedc28,35,"サクマさんは、その幻のホーム
から、",,"Mr. Sakuma, from that
phantom platform,"
0xedc4c,35,"サクマさんは、その幻のホーム
から、",,"Mr. Sakuma, from that
phantom platform,"
0xedc70,35,"あ……な、何で…いつの、
間に……。",,"Ah... wh-why... since
when..."
0xedc94,35,"ミズキ、探したよ！
どこいってたの？",,"Mizuki, I was looking for
you! Where did you go?"
0xedcb8,35,"もう！
こっちは大変だったんだから！",,"That's enough! We had
a really rough time here!"
0xedcdc,35,"さすがミズキ様。
そうこなくっちゃ。",,"Just what you'd expect
from the great Mizuki.
That's how it's done."
0xedd00,35,"気のせいか、風の流れが
かわったな。",,"Maybe it's just me, but
the wind changed
direction."
0xedd24,35,"やっぱり…。
ここが三ツ谷公園駅だ。",,"I knew it... this is
Mitsuya Koen Station."
0xedd48,35,"懐中時計、サクマさんに
渡さなきゃ！",,"I have to give the pocket
watch back to Mr.
Sakuma!"
0xedd6c,35,"さっきみたいな人身事故が
あったり、",,"Like the accident that
just happened, or things
like that,"
0xedd90,35,"…ああ、あのおじいさんの
知り合い？",,"...Ah, are you an
acquaintance of that old
man?"
0xeddb4,35,"懐中時計はご家族に
渡しておくから。",,"I'll give the pocket
watch to his family."
0xeddd8,35,"ああ、小学校のとき流行った
からね。",,"Ah, it's just that it
became popular in
elementary school."
0xeddfc,35,"このロッカーから時計の音が
する…。",,"A clock's ticking is
coming from this
locker..."
0xede20,35,"そもそも
誰も帰って来てないんじゃ、",,"To begin with, if no one
has come back,"
0xede44,35,"じゃ…
サクマさんがわたしたちを…。",,"Then... Mr.
Sakuma..."
0xede68,37,"ええい！
わしの話をちゃんと聞けと…。",,"Enough already! Listen
carefully to what I'm
saying..."
0xede90,37,"このままじゃ、大変なことが
起こるぞ。",,"If we keep going like
this, something terrible
is going to happen."
0xedeb8,37,"ええい！
わしの話をちゃんと聞けと…。",,"Enough already! Listen
carefully to what I'm
saying..."
0xedee0,37,"このままじゃ、大変なことが
起こるぞ。",,"If we keep going like
this, something terrible
is going to happen."
0xedf08,37,"おかしな人かもしれないし、
無視しよ。",,"He might be some
weirdo, let's just ignore
him."
0xedf30,37,"後ろの人ににらまれたりするん
だよね。",,"Sometimes the person
behind you glares at
you."
0xedf58,37,"昔も色々な不思議なことが
起こったよ。",,"A lot of strange things
happened before too."
0xedf80,37,"いや…、
そんな小さなことじゃない…。",,"No... it's not
something that small..."
0xedfa8,37,"えっ…あ、
…何か使えるアイテムは…。",,"Huh... ah, is there
some item I can use...?"
0xedfd0,37,"幻のホームのウワサは
知っているだろ。",,"You know the rumor
about the phantom
platform, right?"
0xedff8,37,"ここから出してもらえるように
お祈り。",,"Let's pray that they let
us out of here."
0xee020,37,"お…おい、さらに激しくなって
ないか。",,"Hey... hey, isn't it
getting stronger?"
0xee048,37,"マサキとユウタは何か見つけた
かな…？",,"Did Masaki and Yuuta
find something...?"
0xee070,37,"そう。乗り遅れないように
急いだから、",,"Yeah. Since I hurried so
I wouldn't miss the
train,"
0xee098,37,"そのとき時計を落として
しまったんだ。",,"That's when I dropped
the watch."
0xee0c0,37,"まずいよ、この電車！
２人とも降りて。",,"This train is dangerous!
Both of you, get off."
0xee0e8,37,"ミズキ、改札口辺りをよく
調べようよ。",,"Mizuki, let's check the
ticket gate area
carefully."
0xee110,37,"ここにいると危ないよ。
早く離れよう。",,"It's dangerous to stay
here. Let's get away
quickly."
0xee138,37,"そうだな、
とりあえずホームに行こう。",,"You're right, let's head
to the platform for now."
0xee160,37,"だから、ロッカーの異変が
収まった…。",,"That's why the
strangeness with the
locker settled down..."
0xee188,37,"終点の三ツ谷公園駅の方が
近いもんな。",,"The terminal, Mitsuya
Koen Station, is closer."
0xee1b0,37,"流石のユウタもこれは
分からないか…。",,"Not even Yuuta
understands this..."
0xee1d8,37,"ついさっき人身事故を目撃
しちゃって、",,"Just a moment ago I
witnessed an accident
involving someone,"
0xee200,37,"誰もあたしの話を
信じてくれないし…。",,"And nobody believes
what I'm saying..."
0xee228,37,"ナナカの不安を晴らして
あげたいのよ。",,"I want to help Nanaka
get rid of that worry."
0xee250,37,"ナナカが元気になるなら…
協力するよ。",,"If it's to help Nanaka get
better... I'll help you."
0xee278,37,"どうせヘンなモノでも
食べたんでしょ。",,"You probably ate
something weird."
0xee2a0,37,"どうせヘンなモノでも
食べたんでしょ。",,"You probably ate
something weird."
0xee2c8,37,"その工事が原因不明の事故で
遅れたり、",,"That construction was
delayed by accidents
with no clear cause,"
0xee2f0,37,"別に、ごまかさなくても
いいじゃない。",,"You don't have to hide
it, you know."
0xee318,37,"アイツの家、三ツ谷公園のそば
だから。",,"His house is near
Mitsuya Koen."
0xee340,37,"相変わらず仲いいわね、
あんたたちは。",,"You two are still as close
as ever."
0xee368,37,"誰かがレバーの操作を助けて
くれた…。",,"Someone helped me
move the lever..."
0xee390,39,"（地面が陥没してトンネルが
　崩壊……）",,"(The ground caved in
and the tunnel
collapsed...)"
0xee3b8,39,"よければお話を聞かせて
もらえませんか？",,"If you don't mind, could
you tell us what you
know?"
0xee3e0,39,"自動改札ってさ、スムーズに
通れないと、",,"You know, if you can't
get through the
automatic ticket gate
smoothly,"
0xee408,39,"そのせいか工事中も事故が
絶えなかった。",,"Maybe that's why the
accidents never stopped
during construction."
0xee430,39,"あのときはさすがに祟りと
恐れられてな。",,"Back then, people were
afraid of it, thinking it
was a curse."
0xee458,39,"なんでそれが『あたしたち』に
なるのよ。",,"How does that end up
being our fault?"
0xee480,39,"それでも怪奇現象が続いて
いたんですか？",,"Did the strange
phenomena keep
happening even then?"
0xee4a8,39,"とても大事な時計を忘れてきて
しまった。",,"I forgot a very important
watch."
0xee4d0,39,"これらは完全に『江戸川線の呪い』
だね！",,"This is definitely the
Edogawa Line curse!"
0xee4f8,39,"だって、どこに行くか
わからないんだよ。",,"It's just that no one
knows where it goes."
0xee520,39,"わたしも、ここにいるのはダメだと
思う。",,"I also think we shouldn't
stay here."
0xee548,39,"落ち着いて操作すれば、
きっと大丈夫さ。",,"If we handle it calmly,
I'm sure everything will
be fine."
0xee570,39,"シミュレーションでやったことが
ある…。",,"I've done it in a
simulation before..."
0xee598,39,"（もうわたしたちには
　出来ません……）",,"(There's nothing more
we can do...)"
0xee5c0,39,"先に進んだ方がいいんじゃ
ないかな……。",,"Wouldn't it be better to
keep moving forward..."
0xee5e8,39,"さっき俺たちが
のってた電車だったよな？",,"That was the train we
were riding a while ago,
right?"
0xee610,39,"別に、悪気があるわけじゃないん
だから。",,"It's not like he's doing
it with bad intentions."
0xee638,39,"（地面が陥没してトンネルが
　崩壊……）",,"(The ground caved in
and the tunnel
collapsed...)"
0xee660,39,"（奇怪な現象が起こっている
　そうです）",,"(They say strange
phenomena are
occurring)"
0xee688,39,"近くにつながる場所があるかも
しれない。",,"There might be a
connected place nearby."
0xee6b0,39,"（あの電車には乗りたく
　ありません…）",,"(I don't want to get on
that train...)"
0xee6d8,39,"お札って…呪いを解くには…
必要かも…。",,"A talisman... it might
be necessary... to
break the curse..."
0xee700,39,"『親はおまえだ！』っていう
怪談だよな。",,"That's the legend of
""You Are the Father,""
right?"
0xee728,39,"ちょっとぉ。
あたし１人を悪者にする気？",,"Hey. Are you going to
make me out to be the
bad guy here?"
0xee750,39,"幽霊が目撃されるって噂だった
けど……。",,"It was said that ghosts
were seen there, but..."
0xee778,39,"はい、忘れ物の懐中時計を
届けたくて…。",,"Yes, I wanted to return
a pocket watch he
forgot..."
0xee7a0,39,"サクマさんなら３日前に
亡くなられたよ。",,"If you mean Mr.
Sakuma, he passed away
three days ago."
0xee7c8,39,"幻のホームって…どこに
あるんだろう…。",,"The phantom
platform... where could
it be..."
0xee7f0,39,"ここで待ち合わせることに
なってるんだ。",,We agreed to meet here.
0xee818,39,"…使われていない幻のホームに
迷いこむ。",,"...You end up lost on
an abandoned phantom
platform."
0xee840,39,"ミズキにも来たでしょ、ナナシの
メール。",,"You got Nanashi's email
too, right?"
0xee868,39,"いいからいいから。
まだ時間あんでしょ？",,"Okay, okay, relax.
There's still time, right?"
0xee890,39,"早く三ツ谷公園駅に行かないと
危ないよ。",,"It's dangerous, we need
to hurry to Mitsuya Koen
Station."
0xee8b8,41,"大変なことが起こるとか
言ってたけど……。",,"He said something
terrible was going to
happen, but..."
0xee8e4,41,"あんたらも早くこの駅を出た方が
ええ……。",,"You two should also
leave this station
soon..."
0xee910,41,"あんたらも早くこの駅を出た方が
ええ……。",,"You two should also
leave this station
soon..."
0xee93c,41,"ああ、地下鉄を運転していたことも
あった。",,"Ah, I also got to drive
the subway."
0xee968,41,"事故のあった場所をカーブする
ことにした。",,"They decided to put a
curve at the site of the
accident."
0xee994,41,"通ったときは、無愛想な
駅員さんがいたね。",,"When we passed by,
there was a pretty curt
station employee."
0xee9c0,41,"赤ん坊が捨てられる事件なんかも
あってね。",,"There was also a case of
an abandoned baby."
0xee9ec,41,"時刻表にない電車がこの駅に
入ってきて…。",,"A train that's not on the
schedule pulled into this
station..."
0xeea18,41,"気がついたら幻のホームに
着いていた……。",,"By the time I noticed, I
had already arrived at
the phantom
platform..."
0xeea44,41,"わしも帰ってこられなかったのかも
しれん。",,"Maybe I wasn't able to
come back either."
0xeea70,41,"あんたたちも、くれぐれも気をつけ
なさい。",,"You two be very careful
too."
0xeea9c,41,"時計の音…。
どこから聞こえるんだろう…。",,"The sound of a clock...
where could it be coming
from..."
0xeeac8,41,"わしも帰ってこられなかったのかも
しれん。",,"Maybe I wasn't able to
come back either."
0xeeaf4,41,"わしも帰ってこられなかったのかも
しれん。",,"Maybe I wasn't able to
come back either."
0xeeb20,41,"（わたしの選択は……
　間違っていました）",,"(My decision... was
wrong)"
0xeeb4c,41,"ケータイはアンテナが少し動いて
いるから、",,"My phone's antenna is
moving a little, so"
0xeeb78,41,"（あの幻のホームで…
　わたしには他に、）",,"(On that phantom
platform... I had no
choice but to,)"
0xeeba4,41,"早くケータイがつながる場所を
探さないと。",,"We need to quickly find a
place where the phone
has signal."
0xeebd0,41,"こういうの、面白半分ってよくない
と思う。",,"I don't think it's okay to
do this like it's some
kind of game."
0xeebfc,41,"ああ、またお前、ミズキを
巻き込んだのか。",,"Ah, you dragged Mizuki
into this again."
0xeec28,41,"今日はユウタの家でメシ食おうと
思ってさ。",,"Today I was planning to
eat at Yuuta's place."
0xeec54,41,"幻のホームにいった人は
どうなっちゃうの？",,"What happens to the
people who reach the
phantom platform?"
0xeec80,43,"（関係者は胸を撫で下ろしたと
　聞きました）",,"(I heard those in charge
breathed a sigh of
relief)"
0xeecac,43,"他にもあるかもしれない…。
探してみようぜ。",,"There might be more...
let's look."
0xeecd8,43,"（江戸川線の奇怪な現象が
　起こることは、）",,"(That strange
phenomena occur on the
Edogawa Line,)"
0xeed04,43,"ああ、そのホームに、
また電車が着いたのさ。",,"Ah, a train arrived at
that platform again."
0xeed30,43,"ああ、そのホームに、
また電車が着いたのさ。",,"Ah, a train arrived at
that platform again."
0xeed5c,43,"ああ、そのホームに、
また電車が着いたのさ。",,"Ah, a train arrived at
that platform again."
0xeed88,43,"隣の車両にも、
その隣にもいないみたいだ…。",,"It seems she's not in the
next car either, or the
one after that..."
0xeedb4,43,"どういうこと？
まだ次の駅についてないのに。",,"What does this mean?
We haven't even
reached the next station
yet."
0xeede0,43,"下りてはみたけど……。
これからどうするの？",,"We got off, but... what
do we do now?"
0xeee0c,43,"（乗客の中にも、
　大勢の犠牲者が出ました）",,"(There were also many
casualties among the
passengers)"
0xeee38,43,"１つ目は、ホテルや旅館の霊が出る
部屋では、",,"The first is that, in hotel
or inn rooms where
ghosts appear,"
0xeee64,43,"魔よけのお札を隠して貼っている
って話だね。",,"they say they hide a
protective talisman stuck
there."
0xeee90,43,"なんだかすごく楽しそうな顔で
話すんだね…。",,"You're talking about this
with such a happy
face..."
0xeeebc,43,"始発は５時、最終電車は０時って
書いてある。",,"It says the first train is
at 5 and the last at
midnight."
0xeeee8,43,"霊の活動が活発になっているって
ことかもね。",,"Maybe the spirits'
activity has gotten more
intense."
0xeef14,43,"わたしたちの会ったサクマさんは
いったい…。",,"That Mr. Sakuma we
met... who was he
really..."
0xeef40,43,"地下鉄の線路を歩くなんて
めったにないよな。",,"It's not common to walk
along the subway
tracks."
0xeef6c,45,"（わたしも電車に乗って遠出を
　することが、）",,"(I also used to go far
away by train,)"
0xeef9c,45,"ってことは、どっかに道が
できたんじゃねぇか？",,"That means a path
opened up somewhere,
right?"
0xeefcc,45,"回送電車に、乗ってるはずのない
乗客がいたり。",,"Sometimes there are
passengers who
shouldn't be there on
out-of-service trains."
0xeeffc,45,"ああ、昔はよくあったって聞いた
ことある……。",,"Ah, I've heard it used to
happen a lot before..."
0xef02c,45,"わしは行ったことがあるんだ、
まだ若い頃にな。",,"I was there once, back
when I was still young."
0xef05c,45,"ほかの穴と違って奥が深いな。
入って見ようか。",,"This hole is deeper than
the others. Let's go in
and see."
0xef08c,45,"あ、あたし、トイレ。
今朝からお腹が痛くて…。",,"Ah, I'm going to the
bathroom. My
stomach's been hurting
since this morning..."
0xef0bc,45,"（もっとやれることが
　あったのかもしれない）",,"(Maybe there were more
things I could have
done)"
0xef0ec,45,"霊となっても自殺の場面を
繰り返しているとか、",,"They say that, turned
into a spirit, he keeps
repeating the scene of
his suicide,"
0xef11c,45,"とにかく、最近の江戸川線は
ヤバすぎるわけよ。",,"Anyway, the Edogawa
Line has been way too
weird lately."
0xef14c,45,"時刻表にのってない電車が
ホームに入ってきて、",,"A train that's not on the
schedule pulls into the
platform,"
0xef17c,47,"まだあんたたちが生まれる前に
辞めちまったがね。",,"Even though I quit
before you two were
born."
0xef1ac,47,"たしかにこのあたりは、昔の遺跡
とか多いもんね。",,"It's true there are a lot
of old ruins around
here."
0xef1dc,47,"そうか、ここらへん一帯は、
昔の処刑場だった…。",,"I see, this whole area
used to be an execution
ground..."
0xef20c,47,"首切りの井戸がここにつながって
いるってことか。",,"So the beheading well
connects to here."
0xef23c,47,"学生さんたちも時刻表にのってない
電車を見たら、",,"If you students also see
a train that's not on the
schedule,"
0xef26c,47,"とにかく相次ぐ工事トラブル、
人身事故の急増…。",,"Anyway, one
construction problem
after another, a sudden
spike in accidents..."
0xef29c,47,"お客さんいないね。
リコも乗らなかったのかなぁ。",,"There are no
passengers. I wonder if
Riko didn't get on
either."
0xef2cc,47,"自分がロッカーに捨てた赤ちゃんを
取り返した…？",,"Did she get back the
baby she herself
abandoned in the
locker...?"
0xef2fc,47,"嫌な予感がする…。
早く三ツ谷公園駅を目指そう。",,"I have a bad feeling...
let's hurry to Mitsuya
Koen Station."
0xef32c,47,"ちょっとお腹が痛くなって、
ちょっとトイレに…。",,"My stomach started
hurting a little, so I went
to the bathroom for a
bit..."
0xef35c,47,"（ナナカは東桐塚駅のホームで
　起こったことを）",,"(What happened to
Nanaka on the platform
at Higashi-Kirizuka
Station,)"
0xef38c,47,"その悪霊の正体、
あたしたちが突き止めてあげる！",,"We're going to figure
out the true identity of
that evil spirit!"
0xef3bc,47,"（そして……江戸川線では今も
　昼夜を問わず、）",,"(And even now, on the
Edogawa Line, day or
night,)"
0xef3ec,47,"ミズキにはナナカのつらさを
わかってほしいなあ。",,"I wish Mizuki understood
how hard a time Nanaka
is having."
0xef41c,47,"って、その前にトイレ。
今朝からお腹が痛くて…。",,"Well, first I'm going to
the bathroom. My
stomach's been hurting
since this morning..."
0xef44c,47,"怪奇現象の影響で、利用者が
減ってんだよきっと。",,"I bet ridership dropped
because of the strange
phenomena."
0xef47c,47,"２つ目は、コインロッカーに
捨てられた赤ん坊が、",,"The second is that a
baby abandoned in a
locker,"
0xef4ac,47,"時刻表にない電車がホームに入って
くるだとか…。",,"a train that's not on the
schedule pulls into the
platform..."
0xef4dc,47,"あと、下りは次の三ツ谷公園駅が
終点なんだけど、",,"Also, heading outbound,
the next stop, Mitsuya
Koen, is the terminal,"
0xef50c,47,"今、その先に終点を伸ばす工事を
やってるでしょ？",,"and right now they're
doing construction to
extend the line past it,
right?"
0xef53c,47,"『江戸川線は闇につながってる』
って、そのこと？",,"Is that the thing about
the Edogawa Line
connecting to the
darkness?"
0xef56c,49,"あたしたち、ここの噂のことを
調べてるんですけど。",,"We're investigating the
rumor about this place."
0xef5a0,49,"さっきの駅員さんとの話、聞かせて
もらえませんか？",,"Could you tell us what
you talked about with
that employee earlier?"
0xef5d4,49,"天然ガスの噴出による爆発事故
では、作業員５０人が",,"In the explosion accident
caused by a natural gas
leak, 50 workers"
0xef608,49,"地蔵を調べてみようぜ。
きっと、何か分かるはずだ。",,"Let's check the Jizo
statue. We're bound to
find something out."
0xef63c,49,"だから、わしは工事を止めるよう
言うとるんじゃが。",,"That's why I keep telling
them to stop the
construction."
0xef670,49,"あれ、次の電車まで後１０分ぐらい
あるはずなのに。",,"That's weird, there
should still be about 10
minutes until the next
train."
0xef6a4,49,"ナナカとは１年のときから、同じ
クラスだったんだ。",,"Nanaka and I have been
classmates since first
year."
0xef6d8,49,"宿泊客にわからないように、部屋に
飾る額縁の裏に、",,"Without the guests
noticing, behind the
decorative frame in the
room,"
0xef70c,51,"でも、最近特に変なことが
起こっているっていうのは？",,"But, about that thing
where strange things
have been happening
lately?"
0xef740,51,"ここは、電車が来たときに避難する
ための穴なのかな。",,"Could this hole be for
taking shelter when a
train comes?"
0xef774,51,"時計の音は、ゼッタイ改札口
辺りから聞こえたはず…。",,"The sound of the clock
must have come from
near the ticket gates..."
0xef7a8,51,"（高校生３人組がふざけて地下鉄
　線路に入り込み、）",,"(A group of three high
schoolers went onto the
subway tracks for fun,)"
0xef7dc,51,"このあたりは工場も多いから、
ふれないほうがいいよ。",,"There are a lot of
factories around here,
you'd better not touch
anything."
0xef810,51,"それと、もし相手の調子が悪そう
だったらすぐ帰るよ。",,"Also, if we see the other
person isn't feeling
well, we'll leave right
away."
0xef844,51,"この駅を出てから５分ぐらいしか
たってないってこと？",,"So only about 5 minutes
have passed since we
left this station?"
0xef878,51,"じゃあ、わたしたち帰るね。
ごめんね……押しかけて。",,"Well, we're heading out
now. Sorry... for
showing up
unannounced."
0xef8ac,51,"コインロッカーって、いろいろ
怖いウワサがあるよね。",,"Lockers have a bunch of
scary rumors, right?"
0xef8e0,51,"まあ方向は同じかもしんないけど、
遠回りだろ、それ。",,"Well, it might be the
same direction, but
that's a detour."
0xef914,51,"あたしたち、ここで起きた
怪奇現象を調査しに来たの。",,"We came to investigate
the strange phenomena
that happened here."
0xef948,51,"でもちょうどよかった。
あんたたちも協力するでしょ？",,"But it's great that I ran
into you. You two are
going to help too, right?"
0xef97c,53,"中でも開通目前、東桐塚駅と
三ツ谷公園駅の間で起きた、",,"Among them, right
before the opening, the
one that happened
between
Higashi-Kirizuka and
Mitsuya Koen stations,"
0xef9b4,53,"わたしは電車通学じゃないから、
体験したことないなぁ。",,"Since I don't commute to
school by train, I've
never experienced it."
0xef9ec,53,"ちなみにあたしは１０回中に
４回くらいは引っかかるよ。",,"By the way, it happens
to me about 4 out of 10
times."
0xefa24,53,"（翌日の新聞に、わたしたちの
　死亡記事が載りました）",,"(The next day, the news
of our deaths was in the
paper)"
0xefa5c,53,"大丈夫、ただのコウモリだよ。
僕らにびっくりしたんだ。",,"Relax, it's just a bat. It
got scared by us."
0xefa94,53,"電車が停まったことを駅員さんに
知らせないといけない。",,"We need to let the
station employee know
the train stopped."
0xefacc,53,"いまも『落ちろ』って声が、
ずっと耳から離れなくて…。",,"That voice saying ""Fall""
still won't leave my
head..."
0xefb04,53,"そもそも江戸川線って、怖い
ウワサがいっぱいあるんだ。",,"To begin with, the
Edogawa Line has a ton
of scary rumors."
0xefb3c,53,"だってそういうの好きだろ、お前。
人に迷惑かけるなよ。",,"It's just that you like
that kind of stuff, right?
Don't bother people with
it."
0xefb74,55,"とにかく、この音のおかげで
ここまでたどり着けたんだな。",,"Anyway, thanks to this
sound we were able to
make it here."
0xefbac,55,"だから、地中の掘削はもともと
あった遺跡につながる洞穴を",,"That's why the
underground excavation
connected with a cave
that led to some existing
ruins,"
0xefbe4,55,"ああ。路線を延ばすために、
また地下を掘っておるんだよ。",,"Ah. They're digging
underground again to
extend the line."
0xefc1c,55,"いま、非常用コックで扉を開けた。
降りた方がいいと思う。",,"I just opened the door
with the emergency
valve. I think we should
get off."
0xefc54,55,"どっちかに脱出の手がかりが
隠されていればいいんだけど。",,"Hopefully one of the two
has a clue for escaping
hidden in it."
0xefc8c,57,"（江戸川線の拡張工事現場で、
　大規模な事故が起きました）",,"(A large-scale accident
occurred at the Edogawa
Line expansion
construction site)"
0xefcc8,57,"（わたしたちの力では、怪奇現象の
　原因を突き止めることが",,"(On our own, figuring
out the cause of the
strange phenomena,"
0xefd04,57,"ここは…江戸川線に広がる怨念が
最後にたどり着く場所……。",,"This is... the place
where all the resentment
spreading through the
Edogawa Line finally
ends up..."
0xefd40,57,"その後に、ロッカーから赤ん坊の
泣き声が聞こえるとか、な。",,"And after that, they say
you can hear a baby
crying from the locker."
0xefd7c,57,"まさか。あの話、本気にしたの？
ダイヤが乱れてるだけだろ。",,"No way. You actually
believed that story? The
schedule's just messed
up."
0xefdb8,57,"（江戸川線の拡張工事現場で、
　大規模な事故が起きました）",,"(A large-scale accident
occurred at the Edogawa
Line expansion
construction site)"
0xefdf4,57,"時刻表にない電車に乗るって
言ってたよね、あのおじいさん。",,"That old man said he was
going to get on a train
that's not on the
schedule, right?"
0xefe30,59,"東桐塚駅で会ったお爺さん。
昔、この祠に来たことがあるって。",,"The old man we met at
Higashi-Kirizuka
Station. He said he'd
come to this shrine
before."
0xefe6c,59,"真相がわかれば、あの子だって
元気になるかもしれないでしょ。",,"If we find out the truth,
maybe she'll get better
too."
0xefea8,61,"時計を落としたって言ってた。
とっても大事なものだったって…。",,"He said he'd dropped
his watch. That it was
something very
important to him..."
0xefee8,61,"その区画にあった旧三ツ谷公園駅も
封鎖し、新しい三ツ谷公園駅を",,"They also closed the old
Mitsuya Koen Station
that was in that area,
and built the new
Mitsuya Koen Station"
0xeff28,63,"ああ。そもそもこの沿線が開通した
のは、戦前の物資の足りなかった",,"Ah. To begin with, this
line opened before the
war, back when
resources were scarce,"
0xeff68,63,"サクマさんは、その幻のホームから
どうやって帰ってきたんですか？",,"How did Mr. Sakuma
make it back from that
phantom platform?"
0xeffa8,63,"これって、昔の事故で亡くなった
人を供養するための場所なのかも。",,"This might be a place to
honor those who died in
accidents long ago."
0xeffe8,63,"夜中にコインロッカーに近づくと、
赤ちゃんの泣き声が聞こえるって",,"They say if you go near
the locker in the middle
of the night, you can
hear a baby crying,"
0xf0060,6,うん。,,Yeah.
0xf0070,6,出ない,,No answer
0xf0078,6,えっ？,,Huh?
0xf0080,6,家族？,,Family?
0xf0088,6,うん。,,Yeah.
0xf0098,6,ああ。,,Ah.
0xf00a8,6,出ない,,No answer
0xf00b0,6,えっ？,,Huh?
0xf00b8,6,わっ。,,Whoa.
0xf00c0,6,うん。,,Yeah.
0xf00d0,6,えっ？,,Huh?
0xf00d8,6,えっ？,,Huh?
0xf00f0,6,そう。,,That's right.
0xf0108,6,そう？,,Really?
0xf0110,6,小包？,,A package?
0xf0118,6,うん。,,Yeah.
0xf0120,6,はい。,,Yes.
0xf0128,6,うん。,,Yeah.
0xf0130,6,そお？,,Oh really?
0xf0140,6,うん。,,Yeah.
0xf0150,6,しっ。,,Shh.
0xf0160,6,うん。,,Yeah.
0xf0168,6,えっ。,,Huh.
0xf0170,6,はぁ？,,Huh?
0xf0180,6,へえ。,,Huh.
0xf0188,6,マジ？,,Really?
0xf0198,6,うん。,,Yeah.
0xf01a0,8,うん…。,,Yeah...
0xf01ac,8,うーん。,,Mmm.
0xf01b8,8,行こう。,,Let's go.
0xf01c4,8,教えて。,,Tell me.
0xf01d0,8,決めた。,,Decided.
0xf01f4,8,住所…？,,The address...?
0xf0200,8,えっ…？,,Huh...?
0xf020c,8,床にまく,,Scatter it on the floor
0xf0224,8,ははっ。,,Ha.
0xf0230,8,まあね。,,More or less.
0xf023c,8,先生…。,,Teacher...
0xf0248,8,次は…。,,Next up...
0xf0260,8,うわ…。,,Whoa...
0xf026c,8,うん…。,,Yeah...
0xf0278,8,失礼な。,,How rude.
0xf0284,8,ちっ…、,,"Tch...,"
0xf0290,8,うん…。,,Yeah...
0xf02a8,8,えーっ！,,Whaat!
0xf02b4,8,さあ…。,,Who knows...
0xf02c0,8,お願い！,,Please!
0xf02cc,8,なに…？,,What...?
0xf02d8,8,えっ…。,,Huh...
0xf02e4,8,きゃっ。,,Eek!
0xf02f0,8,霊が…。,,A spirit...
0xf02fc,8,おーい。,,Hey.
0xf0308,8,はっ…。,,Ah...
0xf0314,8,えっ…。,,Huh...
0xf0320,8,いや…。,,No...
0xf0338,8,リコ…。,,Riko...
0xf0344,8,あっ…。,,Ah...
0xf0350,8,…動物？,,...An animal?
0xf035c,8,なんて？,,What did you say?
0xf0368,8,どこで？,,Where?
0xf0374,8,おーい。,,Hey.
0xf0380,8,住所…？,,The address...?
0xf038c,8,メール？,,An email?
0xf03b0,8,勝手に？,,On its own?
0xf03bc,8,同窓会？,,A class reunion?
0xf03c8,8,ええっ？,,Whaat?
0xf03e0,8,だね…。,,That's true...
0xf03ec,8,いいよ。,,It's fine.
0xf03f8,8,ううん。,,No.
0xf0410,8,はっ…。,,Ah...
0xf0434,10,３回言う。,,Say it 3 times
0xf0440,10,やべえよ。,,This is bad.
0xf0458,10,わかった。,,Got it.
0xf0464,10,なるほど。,,I see.
0xf0470,10,教えてよ。,,"Come on, tell me."
0xf047c,10,……ダメ？,,...Can't I?
0xf0488,10,…うん…。,,...Yeah...
0xf04a0,10,知り合い？,,An acquaintance?
0xf04ac,10,苦しい…。,,It hurts...
0xf04b8,10,あ、うん。,,"Ah, yeah."
0xf04c4,10,絶対そう。,,That's definitely it.
0xf04d0,10,…お願い！,,...Please!
0xf0500,10,あ、リコ！,,"Ah, Riko!"
0xf050c,10,いいなあ。,,I'm so jealous.
0xf0518,10,げほっ…。,,Cough...
0xf0524,10,その時は？,,And at that moment?
0xf0530,10,…さてと。,,...Well then.
0xf053c,10,いいって。,,"I already told you it's
fine."
0xf0548,10,げほっ…。,,Cough...
0xf0560,10,安全だよ。,,It's safe.
0xf0584,10,うーん…。,,Mmm...
0xf0590,10,（お願い）,,(Please)
0xf05b4,10,なぁんだ。,,"Ah, that's what it was."
0xf05d8,10,（ひっ…）,,(Eek...)
0xf05f0,10,ミズキ…。,,Mizuki...
0xf05fc,10,口にふくむ,,Put it in your mouth
0xf0608,10,口にふくむ,,Put it in your mouth
0xf0614,10,玄関に出る,,Go out to the entryway
0xf062c,10,玄関に出る,,Go out to the entryway
0xf0638,10,なにそれ？,,What's that?
0xf0644,10,外をのぞく,,Look outside
0xf0650,10,なんだ…。,,That's weird...
0xf065c,10,家族とか？,,"A family member,
maybe?"
0xf0668,10,（いや…）,,(No...)
0xf0680,10,やめてよ。,,Stop it.
0xf068c,10,はいはい。,,"Yeah, yeah."
0xf0698,10,だよね…。,,Right...
0xf06a4,10,そうだ…。,,That's right...
0xf06b0,10,もう大丈夫,,I'm fine now
0xf06bc,10,ううん…。,,No...
0xf06d4,10,口にふくむ,,Put it in your mouth
0xf06ec,10,なんだ…？,,What could it be...?
0xf0704,10,…これ…。,,...This...
0xf0710,10,じゃ、再生,,"Okay, play it"
0xf0728,10,床に落とす,,Drop it on the floor
0xf0734,10,そうしよ。,,Let's do it that way.
0xf0740,10,（はっ…）,,(Ah...)
0xf074c,10,ふぁああ。,,Aaah.
0xf0758,10,あ、リコ。,,"Ah, Riko."
0xf0794,10,そして…、,,"And then...,"
0xf07a0,10,家族とか？,,"A family member,
maybe?"
0xf07b8,10,風呂へ入る,,Get in the bath
0xf07c4,10,そっか…。,,I see...
0xf07d0,10,…大丈夫？,,...Are you okay?
0xf07dc,10,…ゆみこ？,,...Yumiko?
0xf07f4,10,特には…。,,Nothing in particular...
0xf0830,10,実はね…。,,Actually...
0xf0848,10,よかった。,,What a relief.
0xf0854,10,床に落とす,,Drop it on the floor
0xf089c,12,行ってみる？,,Want to go take a look?
0xf08ac,12,何も無い…。,,There's nothing here...
0xf08cc,12,らしいって。,,That's what they say.
0xf08dc,12,（ユミコ…）,,(Yumiko...)
0xf08ec,12,どうしたの？,,What's wrong?
0xf08fc,12,いやあああ！,,Noooo!
0xf090c,12,うん………。,,Yeah.........
0xf091c,12,……ばれた？,,...Did they notice?
0xf093c,12,趣味悪いね。,,"You have such bad
taste."
0xf094c,12,・・・・・・,,......
0xf095c,12,…ゆみこ…。,,...Yumiko...
0xf096c,12,床下収納…。,,"The under-floor storage
compartment..."
0xf098c,12,（これを…）,,(This...)
0xf099c,12,ダッシュ…。,,Run for it...
0xf09ac,12,（これを…）,,(This...)
0xf09bc,12,そうだね…。,,You're right...
0xf09cc,12,コックリサン,,Kokkuri-san
0xf09dc,12,なにこれ…。,,What is this...
0xf09ec,12,（あれ…？）,,(Huh...?)
0xf09fc,12,・・・・・・,,......
0xf0a0c,12,心配ないよ。,,Don't worry.
0xf0a1c,12,コンビニ…。,,"The convenience
store..."
0xf0a2c,12,ミズキ……。,,Mizuki......
0xf0a3c,12,見たって…。,,She said she saw it...
0xf0a4c,12,やめてよ…。,,Stop it already...
0xf0a5c,12,机で勉強する,,Study at the desk
0xf0a6c,12,奥の物置…。,,"The storage room in the
back..."
0xf0a7c,12,さ、どうぞ。,,"Come on, go ahead."
0xf0a8c,12,やばくねえ？,,Isn't that kind of weird?
0xf0a9c,12,どうしたの？,,What's wrong?
0xf0aac,12,どうしたの？,,What's wrong?
0xf0abc,12,ああ………。,,Aaah.........
0xf0acc,12,（ひぃぃ！）,,(Eeek!)
0xf0adc,12,そうだね…。,,You're right...
0xf0aec,12,もしもし…。,,Hello...?
0xf0b0c,12,（はっ……）,,(Ah......)
0xf0b1c,12,…ミズキ…。,,...Mizuki...
0xf0b2c,12,わかったよ。,,Got it.
0xf0b3c,12,…うーん…。,,...Hmm...
0xf0b4c,12,幽霊探知機！,,A ghost detector!
0xf0b5c,12,（フフッ…）,,(Heh heh...)
0xf0b6c,12,カップは…、,,"The cup is...,"
0xf0b7c,12,この男…誰？,,This man... who is he?
0xf0b8c,12,耳をすませる,,Listen carefully
0xf0b9c,12,え？まあね。,,Huh? More or less.
0xf0bac,12,どしたの…？,,What's wrong...?
0xf0bbc,12,するしかない,,"There's no choice but to
do it"
0xf0bcc,12,やってみて。,,Give it a try.
0xf0bdc,12,（…終わり）,,(...It's over)
0xf0bec,12,やっぱり放置,,Leave it as it is
0xf0bfc,12,はがせるの？,,Can it be peeled off?
0xf0c1c,12,不動産屋が？,,The real estate agency?
0xf0c2c,12,いけない…。,,I shouldn't...
0xf0c3c,14,え……じゃあ。,,Huh... then.
0xf0c4c,14,ね……リコ……,,Hey... Riko...
0xf0c5c,14,マンションの？,,From the building?
0xf0c6c,14,えっ？まぁ…。,,Huh? Well...
0xf0c7c,14,熱でミイラが！,,"With the heat, the
mummy...!"
0xf0c8c,14,そうだけど…。,,"Yeah, but..."
0xf0c9c,14,一言だけいい？,,Can I just say one thing?
0xf0cac,14,なっ、ユウタ？,,"Right, Yuuta?"
0xf0cbc,14,そうなんだ…。,,I see...
0xf0ccc,14,ストーカー…。,,A stalker...
0xf0cdc,14,そうだっけ…。,,Was it like that...?
0xf0cec,14,（嘘でしょ…）,,(No way...)
0xf0cfc,14,１回だけだよ。,,Just once.
0xf0d0c,14,物置に行く…？,,"Go to the storage
room...?"
0xf0d1c,14,１階の部屋…？,,"The room on the first
floor...?"
0xf0d2c,14,普通なら日付？,,"Normally it'd be the
date, right?"
0xf0d3c,14,大丈夫だって。,,I'm telling you I'm fine.
0xf0d4c,14,…壁紙が……。,,...The wallpaper...
0xf0d5c,14,マサキ！やだ！,,Masaki! I don't want to!
0xf0d6c,14,…わかった…。,,...Got it...
0xf0d7c,14,ホントだって。,,I'm serious.
0xf0d8c,14,（どうしよう）,,(What do I do...)
0xf0d9c,14,サイズかな…？,,Could it be the size...?
0xf0dac,14,…やめてよ…。,,...Stop it already...
0xf0dbc,14,お風呂かな…。,,"Could it be the
bathroom...?"
0xf0dcc,14,ホントかな…。,,Could it be true...?
0xf0ddc,14,そうなんだ…。,,I see...
0xf0dec,14,物置に行く…？,,"Go to the storage
room...?"
0xf0dfc,14,わかったよ…。,,Got it...
0xf0e0c,14,２人でやろうよ,,"Let's do it together,
just us two"
0xf0e1c,14,あ、ごめんね。,,"Ah, sorry."
0xf0e2c,14,…まあね……。,,...More or less......
0xf0e3c,14,（…この音…）,,(...This sound...)
0xf0e4c,14,まさか…恋人…,,"No way... her
partner..."
0xf0e5c,14,これで、よし。,,"There, done."
0xf0e6c,14,…どうしたの？,,...What's wrong?
0xf0e7c,14,あ、止まった。,,"Ah, it stopped."
0xf0e8c,14,え？　うちの？,,Huh? Ours?
0xf0e9c,14,…サイズかな？,,...Could it be the size?
0xf0eac,14,あ、メール…。,,"Ah, an email..."
0xf0ebc,14,ラベル見て…。,,Look at the label...
0xf0ecc,14,もう…ダメ…。,,"I can't...take it
anymore..."
0xf0edc,14,次は浴室だよ。,,Next is the bathroom.
0xf0eec,14,うん、さっき。,,"Yeah, a little while ago."
0xf0efc,14,あたし、紅茶。,,I want tea.
0xf0f0c,14,知ってますか？,,Do you know that?
0xf0f1c,14,忘れないでね。,,Don't forget.
0xf0f2c,14,まずは浴室…。,,"First, the bathroom..."
0xf0f3c,14,そうこなきゃ。,,Now you're talking.
0xf0f4c,14,元ネタだって。,,"They say it's the origin
of the story."
0xf0f5c,14,えっ……マジ？,,Huh...... seriously?
0xf0f6c,14,もう無理だよ！,,I can't take it anymore!
0xf0f7c,14,今開けるから！,,I'm opening it now!
0xf0f8c,14,ウソはいかん。,,Lying isn't okay.
0xf0f9c,14,ハヤカワさん。,,Ms. Hayakawa.
0xf0fac,14,（…魔除け…）,,(...A charm...)
0xf0fbc,14,早く！逃げよ！,,Quick! Let's run!
0xf0fcc,14,そうなんだ…。,,I see...
0xf0fdc,14,用意したけど。,,"I got it ready, but."
0xf0fec,14,いないのかな。,,"I wonder if she's not
there."
0xf0ffc,14,…どうしたの？,,...What's wrong?
0xf100c,14,なんかあった？,,Did something happen?
0xf101c,14,（なにこれ…）,,(What is this...)
0xf102c,16,９月頃ですけど。,,"It was around
September."
0xf1040,16,縫い合わせる…。,,Sew it up...
0xf1054,16,人影を見たとか、,,"That they saw a
silhouette, or something
like that,"
0xf1068,16,急にどうしたの？,,"What's gotten into you
all of a sudden?"
0xf107c,16,わかってるって。,,I know that already.
0xf1090,16,見つかったら…？,,"What if we get
caught...?"
0xf10a4,16,…ユカリ先生…。,,...Yukari-sensei...
0xf10b8,16,気をつけろって。,,"They told me to be
careful."
0xf10cc,16,心の中で３回言う,,"Say it 3 times in your
mind"
0xf10e0,16,（感じました…）,,(I felt it...)
0xf10f4,16,えっ、マサキ！？,,"Huh, Masaki!?"
0xf1108,16,見いつけた……。,,Found you......
0xf111c,16,見いつけた……。,,Found you......
0xf1130,16,見いつけた……。,,Found you......
0xf1144,16,えっ、そうなの？,,"Huh, really?"
0xf1158,16,なんかあったの？,,Did something happen?
0xf116c,16,机の下にかくれる,,Hide under the desk
0xf1180,16,見いつけた……。,,Found you......
0xf1194,16,おばあちゃん…。,,Grandma...
0xf11a8,16,あれ、ベッドは？,,"Hey, what about the
bed?"
0xf11bc,16,これでおしまい。,,That's the end of it.
0xf11d0,16,…やめよっかな…,,"...Maybe I should stop
doing this..."
0xf11e4,16,かっこいいなあ。,,That's so cool.
0xf11f8,16,心の中で１回言う,,Say it once in your mind
0xf120c,16,まさか…恋人…。,,"No way... her
partner..."
0xf1220,16,（もういいよ…）,,"(It doesn't matter
anymore...)"
0xf1234,16,（見いつけた…）,,(Found you...)
0xf1248,16,心の中で３回言う,,"Say it 3 times in your
mind"
0xf125c,16,たぶんストーカー,,It's probably a stalker
0xf1270,16,えっ、…いいよ。,,Huh... okay.
0xf1284,16,気味悪いよね…。,,"That's a little creepy,
isn't it?"
0xf1298,16,（なんの音…？）,,"(What is that
sound...?)"
0xf12ac,16,あ、懐中電灯…。,,"Ah, the flashlight..."
0xf12c0,16,ヒトリカクレンボ,,Hitori Kakurenbo
0xf12d4,16,（どうしよう…）,,(What do I do...)
0xf12e8,16,そりゃ、そうだ。,,"Well, that makes sense."
0xf12fc,16,で、浴室に戻る。,,"And, I go back to the
bathroom."
0xf1310,16,ドキドキするね。,,"Exciting, isn't it?"
0xf1324,16,（た…助けて…）,,(H-help...)
0xf1338,16,心の中で３回言う,,"Say it 3 times in your
mind"
0xf134c,16,……なにか用か？,,"...Do you need
something?"
0xf1360,16,心の中で５回言う,,"Say it 5 times in your
mind"
0xf1374,16,ここから音が…？,,"Is the sound coming from
here...?"
0xf1388,16,次はあなたがオニ,,"Now it's your turn to be
the seeker"
0xf139c,16,心の中で３回言う,,"Say it 3 times in your
mind"
0xf13b0,16,どう、そっちは？,,"How's it going over
there?"
0xf13c4,16,見いつけた……。,,Found you......
0xf13d8,16,おーい、マサキ。,,"Hey, Masaki."
0xf13ec,16,あ、マサキだ…。,,"Ah, it's Masaki..."
0xf1400,16,おいでください。,,"Please, come."
0xf1414,16,切っちゃった…。,,It got cut off...
0xf1428,16,（見いつけた…）,,(Found you...)
0xf143c,16,（もういいよ…）,,"(It doesn't matter
anymore...)"
0xf1450,16,ね……リコ……。,,Hey... Riko...
0xf1464,16,心の中で５回言う,,"Say it 5 times in your
mind"
0xf1478,16,やっぱいないよ。,,She's not here after all.
0xf148c,16,（見いつけた…）,,(Found you...)
0xf14a0,16,気のせいでしょ。,,"It's probably your
imagination."
0xf14b4,16,おおっ…がっ…。,,Ohh...gah...
0xf14c8,16,わかった………。,,Got it.........
0xf14dc,16,またレトロな…。,,"So retro, again..."
0xf14f0,16,見いつけた……。,,Found you......
0xf1504,16,心の中で１回言う,,Say it once in your mind
0xf1518,16,ビデオテープ…。,,A videotape...
0xf152c,16,自分を信じて…。,,Believe in yourself...
0xf1540,16,頭に塩水をかける,,"Pour salt water on your
head"
0xf1554,16,え、お父さんは？,,"Huh, what about Dad?"
0xf1568,16,（もういいよ…）,,"(It doesn't matter
anymore...)"
0xf157c,16,もう１回確認する,,Check one more time
0xf1590,16,リビングからだ！,,"It's coming from the
living room!"
0xf15a4,16,早く消さないと！,,"We need to put it out
quickly!"
0xf15b8,16,頭に塩水をかける,,"Pour salt water on your
head"
0xf15cc,16,ベッドにかくれる,,Hide in the bed
0xf15e0,16,おかしなこと…？,,Something strange...?
0xf15f4,16,部屋に戻らない？,,"Shouldn't we go back to
the room?"
0xf1608,16,なんだ、これ…。,,What is this...
0xf161c,16,目を閉じて……。,,Close your eyes......
0xf1630,16,次はあなたがオニ,,"Now it's your turn to be
the seeker"
0xf1644,16,あ、マサキだ…。,,"Ah, it's Masaki..."
0xf1658,16,（時間が無い…）,,(There's no time...)
0xf166c,16,じゃ、また……。,,"Well, see you......"
0xf1680,16,早く消さないと！,,"We need to put it out
quickly!"
0xf1694,16,フフッ…かもね。,,Heh heh... maybe.
0xf16bc,16,再生してみよっか,,Let's try playing it
0xf16d0,16,のぞくしかない！,,"There's nothing to do
but peek!"
0xf16e4,16,そうじゃのう…。,,"That's right, well..."
0xf16f8,16,（なんだろ…？）,,(What could it be...?)
0xf170c,16,（…心霊現象…）,,"(...A paranormal
phenomenon...)"
0xf1720,18,（…倉田裕見子…）,,(...Kurata Yumiko...)
0xf1734,18,『自分を信じて…』,,"""Believe in yourself..."""
0xf1748,18,（まだ…間に合う）,,(There's still... time)
0xf175c,18,あ……俺、マサキ。,,Ah... I'm Masaki.
0xf1770,18,それじゃないって。,,I told you that's not it.
0xf1784,18,…よし、できたよ。,,"...Okay, done."
0xf1798,18,心の中で３回言う。,,"Say it 3 times in your
mind."
0xf17ac,18,さ、部屋に戻ろう。,,"Okay, let's go back to
the room."
0xf17c0,18,…はい、もしもし。,,"Yes, hello."
0xf17d4,18,まだ、ためらいが…,,"I'm still a little
hesitant..."
0xf17e8,18,ありがとう…先生。,,Thank you... teacher.
0xf17fc,18,ケータイで助けを…,,"Call for help with the
phone..."
0xf1810,18,（風呂を出たら…）,,"(When I get out of the
bath...)"
0xf1824,18,心の中で３回言う。,,"Say it 3 times in your
mind."
0xf1838,18,すぐに浴室を出る！,,"Get out of the bath
immediately!"
0xf184c,18,携帯にメールが…。,,"A message came to my
phone..."
0xf1860,18,そんな無責任な…。,,How irresponsible...
0xf1874,18,ねえ、終わり方は？,,"Hey, how does it end?"
0xf1888,18,死体…ミ、ミイラ！,,"A corpse... a-a
mummy!"
0xf189c,18,よしっ、外に出よう,,"Alright, let's go outside"
0xf18b0,18,何も反応が無い…。,,"There's no reaction at
all..."
0xf18c4,18,心の中で３回言う。,,"Say it 3 times in your
mind."
0xf18d8,18,（殺されました…）,,(She was murdered...)
0xf18ec,18,（気味が悪いし…）,,(Plus it's creepy...)
0xf1900,18,そのままにしておく,,Leave it as it is
0xf1914,18,つかまえたあ……。,,Gotcha......
0xf1928,18,そういう遊びだし。,,"It's just that kind of
game."
0xf193c,18,つかまえたあ……。,,Gotcha......
0xf1950,18,これじゃない……。,,This isn't it......
0xf1964,18,ナイフで刺す……。,,"Stab it with the
knife......"
0xf1978,18,あたしはカンベン。,,I'll pass on that.
0xf198c,18,つかまえたあ……。,,Gotcha......
0xf19a0,18,つかまえたあ……。,,Gotcha......
0xf19b4,18,（まず…どこへ…）,,(First... where to...)
0xf19c8,18,立てかけちゃった。,,"I ended up leaning it
against something."
0xf19dc,18,これじゃない……。,,This isn't it......
0xf19f0,18,ナイフで刺す……。,,"Stab it with the
knife......"
0xf1a04,18,ナイフで刺す…と。,,"Stab it with the knife...
and."
0xf1a18,18,おじゃましまーす。,,"Excuse me, coming in."
0xf1a2c,18,つかまえたあ……。,,Gotcha......
0xf1a40,18,それじゃないって。,,I told you that's not it.
0xf1a54,18,それじゃないって。,,I told you that's not it.
0xf1a68,18,なわけないよね…。,,"That can't be, right..."
0xf1a7c,18,何も反応が無い…。,,"There's no reaction at
all..."
0xf1a90,18,何も反応が無い…。,,"There's no reaction at
all..."
0xf1aa4,18,何も反応が無い…。,,"There's no reaction at
all..."
0xf1ab8,18,あ、お母さんだ…。,,"Ah, it's Mom..."
0xf1acc,18,マジで怖かったよ。,,It was really scary.
0xf1ae0,18,（お願い…出て…）,,(Please...pick up...)
0xf1af4,18,もしもし！レイカ？,,Hello! Reika?
0xf1b08,18,圏外！？…そんな！,,No signal!? No way!
0xf1b1c,18,そう。薄汚いやつ。,,Yeah. A gross guy.
0xf1b44,18,…うん、わかった。,,"...Yeah, got it."
0xf1b58,18,最初はわたしがオニ,,I'll be the seeker first
0xf1b6c,18,（マサキ！リコ！）,,(Masaki! Riko!)
0xf1b80,18,はああ！すっきり！,,Aaah! What a relief!
0xf1b94,18,なにこれ！キモッ！,,What is this! Gross!
0xf1ba8,18,（…気のせい…？）,,(...Is it just me...?)
0xf1bbc,18,ほんとに捨てる気？,,"Are you really going to
throw it away?"
0xf1bd0,18,…やめよっかな…。,,"...Maybe I should stop
doing this..."
0xf1be4,18,…はい、もしもし。,,"Yes, hello."
0xf1bf8,18,心の中で１０数える,,Count to 10 in your mind
0xf1c0c,18,ははっ…だね……。,,Haha... true......
0xf1c20,18,マジで怖かったよ。,,It was really scary.
0xf1c34,18,これじゃない……。,,This isn't it......
0xf1c48,18,ホントにそう思う？,,Do you really think that?
0xf1c5c,18,あ……俺、マサキ。,,Ah... I'm Masaki.
0xf1c70,18,とにかく出てみよ。,,"Anyway, let's go take a
look."
0xf1c84,18,死体が起き上がる？,,The corpse gets up?
0xf1c98,18,おじゃましまーす。,,"Excuse me, coming in."
0xf1cac,18,とにかくあがって。,,"Anyway, come on in."
0xf1cc0,18,はああ！すっきり！,,Aaah! What a relief!
0xf1cd4,18,えーっ！見ないで？,,Whaat! Don't look!
0xf1ce8,18,分かった分かった。,,"Okay, okay, got it."
0xf1cfc,18,もったいないなぁ。,,What a waste.
0xf1d10,18,しょうがないなあ。,,Can't be helped.
0xf1d24,18,（ひぃぃぃぃぃ！）,,(Eeeeek!)
0xf1d38,18,（もう…ダメええ）,,(I can't...take it)
0xf1d4c,18,（…どうしよう…）,,(...what do I do...)
0xf1d60,18,まだ…バスタブ…。,,Still... the bathtub...
0xf1d74,18,（お風呂場かな？）,,"(Could it be the
bathroom?)"
0xf1d88,18,２０年前？古すぎ。,,"20 years ago? That's so
old."
0xf1d9c,18,ごめんね…ミズキ。,,Sorry... Mizuki.
0xf1db0,18,（殺されました…）,,(She was murdered...)
0xf1dc4,18,…アルミホイル…。,,...Aluminum foil...
0xf1dd8,18,（殺されました…）,,(She was murdered...)
0xf1dec,18,わたしの部屋だ…。,,It's my room...
0xf1e14,18,押し入れにかくれる,,Hide in the closet
0xf1e28,18,…おい……天井…。,,"...Hey...... the
ceiling..."
0xf1e3c,18,……どうしよう…。,,...What do I do...
0xf1e50,18,倉田裕見子について,,About Yumiko Kurata
0xf1e64,18,うん、わかってる。,,"Yeah, I know that."
0xf1e78,18,どっちなら信じる？,,"Which of the two do you
believe?"
0xf1e8c,18,火の回りがはええ！,,"The fire is spreading
really fast!"
0xf1ea0,18,怖くてのぞけない…,,"It's scary, I can't
look..."
0xf1eb4,18,つかまえたあ……。,,Gotcha......
0xf1ec8,18,おっ……ああ……。,,Oh...... ah......
0xf1edc,18,あったらしいって。,,They say there was.
0xf1ef0,18,（ないという……）,,"(They say there
isn't...)"
0xf1f04,18,これを沈めて…と。,,Sink this... and.
0xf1f18,20,（…ストーカー男…）,,(...A stalker...)
0xf1f30,20,（貼られていました）,,(It was stuck on)
0xf1f48,20,（都市伝説の真実…）,,"(The truth behind the
urban legend...)"
0xf1f60,20,とっても不安です…。,,I'm really uneasy...
0xf1f78,20,どっちもどっちかな。,,"Maybe they're both just
as bad."
0xf1f90,20,まだ、ためらいが…。,,"I'm still a little
hesitant..."
0xf1fa8,20,（わからせないと…）,,"(I have to make him
understand...)"
0xf1fc0,20,まだ、何かあるの…？,,Is there still more...?
0xf1fd8,20,ひたすらたえるしか…,,"There's nothing left to
do but endure it..."
0xf1ff0,20,ちゃんと聞いててよ。,,"Listen carefully, okay."
0xf2008,20,いったん風呂を出る。,,"Step out of the bath for
a moment."
0xf2020,20,ミズキ！やだあああ！,,Mizuki! Nooo!
0xf2038,20,（目をつむったら…）,,(If I close my eyes...)
0xf2050,20,それじゃないって…。,,"I told you that's not
it..."
0xf2068,20,（目をつむったら…）,,(If I close my eyes...)
0xf2080,20,わたしの勝ち…と…。,,I win... and.
0xf2098,20,ほら、ケーキ食べよ。,,"Come on, let's eat
cake."
0xf20b0,20,（押し倒しました…）,,"(He pushed her to the
ground...)"
0xf20c8,20,（目をつむったら…）,,(If I close my eyes...)
0xf20e0,20,ナイスタイミング…。,,What great timing...
0xf20f8,20,全部１人でやるから。,,I'll do it all by myself.
0xf2110,20,（そうだ、ケータイ）,,"(Right, the phone)"
0xf2128,20,（なんとか収まった）,,"(Somehow it settled
down)"
0xf2140,20,（ミイラに集まった）,,"(They gathered around
the mummy)"
0xf2158,20,（次に使うものは？）,,(What do I use next?)
0xf2170,20,（しょうがないな…）,,(Can't be helped...)
0xf2188,20,次はわたしがかくれる,,Now it's my turn to hide
0xf21a0,20,だといいんだけど…。,,"I hope that's how it
is..."
0xf21b8,20,（使うアイテムは？）,,(What item do I use?)
0xf21d0,20,クマゾウって…名前。,,"His name is...
Kumazou."
0xf21e8,20,じゃ、１階の庭とか。,,"Then, the first-floor
garden, for example."
0xf2200,20,２階に住んでる子よ。,,"She's the girl who lives
on the second floor."
0xf2218,20,見間違いじゃないの？,,"Are you sure you didn't
misread it?"
0xf2230,20,（心に誓ったのです）,,"(I made a promise in my
heart)"
0xf2248,20,次はわたしがかくれる,,Now it's my turn to hide
0xf2260,20,ちょっと調べてみよ。,,Let's investigate a little.
0xf2278,20,また終電帰りか……。,,"Taking the last train
home again......"
0xf2290,20,ん？…なんの音だ…？,,"Huh?...what's that
sound...?"
0xf22a8,20,バスタブに水を張る。,,"Fill the bathtub with
water."
0xf22c0,20,ねえ、ミズキ！早く！,,"Hey, Mizuki! Hurry!"
0xf22d8,20,ミズキ、やるじゃん。,,"Mizuki, not bad."
0xf22f0,20,ちぇっ、つまんない。,,"Tch, how boring."
0xf2308,20,どうしたの？ミズキ。,,"What's wrong, Mizuki?"
0xf2320,20,（心に誓ったのです）,,"(I made a promise in my
heart)"
0xf2338,20,じゃあ…、違うか…。,,"Then... it's not
that..."
0xf2350,20,携帯は…机の上だ…。,,"My phone... it's on the
desk..."
0xf2368,20,（レイカに助けを…）,,(Ask Reika for help...)
0xf2380,20,（後で洗濯しないと）,,(I need to wash it later)
0xf2398,20,『次はあなたがオニ』,,"'Now it's your turn to
be the seeker'"
0xf23b0,20,もう、大事な時に…。,,"Right at an important
moment..."
0xf23c8,20,なに…？ポケット…？,,"What...? The
pocket...?"
0xf23e0,20,うん……あ、そうだ。,,"Yeah...... ah, right."
0xf23f8,20,（後で整理しないと）,,"(I need to organize it
later)"
0xf2410,20,同窓会のお知らせよ。,,"It's the notice for the
alumni reunion."
0xf2428,20,…じゃあ、もう１回。,,"...Okay, one more
time."
0xf2440,20,（のぞくしかない！）,,"(There's nothing to do
but peek!)"
0xf2458,20,先に家中の照明を消す,,"Turn off all the lights in
the house first"
0xf2470,20,（気にしすぎかな…）,,"(Maybe I'm worrying too
much...)"
0xf2488,20,今度は外を調べてみる,,"This time investigate
outside"
0xf24a0,20,えっ？　今？なんで？,,Huh? Now? Why?
0xf24b8,20,リコに相談されたの。,,"Riko asked me for
advice."
0xf24d0,20,どこから音がするの？,,"Where's the sound
coming from?"
0xf24e8,20,特に反応しないね…。,,"It doesn't react in
particular..."
0xf2500,20,特に反応しないね…。,,"It doesn't react in
particular..."
0xf2518,20,ミズキ、お母さんは？,,"Mizuki, what about your
mom?"
0xf2530,20,…またナナシから…。,,"...From Nanashi
again..."
0xf2548,21,"そっか。
そうだよね。",,I see. You're right.
0xf2560,22,（…ベッドの下の男…）,,"(...The man under the
bed...)"
0xf2578,22,（真相は闇の中です…）,,"(The truth remained in
the shadows...)"
0xf2590,22,…もういいんじゃない？,,"...It doesn't matter
anymore, don't you
think?"
0xf25a8,22,これからが重要だから。,,"Because what comes next
is important."
0xf25c0,22,（リコに…教えなきゃ）,,(I need to tell Riko...)
0xf25d8,22,次はリビングだっけ…。,,"Next was the living
room, right...?"
0xf25f0,22,「最初はわたしがオニ」,,"""I'll be the seeker first"""
0xf2608,22,「最初はあなたがオニ」,,"""You'll be the seeker
first"""
0xf2620,22,じゃあおさらいさせて。,,"Okay, let me go over it."
0xf2638,22,やっぱストーカーが…。,,"So it really was the
stalker after all..."
0xf2650,22,もう少しかくれていよう,,"Let's stay hidden a little
longer"
0xf2668,22,捨てればいんじゃない？,,"Wouldn't it be better to
throw it away?"
0xf2680,22,窓から外へ逃げよう！！,,"Let's escape through the
window!!"
0xf2698,22,（ここでのセリフは…）,,(The line here is...)
0xf26b0,22,わたしの勝ちと３回言う,,Say 'I win' 3 times
0xf26c8,22,…次はあなたがオニ…。,,"...Now it's your turn to
be the seeker..."
0xf26e0,22,…次はあなたがオニ…。,,"...Now it's your turn to
be the seeker..."
0xf26f8,22,…次はあなたがオニ…。,,"...Now it's your turn to
be the seeker..."
0xf2710,22,（はっ…リコたちだ…）,,"(Ah... it's Riko and the
others...)"
0xf2728,22,（リコ、どうしよう？）,,"(Riko, what do I do?)"
0xf2740,22,そ、そんなことねぇよ。,,T-that's not it at all.
0xf2758,22,わたしの勝ちと３回言う,,Say 'I win' 3 times
0xf2770,22,そ、通路とか階段とか。,,"F-for example the
hallway or the stairs."
0xf2788,22,（もう…ダメ…うっ！）,,"(I can't...take it
anymore...ugh!)"
0xf27a0,22,１人でする勇気なんて…,,"I don't have the guts to
do it alone..."
0xf27b8,22,こんばんは。塾の帰り？,,"Good evening. Coming
back from cram school?"
0xf27d0,22,はは、いい勘してるね。,,"Ha, you've got good
instincts."
0xf27e8,22,最初はわたしがかくれる,,I'll hide first
0xf2800,22,えっ、物置調べないの？,,"Huh, aren't we going to
check the storage room?"
0xf2818,22,（よかった…いない…）,,"(Good... she's not
here...)"
0xf2830,22,えーっ、そんなはず…。,,"Ehh, no way..."
0xf2848,22,やっぱり大家さんの…。,,"So it belonged to the
landlord after all..."
0xf2860,22,大切に保管しとった…。,,"I kept it very
carefully..."
0xf2878,22,ちょっとダイジョーブ？,,"Hey, are you okay?"
0xf2890,22,きっと酔っぱらいだよ。,,It's probably a drunk.
0xf28a8,22,（押入れには何もない）,,"(There's nothing in the
closet)"
0xf28c0,22,ちゃんと成仏したかな。,,"I wonder if she really
found peace."
0xf28d8,22,あ、まだ持ってたんだ。,,"Ah, you still had it."
0xf28f0,22,１０３号室に住んどる？,,"Does he live in room
103?"
0xf2908,22,（あっ…待って…っ！）,,(Ah... wait...!)
0xf2920,22,（リ、リコ！マサキ！）,,(R-Riko! Masaki!)
0xf2938,22,こんな時間に誰だろう？,,"Who could it be at this
hour?"
0xf2950,22,へへっ、びっくりした？,,"Heh heh, did I scare
you?"
0xf2968,22,……うん……思う…よ。,,"......Yeah...I
think...so."
0xf2980,22,時間がかかりそうだな。,,"It looks like it's going to
take a while."
0xf2998,22,あさって、帰ってくる。,,"I'll be back the day after
tomorrow."
0xf29b0,22,ほら……いるって……。,,"See...... I told you it
was there......"
0xf29c8,22,もしもし？　もしもし？,,Hello? Hello?
0xf29e0,22,その手には乗りません。,,"I'm not falling for that
trick."
0xf2a10,22,そりゃ、気になるけど。,,"Well, I am curious, but."
0xf2a28,22,もう一度中を調べてみる,,"Check the inside one
more time"
0xf2a40,22,勉強部屋を…指してる。,,"It's pointing towards...
the study room."
0xf2a58,22,次は浴室だよ、ミズキ。,,"Next is the bathroom,
Mizuki."
0xf2a70,22,…やっぱストーカー…？,,"...Could it be the
stalker after all...?"
0xf2a88,22,（他には何もないかな）,,"(Is there nothing else
around here?)"
0xf2aa0,22,もう１回浴室に行くの。,,"I'm going to the
bathroom one more
time."
0xf2ab8,22,まず、ぬいぐるみね…。,,"First, the stuffed
animal..."
0xf2ad0,22,えーっ…やだ、キモッ。,,"Ehh... gross, no way."
0xf2ae8,22,ストーカー殺人について,,About the stalker murder
0xf2b00,22,ここも…少し反応が…。,,"Here too... there's a
bit of a reaction..."
0xf2b18,22,びくっとしちゃうんだ。,,"It startles me without
meaning to."
0xf2b30,22,（何か…引っかかる…）,,"(Something... doesn't
add up...)"
0xf2b48,22,先にテレビを砂嵐にする,,Turn the TV to static first
0xf2b60,24,やっぱ、あぶないじゃん。,,"It really is dangerous
after all."
0xf2b7c,24,…あなたなら…大丈夫よ。,,"...You can do it...
you'll be fine."
0xf2b98,24,水は少しだけでいいから。,,"A little bit of water is
enough."
0xf2bb4,24,（とても不安です………）,,"(I'm really
uneasy.........)"
0xf2bd0,24,次はリビングのテレビね。,,"Next is the TV in the
living room."
0xf2bec,24,（ここで言うセリフは…）,,"(The line I say here
is...)"
0xf2c08,24,あ、殺意が……うそうそ。,,"Ah, I felt a killer
urge...... just
kidding, just kidding."
0xf2c24,24,あっ、ダメだよ！ミズキ！,,"Ah, no, Mizuki!"
0xf2c40,24,本番はちゃんと刺してね。,,"For the real thing, stab
it properly, okay."
0xf2c5c,24,…………………オッケー。,,..............Okay.
0xf2c78,24,ここからは急ぐらしいの！,,"They say from here on
you have to hurry!"
0xf2c94,24,その間、じっとしてるの？,,"Meanwhile, do I have to
stay still?"
0xf2cb0,24,探すしかないんじゃない？,,"There's nothing to do
but search, right?"
0xf2ccc,24,うん、やるしかないよね。,,"Yeah, there's nothing to
do but go through with
it."
0xf2ce8,24,あたしは構わないけど…。,,"I don't mind, but..."
0xf2d04,24,それはまずいんじゃない？,,"Wouldn't that be a
problem?"
0xf2d20,24,見て、カレンダーの日付…,,"Look, the date on the
calendar..."
0xf2d3c,24,なんか、疲れちゃったね。,,"I'm so tired, I don't
know why."
0xf2d58,24,ぬいぐるみに塩水をかける,,"Pour salt water on the
stuffed animal"
0xf2d74,24,（…次はあなたがオニ…）,,"(...Now it's your turn
to be the seeker...)"
0xf2d90,24,（…次はあなたがオニ…）,,"(...Now it's your turn
to be the seeker...)"
0xf2dac,24,電気を消しテレビをつける,,"Turn off the light and
turn on the TV"
0xf2dc8,24,（ちょっと…違うって…）,,"(Wait... that's not
it...)"
0xf2de4,24,（…わたしの…勝ち……）,,(...I...win......)
0xf2e00,24,（…都市伝説なんて……）,,"(...That thing about
the urban
legend......)"
0xf2e1c,24,（ひぃぃぃぃぃぃぃぃ！）,,(Eeeeeeek!)
0xf2e38,24,（…少しだけ…開けて…）,,"(...Open it... just a
little...)"
0xf2e54,24,となると、猫？　ネズミ？,,So is it a cat? A rat?
0xf2e70,24,かくれんぼ終了と３回言う,,"Say 'hide-and-seek is
over' 3 times"
0xf2e8c,24,（もうこの際、いいや！）,,"(Whatever, doesn't
matter at this point!)"
0xf2ea8,24,『見いつけた』と３回言う,,Say 'Found you' 3 times
0xf2ec4,24,（…次はあなたがオニ…）,,"(...Now it's your turn
to be the seeker...)"
0xf2ee0,24,ミズキ、いるなら、出て！,,"Mizuki, if you're there,
come out!"
0xf2efc,24,カギ…、かかってない…。,,"The lock... it's not
locked..."
0xf2f18,24,１０３号室の秘密って…。,,"The secret of room
103..."
0xf2f34,24,ミズキ、いるなら、出て！,,"Mizuki, if you're there,
come out!"
0xf2f50,24,きっと殺されたんだよ…。,,"She was probably
murdered..."
0xf2f6c,24,（…わたしの…勝ち……）,,(...I...win......)
0xf2f88,24,『見いつけた』と３回言う,,Say 'Found you' 3 times
0xf2fa4,24,（…わたしの…勝ち……）,,(...I...win......)
0xf2fc0,24,幽霊退治に行ってやるよ。,,"I'm going to go
exterminate the ghost."
0xf2fdc,24,（なに…なんの音なの？）,,"(Wh-what is that
sound?)"
0xf2ff8,24,（え？向こうで水の音？）,,"(Huh? Is that water
running over there?)"
0xf3014,24,まるでホテルのように…。,,"Like it's some kind of
hotel..."
0xf3030,24,（それってデートじゃ…）,,"(That's basically a
date...)"
0xf304c,24,（まだ寝るには早いかな）,,"(Is it too early to go to
sleep?)"
0xf3068,24,『次はわたしがかくれる』,,"'Now it's my turn to
hide'"
0xf3084,24,（…わたしの…勝ち……）,,(...I...win......)
0xf30a0,24,うん。なら、よかった…。,,"Yeah. That's good
then..."
0xf30bc,24,（…わたしの…勝ち……）,,(...I...win......)
0xf30d8,24,…もう聞いてもムダだよ。,,"...There's no point
asking anymore."
0xf30f4,24,（…わたしの…勝ち……）,,(...I...win......)
0xf3110,24,（…かくれんぼ終了……）,,"(...Hide-and-seek is
over......)"
0xf312c,24,（…かくれんぼ終了……）,,"(...Hide-and-seek is
over......)"
0xf3148,24,（…かくれんぼ終了……）,,"(...Hide-and-seek is
over......)"
0xf3164,24,なんだか元気が出てきた。,,"I don't know why, but I
got my energy back."
0xf3180,24,（カップやお皿がある…）,,"(There are cups and
plates...)"
0xf319c,24,…それで、どうだったの？,,"...So, how did it go?"
0xf31b8,24,（誰…こんな時間に…？）,,"(Who... at this
hour...?)"
0xf31d4,24,２０年前のテープなの…？,,"Is this a tape from 20
years ago...?"
0xf31f0,24,捨てればいいんじゃない？,,"Wouldn't it be better to
throw it away?"
0xf320c,24,え？アイスって、冷蔵庫？,,"Huh? The ice cream's in
the fridge?"
0xf3228,24,じゃあ、この男は誰なの？,,"So, who is this man?"
0xf3244,24,（どうやって…リコに…）,,"(How... do I tell
Riko...)"
0xf3260,24,…たぶんストーカーかな？,,"...Could it be a stalker,
maybe?"
0xf327c,24,みたいね。何度も何度も。,,"Looks like it. Over and
over."
0xf3298,24,さあ…。幽霊じゃ、ダメ？,,"Who knows... Wouldn't
a ghost work?"
0xf32b4,24,…そんなこと、ないよ…。,,...That's not true...
0xf32d0,24,リビングでテレビで見よ。,,"Let's watch it on the TV
in the living room."
0xf32ec,24,うん。なら、よかった…。,,"Yeah. That's good
then..."
0xf3308,24,ここ…少しだけ反応が…。,,"Here...there's a bit of
a reaction..."
0xf3324,24,あんまり反応ないなあ…。,,"There's not much of a
reaction..."
0xf3340,24,風呂場も…特に反応なし。,,"In the bathroom
either... no reaction in
particular."
0xf335c,24,（帰国することになった）,,"(She ended up going
back to her country)"
0xf3378,24,新しく書くしかないか…。,,"There's nothing to do
but write a new one..."
0xf3394,26,わかった。用意するのは…、,,"Got it. What we need to
prepare is...,"
0xf33b0,26,（まさか…ベッドの下に…）,,"(No way... under the
bed...)"
0xf33cc,26,気をつけて。刺さないでよ。,,"Be careful. Don't go and
stab me."
0xf33e8,26,今リビングに移動したから。,,"I've moved to the living
room now."
0xf3404,26,リコには言われたくないな。,,"I don't want to hear that
from Riko of all people."
0xf3420,26,（次はなんて言うんだっけ）,,"(What was I supposed to
say next?)"
0xf343c,26,（次はなんて言うんだっけ）,,"(What was I supposed to
say next?)"
0xf3458,26,…次はわたしがかくれる…。,,"...Now it's my turn to
hide..."
0xf3474,26,…次はわたしがかくれる…。,,"...Now it's my turn to
hide..."
0xf3490,26,…次はわたしがかくれる…。,,"...Now it's my turn to
hide..."
0xf34ac,26,（風呂から出たら…次は…）,,"(When I get out of the
bath... next is...)"
0xf34c8,26,（……もういいかい？……）,,"(......Are you
ready?......)"
0xf34e4,26,テレビをつけて、電気を消す,,"Turn on the TV and turn
off the light"
0xf3500,26,テレビをつけて、電気を消す,,"Turn on the TV and turn
off the light"
0xf351c,26,次は何を３回言うんだっけ？,,"What was I supposed to
say 3 times?"
0xf3538,26,（いろいろ実践したらしい）,,"(It seems she tried it in
various ways)"
0xf3554,26,ありがと。でも大丈夫だよ。,,Thanks. But I'm fine.
0xf3570,26,思えば…あわれな存在よね。,,"Thinking about it... it's
a pretty pitiful being."
0xf358c,26,出るわけないでしょ、もう。,,"It's not going to show
up, enough already."
0xf35a8,26,目を閉じて心の中で３数える,,"Close your eyes and
count to 3 in your mind"
0xf35c4,26,だから花壇あたりが要注意。,,"That's why you have to
be careful near the
flowerbed."
0xf35e0,26,やべ、柱にぶつけちゃった。,,"Ugh, I bumped into the
pillar."
0xf35fc,26,（わたし、どうかしてた…）,,"(I wasn't thinking
straight...)"
0xf3618,26,『つかまえたあ』と３回言う,,Say 'Gotcha' 3 times
0xf3634,26,何言ってんの、ほら行くよ。,,"What are you talking
about, come on, let's
go."
0xf3650,26,…さあ…そんな昔のこと…。,,"...Who knows... that
was so long ago..."
0xf366c,26,（マサキたちが帰っちゃう）,,"(Masaki and the others
are going to leave)"
0xf3688,26,『つかまえたあ』と３回言う,,Say 'Gotcha' 3 times
0xf36a4,26,オトコ探しと一緒ぐらいに。,,"Almost like looking for a
boyfriend."
0xf36c0,26,今の音…リビングからだ…。,,"That sound... came
from the living room..."
0xf36dc,26,心の中で「もういいかい？」,,"Say 'Are you ready?' in
your mind"
0xf36f8,26,…うん……大丈夫だよ……。,,"...Yeah...... I'm
fine......"
0xf3714,26,えっ、なにをしかられるの？,,"Huh, why am I going to
get scolded?"
0xf3730,26,（中には何も入っていない）,,(There's nothing inside)
0xf374c,26,別に殺されちゃいないって。,,"It's not like she was
murdered."
0xf3768,26,だから…単なる老朽化で…。,,"So... it's just due to
age and wear..."
0xf3784,26,でも、あたしが小学生の時、,,"But, when I was in
elementary school,"
0xf37a0,26,だって、薄気味悪いじゃん。,,"It's just that it's pretty
creepy."
0xf37bc,26,わたしの…部屋…からだ…。,,"It's coming from... my
room..."
0xf37d8,26,あ、もちろんみんなでだよ。,,"Ah, of course, with
everyone."
0xf37f4,26,どうせ、大した反応じゃ…。,,"It's probably not a big
deal anyway..."
0xf3810,26,（…ホントの幽霊…なの？）,,"(...Is it really a
ghost...?)"
0xf382c,26,だから、すぐに慣れるって。,,"So, you'll get used to it
quickly."
0xf3848,26,どうするの？このビデオ…。,,"What do we do with this
tape..."
0xf3864,26,次は押入れ。さ、早く行こ。,,"Next is the closet. Come
on, quick."
0xf3880,26,方位磁針…。また…針が…。,,"The compass...
again... the needle..."
0xf389c,26,だよね、見なきゃソンだよ。,,"Right, it'd be a shame
not to watch it."
0xf38b8,26,サイアク…。間違い無い…。,,"This is the worst... no
doubt about it..."
0xf38d4,26,でもさ…２０年前のビデオ、,,"But still... a video from
20 years ago,"
0xf38f0,26,…それ、ただの方位磁針…。,,"...That's just an
ordinary compass..."
0xf390c,26,相談して警察に届けるとか。,,"Talk it over and report it
to the police, for
example."
0xf3928,27,"大丈夫？
もう１回確認する？",,"Are you okay? Should we
check again?"
0xf3944,27,"ありがと。
でも大丈夫だよ。",,Thanks. But I'm fine.
0xf3960,28,あ…、おいでください………。,,"Ah... please,
come........."
0xf3980,28,…なんかダメな気がしたんだ。,,"...I felt like something
was wrong."
0xf39a0,28,消火はいいから、早く逃げろ！,,"Forget putting out the
fire, run now!"
0xf39c0,28,もう手に負えないよ。逃げよ！,,"It's out of control. Let's
run!"
0xf39e0,28,（…最初は…わたしがオニ…）,,"(...First... I'll be the
seeker...)"
0xf3a00,28,（…最初は…わたしがオニ…）,,"(...First... I'll be the
seeker...)"
0xf3a20,28,（…最初は…わたしがオニ…）,,"(...First... I'll be the
seeker...)"
0xf3a40,28,（…最初は…わたしがオニ…）,,"(...First... I'll be the
seeker...)"
0xf3a60,28,（…最初は…あなたがオニ…）,,"(...First... you'll be
the seeker...)"
0xf3a80,28,かくれんぼ気分も盛り上がる！,,"It really gets the
hide-and-seek mood
going!"
0xf3aa0,28,コップの塩水を口に入れて…。,,"Put the salt water from
the glass in your
mouth..."
0xf3ac0,28,（７）ナイフを持って浴室へ。,,"(7) Go to the bathroom
with the knife."
0xf3ae0,28,　死体に…。どういうこと？）,,"into the corpse... What
does that mean?)"
0xf3b00,28,目を閉じて心の中で１０数える,,"Close your eyes and
count to 10 in your mind"
0xf3b20,28,（過ごすことができました…）,,"(That's how we were
able to spend our
time...)"
0xf3b40,28,（…次はわたしがかくれる…）,,"(...Now it's my turn to
hide...)"
0xf3b60,28,（…次はわたしがかくれる…）,,"(...Now it's my turn to
hide...)"
0xf3b80,28,（…次はわたしがかくれる…）,,"(...Now it's my turn to
hide...)"
0xf3ba0,28,えー、さんざん調べたでしょ。,,"Ehh, we've already
investigated a ton."
0xf3bc0,28,目を閉じて心の中で１０数える,,"Close your eyes and
count to 10 in your mind"
0xf3be0,28,ね、今度は外を調べてみない？,,"Hey, what if we
investigate outside this
time?"
0xf3c00,28,『見いつけた』と心の中で３回,,"Say 'Found you' 3 times
in your mind"
0xf3c20,28,最近“出る”っていうじゃん。,,"They say it's been
showing up lately,
right?"
0xf3c40,28,この通路の一番奥にあるから。,,"It's at the far end of this
hallway."
0xf3c60,28,…さあ、もう部屋に戻らない？,,"...Well, shouldn't we
head back to the room
already?"
0xf3c80,28,（ノックする音が…消えた…）,,"(The knocking sound...
stopped...)"
0xf3ca0,28,…金目の物なんて…ないぞ…。,,"...There's nothing of
value here..."
0xf3cc0,28,他に何か思い出せないですか？,,"Don't you remember
anything else?"
0xf3ce0,28,キッチンじゃないとすると…。,,"If it's not the kitchen,
then..."
0xf3d00,28,『もういいよ』と心の中で３回,,"Say 'I'm ready now' 3
times in your mind"
0xf3d20,28,…殺人事件があったって本当？,,"...Is it true there was a
murder?"
0xf3d40,28,お母さん…、海外出張だっけ。,,"Mom... is on a business
trip abroad, right?"
0xf3d60,28,もう少しだけ勉強しよっかな。,,I'll study a little more.
0xf3d80,28,でも、マサキの話のおかげで、,,"But, thanks to what
Masaki told us,"
0xf3da0,28,でも、マサキの話のおかげで、,,"But, thanks to what
Masaki told us,"
0xf3dc0,28,地元だけど、聞いた事ないよ。,,"Even though I'm from
around here, I've never
heard of it."
0xf3de0,28,念のため、探知機見てみたら？,,"Just in case, why don't
you check the detector?"
0xf3e00,28,なあ…ぬいぐるみはどこだ…？,,"Hey... where's the
stuffed animal...?"
0xf3e20,28,（倉田裕見子のことでした…）,,"(It was about Yumiko
Kurata...)"
0xf3e40,28,ア…アイス、食べたくない…？,,"D-don't you want to eat
ice cream...?"
0xf3e60,28,…見て、カレンダーの日付…。,,"...Look, the date on
the calendar..."
0xf3e80,28,今日はリビングで寝るつもり。,,"I'm planning to sleep in
the living room tonight."
0xf3ea0,28,アルミホイルが…びっしり…。,,"Aluminum foil... all over
the place..."
0xf3ec0,28,（ここの蛇口は閉まってる…）,,"(This faucet is turned
off...)"
0xf3ee0,28,ふぅん、それ、誰の入れ知恵？,,"Hmm, and whose idea
was that?"
0xf3f00,28,この棚もけっこう年代物だね。,,"This shelf is pretty old
too."
0xf3f20,28,…お願い！コックリさんで…。,,"...Please! With
Kokkuri-san..."
0xf3f40,29,"知らない？
埋められた死体が、",,"You don't know? A
buried corpse,"
0xf3f60,29,"こんな時間に何？
キモダメシ？",,"What are you doing at
this hour? A test of
courage?"
0xf3f80,30,（そうユカリ先生は言ってた…）,,"(That's what Yukari-sensei
said...)"
0xf3fa0,30,そらすことができるからだって。,,"They say that way you
can divert it."
0xf3fc0,30,そして家中の電気をすべて消す。,,"And then turn off all the
lights in the house."
0xf3fe0,30,（…それを何回言うんだっけ…）,,"(...How many times
was I supposed to say
that...)"
0xf4000,30,（…それを何回言うんだっけ…）,,"(...How many times
was I supposed to say
that...)"
0xf4020,30,（…最初は…あなたが…オニ…）,,"(...First... you're...
the seeker...)"
0xf4040,30,（…最初は…あなたが…オニ…）,,"(...First... you're...
the seeker...)"
0xf4060,30,（…最初は…あなたが…オニ…）,,"(...First... you're...
the seeker...)"
0xf4080,30,（あの音……床をひっかく音…）,,"(That sound......
something scratching the
floor...)"
0xf40a0,30,（今度はどこに行くんだっけ？）,,"(Where was I supposed
to go this time?)"
0xf40c0,30,（５）家中の電気をすべて消す。,,"(5) Turn off all the
lights in the house."
0xf40e0,30,（捨てたビデオテープでした…）,,"(It was the videotape
they had thrown out...)"
0xf4100,30,えっ？外で待ってるんじゃダメ？,,"Huh? Can't I just wait
outside?"
0xf4120,30,ね、２人でやったら…ダメなの？,,"Hey, if we do it
together, just us two...
can't we?"
0xf4140,30,よかった…１階に…住んでて…。,,"Good thing... he
lives... on the first
floor..."
0xf4160,30,（…最初は…わたしが…オニ…）,,"(...First... I'm...
the seeker...)"
0xf4180,30,（…最初は…わたしが…オニ…）,,"(...First... I'm...
the seeker...)"
0xf41a0,30,（…最初は…わたしが…オニ…）,,"(...First... I'm...
the seeker...)"
0xf41c0,30,（…最初は…わたしが…オニ…）,,"(...First... I'm...
the seeker...)"
0xf41e0,30,（…最初は…わたしが…オニ…）,,"(...First... I'm...
the seeker...)"
0xf4200,30,（…最初は…わたしが…オニ…）,,"(...First... I'm...
the seeker...)"
0xf4220,30,（…最初は…わたしが…オニ…）,,"(...First... I'm...
the seeker...)"
0xf4240,30,（…最初は…わたしが…オニ…）,,"(...First... I'm...
the seeker...)"
0xf4260,30,（…最初は…わたしが…オニ…）,,"(...First... I'm...
the seeker...)"
0xf4280,30,（今度はどこに行くんだっけ？）,,"(Where was I supposed
to go this time?)"
0xf42a0,30,なんか、いまいち寝れなくって。,,"I don't know why but I
can't sleep well."
0xf42c0,30,（はっ…ノックが鳴り止んだ…）,,"(Ah... the knocking
stopped...)"
0xf42e0,30,かすかに反応が…外からかな…？,,"There's a faint
reaction... could it be
coming from outside...?"
0xf4300,30,（…あ…塩水、吐いちゃった…）,,"(...Ah... I spit out the
salt water...)"
0xf4320,30,写真撮ってみたら何か写るかも。,,"If we take a photo,
something might show
up."
0xf4340,30,あはは、うちらと同じってこと？,,"Haha, so it's the same
as us?"
0xf4360,30,ヘンな音や声もそのせいだよね。,,"That's why there are
weird sounds and
voices, right?"
0xf4380,30,なんか、ミョーに親しげじゃん。,,"That's weird, they seem
pretty close."
0xf43a0,30,ほら、マサキ、言ってやりなよ。,,"Come on, Masaki, say
something to him."
0xf43c0,30,殺人事件なんて起きていないし。,,"And no murder has
happened."
0xf43e0,30,なんでミズキ、ナイフなんかで！,,"Why, Mizuki, with a
knife of all things!"
0xf4400,30,（バスタブにぬいぐるみがある）,,"(There's a stuffed
animal in the bathtub)"
0xf4420,30,彼女、入院しちゃったんだって。,,"They say she ended up
in the hospital."
0xf4440,30,一度、見てもらった方がいいよ。,,"You should get checked
out sometime."
0xf4460,30,オノ！？ありえないんだけど…。,,An axe!? No way...
0xf4480,30,…わたし、もう信じないから…。,,"...I'm not going to
believe it anymore..."
0xf44a0,30,じゃあ、今度俺が案内しようか？,,"So, do you want me to
guide you next time?"
0xf44c0,30,（このままじっとしていよう…）,,"(I'd better just stay still
like this...)"
0xf44e0,30,（鳴り止まない…どうしよう…）,,"(It won't stop
ringing... what do I
do...)"
0xf4500,30,（鳴り止まない…どうしよう…）,,"(It won't stop
ringing... what do I
do...)"
0xf4520,30,あたし、知らないよ、そんなの。,,"I don't know anything
about that."
0xf4540,30,ホント急すぎ。でも、ありがと。,,"That's really sudden.
But, thanks."
0xf4560,30,８８って、たぶん西暦じゃない？,,"The 88 is probably the
year, right?"
0xf4580,30,そんな昔に録画したテープが…？,,"A tape recorded that
long ago...?"
0xf45a0,30,８８は分かるけど…。９は何よ？,,"I get the 88, but...
what's the 9?"
0xf45c0,30,何が映っているか気にならない？,,"Aren't you curious
what's recorded on it?"
0xf45e0,30,…なんか、うれしそうじゃない？,,"...Don't you look
pretty happy?"
0xf4600,30,もしかして、この部屋全部が…。,,"Could it be that this
whole room..."
0xf4620,30,早く、リビングに行かないと！！,,"Quick, we have to go to
the living room!!"
0xf4640,30,どうせ、ナナシかレイカでしょ。,,"It's probably Nanashi or
Reika."
0xf4660,30,前の人が残していったらしいの。,,"It seems the previous
tenant left it behind."
0xf4680,30,水場は霊を呼ぶっていうけどね。,,"They say water attracts
spirits."
0xf46a0,31,"いい？
ここからが儀式の始まり。",,"Ready? From here on,
the ritual begins."
0xf46c0,31,"そうする。
ひとまずホリュウで。",,"That's what I'll do. For
now I'll leave it
pending."
0xf46e0,32,"９月……？
９月……く…月……。",,"September...?
September...ku...
month..."
0xf4700,31,"海外に出張中。
だから今、１人。",,"She's on a business trip
abroad. That's why I'm
alone right now."
0xf4720,31,"他に何か覚えてます？
恋人とか。",,"Do you remember
anything else? Like if
she had a partner."
0xf4740,31,"はいはい。
オサワガセしました。",,"Yeah, yeah. Sorry for
the trouble."
0xf4760,32,今やらないと…ゼッタイ後悔する。,,"If I don't do it now...
I'll definitely regret it."
0xf4784,32,…ぬいぐるみはクマゾウでいっか。,,"...For the stuffed
animal, Kumazou will
do."
0xf47a8,32,（その理由はわからないままです）,,"(The reason remains
unknown)"
0xf47cc,32,（楽しく過ごすことができました）,,"(We were able to have a
good time)"
0xf47f0,32,１０数えたら、ナイフを持って…。,,"When you count to 10,
pick up the knife..."
0xf4814,32,霊がオニになって探し始めるから。,,"Because the spirit
becomes the seeker and
starts searching."
0xf4838,32,（９）ぬいぐるみをナイフで刺す。,,"(9) Stab the stuffed
animal with the knife."
0xf485c,32,あんまりいい加減なこと言うと…。,,"If you keep saying
nonsense..."
0xf4880,32,（今となっては…知ることも……）,,"(Now... there's no way
to know......)"
0xf48a4,32,…ホントにわたしが１人でするの？,,"...Do I really have to do
it by myself?"
0xf48c8,32,わたし…１人でする勇気なんて…。,,"I... don't have the guts
to do it alone..."
0xf48ec,32,（さらにここで使うアイテムは？）,,"(And also, what item do
I use here?)"
0xf4910,32,（さらにここで使うアイテムは？）,,"(And also, what item do
I use here?)"
0xf4934,32,（…最初は…わたしが…かくれる）,,"(...First... I'll...
hide...)"
0xf4958,32,（…最初は…わたしが…かくれる）,,"(...First... I'll...
hide...)"
0xf497c,32,（…最初は…わたしが…かくれる）,,"(...First... I'll...
hide...)"
0xf49a0,32,（…最初は…わたしが…かくれる）,,"(...First... I'll...
hide...)"
0xf49c4,32,（…最初は…わたしが…かくれる）,,"(...First... I'll...
hide...)"
0xf49e8,32,（…最初は…わたしが…かくれる）,,"(...First... I'll...
hide...)"
0xf4a0c,32,（マサキとリコに発見されました）,,"(Masaki and Riko found
me)"
0xf4a30,32,（…最初は…わたしが…かくれる）,,"(...First... I'll...
hide...)"
0xf4a54,32,（…最初は…わたしが…かくれる）,,"(...First... I'll...
hide...)"
0xf4a78,32,（アイテムをバスタブに戻して…）,,"(Put the item back in the
bathtub...)"
0xf4a9c,32,（さらにここで使うアイテムは？）,,"(And also, what item do
I use here?)"
0xf4ac0,32,（ホントに霊なんて現れるの…？）,,"(Is a spirit really going
to appear...?)"
0xf4ae4,32,（えっ…？テレビの音が消えた…）,,"(Huh...? The TV sound
disappeared...)"
0xf4b08,32,（いったい外はどうなってるの…）,,"(I wonder what's
happening outside...)"
0xf4b2c,32,まだ、なんか見落としてるような。,,"I feel like I'm still
missing something."
0xf4b50,32,（マサキとリコに発見されました）,,"(Masaki and Riko found
me)"
0xf4b74,32,（その理由はわからないままです）,,"(The reason remains
unknown)"
0xf4b98,32,リビングなら電波が通じるかも…。,,"Maybe there's signal in
the living room..."
0xf4bbc,32,…２０年以上…昔からあったな…。,,"...It's been there for
more than 20 years..."
0xf4be0,32,（やばっ…塩水、吐いちゃった…）,,"(Oops... I spit out the
salt water...)"
0xf4c04,32,だって、本当に流行ったんだから。,,"It's just that it really did
become popular."
0xf4c28,32,じゃあ、あのコと仲良くすれば…。,,"So, if I become friends
with her..."
0xf4c4c,32,（誰かに見られたような感じが…）,,"(I felt like someone was
watching me...)"
0xf4c70,32,（勝手に蛇口が開いてるなんて…）,,"(The faucet turning on
by itself...)"
0xf4c94,32,魔よけをすれば大丈夫じゃないの？,,"Wouldn't it be fine if we
used a protective charm?"
0xf4cb8,32,（聞こえたような気がしました…）,,(I felt like I heard it...)
0xf4cdc,32,（今となっては…知ることも……）,,"(Now... there's no way
to know......)"
0xf4d00,32,気になるけど…見ないでおこうよ。,,"I'm curious, but...
let's not watch it."
0xf4d24,32,（今となっては…知ることも……）,,"(Now... there's no way
to know......)"
0xf4d48,32,バスタブにぬいぐるみを沈めるの。,,"Sink the stuffed animal
in the bathtub."
0xf4d6c,32,ウワサ通り、殺人事件が起きた！！,,"Just like the rumor said,
there was a murder!!"
0xf4d90,32,部屋に戻って食塩水を口にふくむ。,,"Go back to the room and
put the salt water in
your mouth."
0xf4db4,32,アルミホイルの箱だけあんなに…。,,"Only the box of
aluminum foil, like
that..."
0xf4dd8,32,なんで床下収納に、茶碗と箸だけ？,,"Why is there just a bowl
and chopsticks in the
under-floor storage?"
0xf4dfc,33,"あれ？
マサキがこっちを見てるよ。",,"Huh? Masaki's looking
at us."
0xf4e20,33,"どうしたの？
急にメールなんか…。",,"What's wrong? A
message all of a
sudden..."
0xf4e44,33,"女の名前？
女の名前を言ってんの？",,"A woman's name? Are
you saying a woman's
name?"
0xf4e68,35,"方位磁針がわたしの部屋を
指してる。",,"The compass is pointing
towards my room."
0xf4e8c,35,"心霊現象の真相を
知りたいんでしょ。",,"You want to know the
truth behind the
paranormal phenomena,
right?"
0xf4eb0,35,"その間、あたしはどうすれば
いいの？",,"In the meantime, what
am I supposed to do?"
0xf4ed4,35,"やってみなきゃ、わかんない
でしょ。",,"We won't know if we
don't try, right?"
0xf4ef8,35,"まだ時間あるし…、どうする？
次は？",,"There's still time...
what do we do? What's
next?"
0xf4f1c,35,"いいよ。
ビデオの正体も知りたいし。",,"Fine. I also want to know
what that video is."
0xf4f40,35,"もぉ、本当に写ってたら
どうするの？",,"Ugh, and if something
really shows up, what do
we do?"
0xf4f64,35,"大丈夫だって…。
怖がりなんだから。",,"I told you it's fine...
You're such a
scaredy-cat."
0xf4f88,35,"物置って…、
１階の通路の先にある？",,"The storage room... is
it at the end of the
first-floor hallway?"
0xf4fac,35,"ダメ？
あそこホントに怖そうだし…。",,"Can't we not? It's just
that place looks really
scary..."
0xf4fd0,35,"失礼ね。
ドロボウじゃないんだから。",,"How rude. It's not like
I'm a thief."
0xf4ff4,35,"そろそろ転職でも考えよう
かな……。",,"I think I should start
thinking about changing
jobs......"
0xf5018,35,"マサキって、
彼女いないんだよね…。",,"Masaki doesn't have a
girlfriend, right..."
0xf503c,35,"でもさ、ミズキ。
仮に幽霊がいても、",,"But, Mizuki. Even if
there really was a ghost,"
0xf5060,35,"その探知機まんざらでもない
でしょ。",,"That detector's not so
bad, is it?"
0xf5084,35,"疲れちゃった…ベッドで休もう
かな。",,"I'm tired... I think I'll
rest in bed."
0xf50a8,35,"気分転換に、お風呂でも
入ろっかな。",,"To take my mind off
things, I think I'll take a
bath."
0xf50cc,35,"だから殺人事件は起きてない、
以上。",,"So there was no murder,
period."
0xf50f0,35,"お風呂の水が勝手に流れたり
するの。",,"The bathtub water
sometimes turns on by
itself."
0xf5114,35,"水道だけじゃないよ。
この前なんか、",,"It's not just the water.
The other day, for
example,"
0xf5138,35,"チェーンメールって、
あのナナシの？",,"Is that chain mail the one
from Nanashi?"
0xf515c,35,"玄関のドアの前に置かれて
いたけど。",,"It was left in front of the
entrance door."
0xf5180,35,"普通なら日付？
８８年９月ってこと？",,"Normally it'd be a date?
So, September of '88?"
0xf51a4,35,"何度も言わなくても
分かってるって。",,"You don't need to
repeat it, I already
know."
0xf51c8,35,"だいたい１組の生徒がなんの用
なの？",,"To begin with, what does
a class 1 student want?"
0xf51ec,35,"リビングに行って、テレビを
つける。",,"Go to the living room and
turn on the TV."
0xf5210,35,"わたしの部屋で…、
カンベンして…。",,"In my room... please,
no..."
0xf5234,35,"やっぱ見なきゃよかった…
ビデオ…。",,"In the end I shouldn't
have watched that
tape..."
0xf5258,35,"はいはい。
やかんでお湯わかすから。",,"Yeah, yeah. I'll boil
water in the kettle."
0xf527c,35,"ホントは…さっきこんな
メールが…。",,"Actually... a message
like this came in a little
while ago..."
0xf52a0,35,"ミズキが落ち込んでるかも
しれない、",,"Mizuki might be feeling
down,"
0xf52c4,35,"こっちの方がずっと反応が
いいって。",,"They say the reaction is
much better on this
side."
0xf52e8,35,"この前のは、
燃やしちゃったでしょ。",,"We burned the one from
last time, right?"
0xf530c,37,"ま、もう１回集中してやって
みようよ。",,"Well, let's try again and
focus."
0xf5334,37,"（玄関にはリコとマサキが
　いました）",,"(At the entrance were
Riko and Masaki)"
0xf535c,37,"テレビをつける。
画面は砂嵐がベスト。",,"Turn on the TV. It's
best if the screen is
static."
0xf5384,37,"ナイフを持ったら、ゆっくりと
浴室へ。",,"With the knife in hand,
go slowly to the
bathroom."
0xf53ac,37,"さあ、やばいことが
起きるんじゃない？",,"Well, isn't something
bad going to happen?"
0xf53d4,37,"じゃあ…リコが帰らないと
ダメなの…？",,"So... does Riko really
have to leave...?"
0xf53fc,37,"死体なんか出てきたら、
どうしよう…。",,"If a corpse shows up,
what do I do..."
0xf5424,37,"…なんか、外の方が、
出そうって感じ。",,"...I feel like it's more
likely to appear outside."
0xf544c,37,"まだ。とりあえずホテル暮らし
継続中。",,"Not yet. For now I'm
still living in a hotel."
0xf5474,37,"ああ。
悲鳴のようなものは聞こえた…。",,"Ah. I heard something
like a scream..."
0xf549c,37,"わたしは早く普通の生活に
戻りたいよ。",,"I want to get back to a
normal life soon."
0xf54c4,37,"ごめん、忘れちゃったから、
写させて。",,"Sorry, I forgot, let me
copy it."
0xf54ec,37,"あの部屋には誰も住んどらん
はずじゃ。",,"No one's supposed to
live in that room."
0xf5514,37,"（昼間、あんなこと言われた
　から…）",,"(It's just that during
the day someone told me
something like that...)"
0xf553c,37,"リビングに行けば電波が通じる
かも…。",,"If I go to the living room
maybe there's signal..."
0xf5564,37,"（ご…ごめんね。浴室に
　行かなきゃ）",,"(S-sorry. I have to go
to the bathroom)"
0xf558c,37,"落ち込んでいるんじゃないかと
思って。",,"I thought maybe she was
feeling down."
0xf55b4,37,"さっきもお風呂の水が急に
漏れたり…。",,"A little while ago the
bathwater also suddenly
leaked out..."
0xf55dc,37,"落ち込んでいるんじゃないかと
思って。",,"I thought maybe she was
feeling down."
0xf5604,37,"手書きで小さく数字が
書かれている…。",,"There are small
handwritten numbers..."
0xf562c,37,"他のものはキッチンに
行けばあるかな。",,"I'll probably find the
rest of the stuff if I go to
the kitchen."
0xf5654,37,"２０年前？
古ッ！生まれてないじゃん。",,"20 years ago? That's so
old! I wasn't even born
yet."
0xf567c,37,"じゃ、リビングのテレビで
見てみよう。",,"Then, let's watch it on
the TV in the living
room."
0xf56a4,37,"…ね、こいつ…何ブツブツ
言ってんの？",,"...Hey, this guy...
what's he muttering?"
0xf56cc,37,"（その足で近くの交番に
　駆け込んだ）",,"(From there she ran
straight to the nearby
police box)"
0xf56f4,37,"そんなことないよ。
心配してんじゃん。",,"That's not true. I'm
just worried."
0xf571c,37,"ね、これ見て。
またナナシから来たの。",,"Hey, look at this.
Another one came from
Nanashi."
0xf5744,37,"早く原因を解明して安心させたい
って。",,"She says she wants to
figure out the cause
soon so she can feel at
ease."
0xf576c,37,"生徒たちから聞いたわ。
大変だったね。",,"I heard from the
students. You must have
had a rough time."
0xf5794,39,"明け方、リコはあきらめて帰宅
しました。",,"At dawn, Riko gave up
and went home."
0xf57bc,39,"こうなったら“ひとりかくれんぼ”
で…。",,"Since it's come to this,
with hitorikakurenbo..."
0xf57e4,39,"早くリビングの火を消さないと
やべぇぞ。",,"We need to put out the
fire in the living room
fast or it'll be bad."
0xf580c,39,"そしてバスタブに、ぬいぐるみを
入れる。",,"And then put the stuffed
animal in the bathtub."
0xf5834,39,"（あのベッドの下から…
　聞こえた声…）",,"(That voice I heard...
from under the bed...)"
0xf585c,39,"オニの気分になって、あたりを
探すのね。",,"Playing the role of the
seeker, you search
around."
0xf5884,39,"これじゃない。
クマゾウを沈めないと…。",,"This isn't it. I need to
sink Kumazou..."
0xf58ac,39,"３回言って、ぬいぐるみをナイフで
刺す。",,"Say it 3 times and stab
the stuffed animal with
the knife."
0xf58d4,39,"（部屋全体が霊の力を弱める
　効果を…）",,"(The whole room has the
effect of weakening the
spirit's power...)"
0xf58fc,39,"完全に１人にならないと成功
しないって。",,"They say it doesn't work
unless you're completely
alone."
0xf5924,39,"まだ協力してもらいたいことも
あるから。",,"It's just that there's
still something I want
your help with."
0xf594c,39,"じゃあさ、横にいてくれるだけで
いいよ。",,"Then, it's enough if you
just stay by my side."
0xf5974,39,"みんな…消えた…。
誰もしらんのじゃ…。",,"Everyone...
disappeared... No one
knows anything..."
0xf599c,39,"『押し入れにいる時は
物音に注意してね。",,"When you're in the
closet, be careful about
noises."
0xf59c4,39,"（あれ……？
　テレビの音が…消えた…）",,"(Huh......? The TV
sound...
disappeared...)"
0xf59ec,39,"…ね、この探知機、外でも
使えるのかな。",,"...Hey, can this
detector be used outside
too?"
0xf5a14,39,"その幽霊、１階に住んでる
おばあちゃんの",,"That ghost, the
grandmother's, who
lives on the first floor,"
0xf5a3c,39,"ずっと、ここにあるんですか？
物置って。",,"Has the storage room
always been here?"
0xf5a64,39,"前の大家が死んでから…放置
されとる…。",,"Ever since the previous
landlord died... it's
been left abandoned..."
0xf5a8c,39,"それよかミズキ、新しい家は
決まったの？",,"More importantly,
Mizuki, have you
decided on the new
place?"
0xf5ab4,39,"（まだ、ちょっと様子を見たほう
　が…）",,"(It'd still be better to
wait a bit and see what
happens...)"
0xf5adc,39,"（ダメだ…いつまでも
　隠れていたら…）",,"(This won't work... if I
stay hidden forever...)"
0xf5b04,39,"それとも逃げだしたペットが
迷い込んだ？",,"Or could it be that some
escaped pet got in?"
0xf5b2c,39,"えっ、悲鳴？
どこから聞こえたんですか？",,"Huh, a scream? Where
did it come from?"
0xf5b54,39,"それより…ミズキ、数学の宿題
やってる？",,"More importantly...
Mizuki, have you done
the math homework?"
0xf5b7c,39,"くらたゆみこ……？
くらた…くらた……。",,"Kurata Yumiko......?
Kurata...
Kurata......"
0xf5ba4,39,"その事件があってから、
マンションでは、",,"Ever since that incident
happened, at the
building,"
0xf5bcc,39,"何かがおかしい…。
何かが…起きてる…。",,"Something's wrong...
Something... is
happening..."
0xf5bf4,39,"あのな、リコ。
あれはただのウワサだろ。",,"Look, Riko. That's just
a rumor."
0xf5c1c,39,"あ、そっか、キモダメシ
したいんでしょ？",,"Ah, I see, you want to
do a test of courage,
right?"
0xf5c44,39,"ははっ、図星だ。
相変わらずコドモだね。",,"Haha, right on target.
You're still such a kid,
as always."
0xf5c6c,39,"うん………。
……こっちは心配しないで。",,"Yeah.........
......Don't worry
about me."
0xf5c94,39,"（いまはしっかりとまっている
　みたい）",,"(It seems to be properly
stopped now)"
0xf5cbc,39,"（今日は勉強する気分じゃない
　なぁ…）",,"(I'm not in the mood to
study today...)"
0xf5ce4,39,"（ここで、やらなきゃいけない
　のは…）",,"(What I have to do here
is...)"
0xf5d0c,39,"圏外…って……。
早くかけ直さないと…。",,"No signal... I need to
call back quickly..."
0xf5d34,39,"…ただ男があまりにしつこく
迫ったから、",,"...But since the man
was too persistent,"
0xf5d5c,39,"ビデオはリビングにあるから
ついてきて。",,"The tape's in the living
room, come with me."
0xf5d84,39,"マンションが古いせいかなぁ、
やっぱり。",,"It's probably because
the building's old, after
all."
0xf5dac,39,"ただ心霊写真が撮りたいだけ
じゃないの？",,"Isn't it just that you
want to take a ghost
photo?"
0xf5dd4,39,"俺は…ユウタに、そう教えられた
けど…。",,"I... was taught it by
Yuuta, but..."
0xf5dfc,39,"（やっぱりダメ…怖くて
　のぞけない…）",,"(I can't... I'm too
scared to look...)"
0xf5e24,39,"ヒドイ言い方。
わたしだって女の子だよ。",,"That's such a cruel way
to put it. I'm a girl too,
you know."
0xf5e4c,39,"（幽霊じゃない…本物の人間が
　いる！）",,"(It's not a ghost...
there's a real person!)"
0xf5e74,39,"お兄ちゃんが妹の部屋に
入っているとか。",,"Like a big brother going
into his little sister's
room."
0xf5e9c,39,"さ、ケーキでも食べよ。
コーヒーでいい？",,"Well, let's eat some
cake. Is coffee okay?"
0xf5ec4,39,"とにかく家の中をくまなく調べて
みよう。",,"Anyway, let's check the
whole house from top to
bottom."
0xf5eec,39,"ケータイの３本柱でも多少は
わかるけど、",,"With the phone's 3 bars
you can tell something,
but,"
0xf5f14,39,"すべての都市伝説には、必ず真実が
ある。",,"Every urban legend
always has some truth to
it."
0xf5f3c,39,"しょうがないなあ、
つきあってあげるよ。",,"Can't be helped. I'll
keep you company."
0xf5f64,39,"ね、リコ、コックリさんの紙、
持ってる？",,"Hey, Riko, do you have
the Kokkuri-san paper?"
0xf5f8c,39,"うん…。
コインに…指を乗せて力を抜く。",,"Yeah... Put your finger
on the coin... and
relax."
0xf5fb4,41,"うん、まあね。
ナナシ・バージョンだけど。",,"Yeah, kind of. But it's
Nanashi's version."
0xf5fe0,41,"（わたし…、“ひとりかくれんぼ”
　を…）",,"(I'm... going to do
hitorikakurenbo...)"
0xf600c,41,"ナイフ、お米、食塩水、赤い糸、
ぬい針…。",,"Knife, rice, salt water,
red thread, sewing
needle..."
0xf6038,41,"必要なものをキッチンへ取りに
いかなきゃ。",,"I need to go to the
kitchen for what I need."
0xf6064,41,"（…それに…ナナシとの約束を
　破って、）",,"(...Besides... I broke
my promise with
Nanashi,)"
0xf6090,41,"携帯はわたしの机に置きっぱなし
だっけ…。",,"I left my phone on my
desk..."
0xf60bc,41,"（そしてバスタブに沈めるアイテム
　は…）",,"(And the item I sink in
the bathtub is...)"
0xf60e8,41,"かくれんぼだからね。
見つからないように。",,"It's a hide-and-seek
game. So they don't
find me."
0xf6114,41,"きっと霊の正体のヒントがあるはず
だから。",,"Because there's bound
to be a clue about the
spirit's identity."
0xf6140,41,"とりあえず今はぬいぐるみを
出しておいて。",,"For now, get the stuffed
animal ready."
0xf616c,41,"（１３）霊の気配が消えたら、
浴室に行く。",,"(13) When the spirit's
presence disappears, go
to the bathroom."
0xf6198,41,"だいたい覚えてるから大丈夫。
さ、やろう。",,"I remember it more or
less, don't worry.
Okay, let's do it."
0xf61c4,41,"それに…リコにもせっかく来て
もらったし、",,"Besides... since Riko
came all this way,"
0xf61f0,41,"ひとりかくれんぼのチェンメは
転送したの？",,"Did you forward the
hitorikakurenbo chain
mail?"
0xf621c,41,"（米を入れて縫い合わせた
　ぬいぐるみを）",,"(The stuffed animal I
stuffed with rice and
sewed shut)"
0xf6248,41,"（そしてバスタブに沈める
　アイテムは…）",,"(And the item I sink in
the bathtub is...)"
0xf6274,41,"テレビと照明を消すのはどっちが
先だっけ？",,"Which came first,
turning off the TV or the
light?"
0xf62a0,41,"（霊となってなお自分に偏執的に
　迫る、）",,"(Even as a spirit, he
obsessively stalked
her,)"
0xf62cc,41,"（それでよかったんだ…と
　今は思います）",,"(Now I think it was fine
that way)"
0xf62f8,41,"（また霊の動きが活発になったと
　いう…）",,"(They say the spirit's
activity intensified
again...)"
0xf6324,41,"もう一度、マンションの中を
調べてみない？",,"What if we check the
building one more time?"
0xf6350,41,"わかんないよ、花壇に埋められて
たりとか。",,"Who knows, maybe she
was buried in a garden
or something."
0xf637c,41,"うちのマンション、花壇なんか
ありません。",,"There's no garden at all
in my building."
0xf63a8,41,"あの子はああ言っていたけど…。
どうする？",,"She said that, but...
what do we do?"
0xf63d4,41,"なんかミョーな視線を感じることも
あるし。",,"Also, sometimes I feel a
strange stare."
0xf6400,41,"もう、ヘンなこと言って
おどかさないでよ。",,"Come on, don't scare
me by saying weird
things."
0xf642c,41,"たしか…今も犯人捕まって
ないんじゃない？",,"I think... they still
haven't caught the
culprit, right?"
0xf6458,41,"あ、いやっ、その、…なんでも
ないから…。",,"Ah, no, um... it's
nothing..."
0xf6484,41,"よかった。　突然切れたから、
ビビったよ。",,"Oh good. It cut off
suddenly and it scared
me."
0xf64b0,41,"それ、怖いって言うより、
危ないんじゃ…。",,"More than scary, that's
dangerous..."
0xf64dc,41,"それ、怖いっていうより、
危ないんじゃ…。",,"More than scary, that's
dangerous..."
0xf6508,41,"わたしはカンベン。
怖い目に遭うのはイヤ。",,"I'll pass. I don't want
to have a scary time."
0xf6534,41,"だいたいそのマンションで殺人事件
なんて、",,"To begin with, the fact
that there was a murder
in that building,"
0xf6560,41,"今度こそ、心霊現象の正体、
見つけてやる。",,"This time I'm really
going to uncover the
truth behind the
paranormal
phenomenon."
0xf658c,41,"（ビデオテープを捨てたゴミ箱
　でした…）",,"(It was the trash can
where they'd thrown out
the videotape...)"
0xf65b8,41,"…タオルで拭いたけど、さすがに
燃やすのに",,"...I wiped it with a
towel, but to burn it,"
0xf65e4,41,"あたりをうろうろしてから浴室に
戻る…と。",,"Wander around a bit and
then go back to the
bathroom... and."
0xf6610,41,"わたしはぁ…食べたく…
なっちゃったな…。",,"I... started feeling...
hungry..."
0xf663c,41,"この部屋、どう見ても…女の部屋
だよね…？",,"However you look at it,
this is a woman's room,
right?"
0xf6668,41,"いまさら誰がなんのために置いて
いったの？",,"Who left it there and for
what, at this point?"
0xf6694,41,"方位磁針、あまり役に立たなかった
ようね。",,"It seems the compass
wasn't much use."
0xf66c0,41,"なんか…どうしていいか
わからなくって…。",,"I didn't know what to
do..."
0xf66ec,43,"（すべての都市伝説には必ず真実が
　ある…）",,"(Every urban legend
always has some truth to
it...)"
0xf6718,43,"台所の炎が段ボールに引火して
手に負えない！",,"The kitchen fire caught
the cardboard boxes and
it's out of control!"
0xf6744,43,"次に、そのぬいぐるみを持って、
浴室へ行く。",,"Then, take that stuffed
animal and go to the
bathroom."
0xf6770,43,"じゃあ、“ひとりかくれんぼ”を
始めます…。",,"Okay, I'm going to start
hitorikakurenbo..."
0xf679c,43,"で…バスタブに、ぬいぐるみを
入れた後は…。",,"And... after putting the
stuffed animal in the
bathtub..."
0xf67c8,43,"（ユミコはストーカーに
　殺されたんでしょ）",,"(Yumiko was killed by
the stalker, right?)"
0xf67f4,43,"（壁紙が熱ではがれて、
　アルミホイルが…）",,"(The wallpaper peeled
off from the heat, and
the aluminum...)"
0xf6820,43,"あとは音を立てずに、霊が
出てくるのを待つ。",,"After that, quietly wait
for the spirit to appear."
0xf684c,43,"あと、押し入れにいる時は物音に
注意してね。",,"Also, when you're in the
closet, be careful about
noises."
0xf6878,43,"最後に『あたしの勝ち』と心の中で
３回言う。",,"Finally, say 'I win' in
your mind 3 times."
0xf68a4,43,"（２）ぬいぐるみに
『最初はあたしがオニ』と",,"(2) Tell the stuffed
animal 'I'll be the
seeker first,'"
0xf68d0,43,"（４）テレビだけつけて、
画面を砂嵐にする。",,"(4) Turn on only the TV
and set the screen to
static."
0xf68fc,43,"（６）目をつむったら、
心の中で１０数える。",,"(6) When you close your
eyes, count to 10 in
your mind."
0xf6928,43,"（お風呂に沈めたアイテムを手に
　とって…）",,"(Pick up the item I sank
in the bathtub...)"
0xf6954,43,"なら、いいんじゃない。
今すぐじゃなくても。",,"Then it's fine. It
doesn't have to be right
now."
0xf6980,43,"（お風呂に沈めたアイテムを手に
　とって…）",,"(Pick up the item I sank
in the bathtub...)"
0xf69ac,43,"じゃあ、“ひとりかくれんぼ”
を始めます…。",,"Okay, I'm going to start
hitorikakurenbo..."
0xf69d8,43,"（バスタブは、水を張ったままに
　なってる）",,"(The bathtub still has
the water in it)"
0xf6a04,43,"（霊の注意をそらせたら…次に
　目を閉じて）",,"(Once I distract the
spirit... then I close my
eyes)"
0xf6a30,43,"（お風呂に沈めたアイテムを
　手にとって…）",,"(Pick up the item I sank
in the bathtub...)"
0xf6a5c,43,"（わたしは不安な一夜を、わりと
　楽しく、）",,"(I spent that anxious
night, fairly well,)"
0xf6a88,43,"きっと霊の正体のヒントがある
はずだから。』",,"Because there's bound
to be a clue about the
spirit's identity."
0xf6ab4,43,"まだ夏場だし、死体が起き上がって
くるかも。",,"It's still summer, the
corpse might get up."
0xf6ae0,43,"１階の庭は、わたしたちが
引っ越してくる前に",,"The first-floor garden,
before we moved in,"
0xf6b0c,43,"（なぜ男がベッドの下に隠れていた
　のか、）",,"(Why the man was
hiding under the bed,)"
0xf6b38,43,"でも、あのばあちゃん、
ずっと寝たきりだろ。",,"But, that old lady,
she's bedridden all the
time."
0xf6b64,43,"（でも…わたしは…どんなことが
　あっても）",,"(But... me... no
matter what happens)"
0xf6b90,43,"…あ、その…。
こ、この物置が気になって…。",,"...Ah, um... i-it's
just that this storage
room has me curious..."
0xf6bbc,43,"２０年ぐらい前に、住んでいた人
ですけど…。",,"It's someone who lived
here about 20 years
ago..."
0xf6be8,43,"安心しちゃってちゃんとカギを
かけないから。",,"Since she feels safe, she
doesn't lock it properly."
0xf6c14,43,"そうだよね、不安で妄想とか入って
いたかも、",,"That's true, maybe her
anxiety mixed in with her
imagination,"
0xf6c40,43,"ただ男が…玄関の前をうろうろ
していたな…。",,"It's just that a man...
was hanging around in
front of the entrance..."
0xf6c6c,43,"あそこ幽霊マンションで有名
だったんだから。",,"That building was famous
for being haunted."
0xf6c98,43,"若い女の住民が、ストーカーに
殺される事件が",,"A case where a young
resident was murdered
by a stalker,"
0xf6cc4,43,"（なぜ男がベッドの下に隠れていた
　のか、）",,"(Why the man was
hiding under the bed,)"
0xf6cf0,43,"（でも…わたしは…どんなことが
　あっても）",,"(But... me... no
matter what happens)"
0xf6d1c,43,"別にあんたたちに用があるわけ
じゃないから。",,"It's not like I have any
business with you."
0xf6d48,43,"…思い切って聞いちゃった。
殺人事件のこと。",,"...I worked up the
courage and asked.
About the murder."
0xf6d74,43,"マンションが古いせいなのかなぁ、
やっぱり。",,"It's probably because
the building's old, after
all."
0xf6da0,43,"“心霊現象”の正体も分かったし、
安心した。",,"The truth behind the
paranormal phenomenon
came out, and I felt at
ease."
0xf6dcc,43,"“心霊現象”の正体も分かったし、
安心した。",,"The truth behind the
paranormal phenomenon
came out, and I felt at
ease."
0xf6df8,43,"ったく、ヘンな言いがかりをつけて
くるよな。",,"They really do accuse us
of weird things."
0xf6e24,43,"（建物のきしみとは違う…。
　なんの音…？）",,"(It's not the building
creaking... what is that
sound...?)"
0xf6e50,43,"うん。いつも一緒に寝てるクマの
ぬいぐるみ。",,"Yeah. The bear plushie I
always sleep with."
0xf6e7c,43,"撮ってもいいけど、どうせ何にも
写んないよ。",,"You can take it, but
nothing's going to show
up anyway."
0xf6ea8,43,"ま、たしかにお部屋探しは慎重に
しないとね。",,"Well, it's true you have
to be careful when
apartment hunting."
0xf6ed4,43,"（マンションを飛び出した
　わたしたちは、）",,"(We, who ran out of the
building,)"
0xf6f00,43,"（ナナシのチェーンメールもあった
　らしい）",,"(It seems there was also
a chain mail from
Nanashi)"
0xf6f2c,43,"信じてないみたいだし、自分で
やってみなよ。",,"Looks like you don't
believe me, you'd
better try it yourself."
0xf6f58,43,"台所の炎が段ボールに引火して
手に負えない！",,"The kitchen fire caught
the cardboard boxes and
it's out of control!"
0xf6f84,43,"見たい番組があるの。もうすぐ
始まっちゃう。",,"There's a show I want to
watch. It's about to
start."
0xf6fb0,43,"この押入れ…、なんか…
気になるんだよね…。",,"This closet... I don't
know... it has me
curious..."
0xf6fdc,43,"（…………ホントに…事件は解決
　したの？）",,"(.........Did the
case... really get
solved?)"
0xf7008,43,"次にリビング、その後にまた浴室
に行って…。",,"Then to the living room,
and after that back to
the bathroom again..."
0xf7034,45,"…コックリさん、コックリさん、
……えーと…。",,"...Kokkuri-san,
Kokkuri-san,......
let's see..."
0xf7064,45,"もし現れましたら、『はい』に
進んでください。",,"If it appears, please
move towards Yes."
0xf7094,45,"それで、目をつむったら、
心の中で１０数える。",,"And then, when you
close your eyes, count
to 10 in your mind."
0xf70c4,45,"（霊が…なんで自分の名前を
　呼んでいるの？）",,"(The spirit... why is it
saying my name?)"
0xf70f4,45,"（１５）『あたしの勝ち』と心の中
で３回言う。",,"(15) Say 'I win' in your
mind 3 times."
0xf7124,45,"（でも…リコとマサキが遊びに
　来てくれて、）",,"(But... Riko and Masaki
came to visit me,)"
0xf7154,45,"（霊は魔よけの封印を解かせようと
　したり、）",,"(The spirit was trying to
get me to break the
charm's seal,)"
0xf7184,45,"（自分の死体の場所をわから
　せようとして、）",,"(It was trying to let me
know where its corpse
was,)"
0xf71b4,45,"あたし、疲れちゃった。
ミズキ、１人で調べて。",,"I'm already tired of
this. Mizuki, investigate
on your own."
0xf71e4,45,"ほら、髪型とかファッション、
ちゃんとすれば。",,"Come on, if you fix up
your hairstyle and
clothes properly."
0xf7214,45,"友達はゼッタイ幽霊だって
言ってたけどなあ…。",,"My friend said it was
definitely a ghost..."
0xf7244,45,"なんか、おかしなことは、
起きなかったですか？",,"Did anything strange
happen?"
0xf7274,45,"…知らなかった。ごめんね、
変なこと聞いて…。",,"...I didn't know that.
Sorry for asking
something weird..."
0xf72a4,45,"でもさ、初めての１階で不安かも
しれないけど、",,"But, I know it's a bit
scary being your first
time on the first floor,
but,"
0xf72d4,45,"ああ、ユミちゃん。
素直ないい娘さんじゃった。",,"Ah, Yumi-chan. She was
a good, honest girl."
0xf7304,45,"やっぱり…気になる。
ここで殺人起きたのか…。",,"In the end... I'm
curious. This is where
the murder
happened..."
0xf7334,45,"同窓会でまた八木先生に
しかられないようにね。",,"Be careful not to get
scolded by Mr. Yagi
again at the reunion."
0xf7364,45,"（古いマンションって…みんな、
　こうなの？）",,"(Is it like this in all old
buildings?)"
0xf7394,45,"（そもそも“ひとりかくれんぼ”
　って何…？）",,"(To begin with, what is
hitorikakurenbo...?)"
0xf73c4,45,"（またナナシからのメール…
　しつこいなあ…）",,"(Another email from
Nanashi... how
persistent...)"
0xf73f4,45,"いや、昼間、リコが変なことを
言っていたから、",,"No, it's just that during
the day Riko said
something strange,"
0xf7424,45,"いや、昼間、リコが変なことを
言っていたから、",,"No, it's just that during
the day Riko said
something strange,"
0xf7454,45,"キッチンのガスの火が急に大きく
なったりして、",,"The kitchen's gas flame
suddenly got bigger,"
0xf7484,45,"さっきもまたヘンなチェーンメール
が来てたよ。",,"A little while ago another
weird chain mail came in
too."
0xf74b4,45,"俺は、一人暮らしの女子大生と友達
の話だった。",,"I got the story about a
college girl living alone
and her friend."
0xf74e4,45,"“８８−０９”？
そんな住所、この辺にないよ。",,"88-09? There's no such
address around here."
0xf7514,45,"（死が近づいた…その時頭を
　よぎったのは…）",,"(As death drew near...
what crossed my mind
was...)"
0xf7544,45,"要は、その女の霊を成仏させれば
いいんでしょ。",,"So basically, all we need
to do is let that woman's
spirit rest in peace,
right?"
0xf7574,45,"（今晩、一人きりになるわたしを
　心配して、）",,"(Worried that I'd be
completely alone
tonight,)"
0xf75a4,45,"やっぱり…コックリさんの方が
まだマシかな…。",,"In the end... maybe
Kokkuri-san is the lesser
evil..."
0xf75d4,45,"じゃあ、始めよ。
今度はミズキが言ってみなよ。",,"Okay, let's start. This
time you say it, Mizuki."
0xf7604,47,"もし…もし現れたら、『はい』に
進んでください。",,"Yes... if you appear,
please move towards
Yes."
0xf7634,47,"わたしもほとんど寝ないまま、
学校へ行きました。",,"I also went to school
having barely slept."
0xf7664,47,"『２４時間以内に実行すればいい
　んじゃない？』",,"'It's enough to do it
within 24 hours, right?'"
0xf7694,47,"全部、キッチンにありそうだから、
取ってくるね。",,"It looks like everything's
in the kitchen, I'll go
get it."
0xf76c4,47,"（これから、わたしの身に
　何が起きるのか…、）",,"(What was going to
happen to me from then
on...,)"
0xf76f4,47,"手にとって『見いつけた』と
心の中でつぶやいて、",,"Pick it up and whisper
'Found you' in your
mind,"
0xf7724,47,"（最期の時……わたしの脳裏を
　かすめたのは、）",,"(In my final
moments...... what
crossed my mind was,)"
0xf7754,47,"（１２）急いでコップの塩水を口に
入れて隠れる。",,"(12) Quickly, put the
salt water from the glass
in your mouth and hide."
0xf7784,47,"（目を開けてから…今度はどこに
　行くんだっけ）",,"(After opening my
eyes... where was I
supposed to go this
time?)"
0xf77b4,47,"（ミイラの正体はやはりビデオの
　ストーカー男）",,"(The mummy turned out
to be the stalker from
the tape, after all)"
0xf77e4,47,"（彼女は、当時つきあっていた
　ストーカー男と）",,"(She, with the stalker
she was dating at the
time,)"
0xf7814,47,"（目を開けてから…今度はどこに
　行くんだっけ）",,"(After opening my
eyes... where was I
supposed to go this
time?)"
0xf7844,47,"（アイテムをバスタブに戻した後、
　行くのは…）",,"(After putting the item
back in the bathtub,
where do I go...)"
0xf7874,47,"（ひょっとして…、閉じこめられた
　地中から…）",,"(Could it be... from
underground where he
was trapped...)"
0xf78a4,47,"（その夜、２人は朝まで一緒に
　いてくれました）",,"(That night, the two of
them stayed with me
until dawn)"
0xf78d4,47,"どうしたの？眠そうな顔して。
ネットのやりすぎ？",,"What's wrong with you?
You look sleepy. Were
you online too much?"
0xf7904,47,"たしか……、いちまる…ナン…
号室…だったか…。",,"I think...... it was
room one-zero...
something..."
0xf7934,47,"１人でいると、台所でガタッ…て
音がするだけで、",,"When I'm alone, just a
noise from the kitchen,"
0xf7964,47,"（その夜、２人は朝まで一緒に
　いてくれました）",,"(That night, the two of
them stayed with me
until dawn)"
0xf7994,47,"ユミちゃん、秋頃に突然…姿が
見えなくなった…。",,"Yumi-chan, around
autumn, suddenly...
disappeared..."
0xf79c4,47,"わたし、彼女と同じ１０３号室に
住んでるんです。",,"I live in the same room
103 as her."
0xf79f4,47,"あの３人、同じ学校だってさ。
ここ桐塚が地元の。",,"Those three go to the
same school. They're
from here, from
Kirizuka."
0xf7a24,47,"（ドアを開けて、わたしがいること
　だけでも、）",,"(Just by opening the
door and knowing I was
there,)"
0xf7a54,47,"うちの小学校で流行った幽霊
マンションのウワサ、",,"The haunted building
rumor that got popular
in my elementary school,"
0xf7a84,47,"それを聞いて、安心した…。
……ありがと………。",,"Hearing that put me at
ease... ......Thank
you......"
0xf7ab4,47,"もうさ…終了のおまじないまで
ハラハラだったよ。",,"Seriously... even the
final spell had my heart
in my throat."
0xf7ae4,47,"（もう、わかったから。出れば
　いいんでしょ…）",,"(Got it. Just leaving is
enough, right...?)"
0xf7b14,47,"（死が近づいた…わたしの目に
　映ったのは…、）",,"(As death drew near...
what my eyes saw
was...,)"
0xf7b44,47,"気になるけど…。
夜、眠れなくなるとかイヤだし。",,"I'm curious, but... I
don't want to end up
unable to sleep at night."
0xf7b74,47,"（火はわたしの部屋の一部と
　リビングを焼き、）",,"(The fire burned part of
my room and the living
room,)"
0xf7ba4,49,"…あの怪しいビデオテープは
いったい何だったのか。",,"...What that suspicious
videotape really was."
0xf7bd8,49,"（隠れていたのか…その理由は
　わからないまま…）",,"(Why he was hiding...
the reason remains
unknown...)"
0xf7c0c,49,"（バスタブには昨日のまま、水が
　少し張られてる）",,"(The bathtub is still the
same as yesterday, with
a little water)"
0xf7c40,49,"そして、ぬいぐるみを見て、
『次はあなたがオニ』と",,"And then, looking at the
stuffed animal, say
'Now it's your turn to
be the seeker,'"
0xf7c74,49,"ナイフを抜いて、ぬいぐるみを
バスタブに戻したら、",,"Pull out the knife, put
the stuffed animal back
in the bathtub, and
then,"
0xf7ca8,49,"でも、たまに、ぬいぐるみが
移動してる時があるから",,"But, sometimes the
stuffed animal moves to
a different spot, so"
0xf7cdc,49,"（３）バスタブにぬいぐるみを
入れて、風呂を出る。",,"(3) Put the stuffed
animal in the bathtub
and leave the bathroom."
0xf7d10,49,"（１０）『次はあなたがオニ』と
心の中で３回言う。",,"(10) Say 'Now it's your
turn to be the seeker' 3
times in your mind."
0xf7d44,49,"（結局、“ひとりかくれんぼ”
　はうまくいかず、）",,"(In the end, the
hitorikakurenbo didn't
go well,)"
0xf7d78,49,"（うっ…あぶない…口の水、
　飲みそうになった…）",,"(Ugh... close... I
almost swallowed the
water in my mouth...)"
0xf7dac,49,"（…引っかく…音？…なにを
　引っかいてるの…？）",,"(...A sound... of
scratching? ...what
could be
scratching...?)"
0xf7de0,49,"大気の熱で筋肉が収縮して
ムクムク起き上がるって。",,"They say the ambient
heat contracts the
muscles and makes it
slowly rise up."
0xf7e14,49,"（必死にはい出ようとした…、
　その音なのかも…）",,"(Maybe it's the sound of
someone desperately
trying to crawl out...)"
0xf7e48,49,"（マンションで起きる怪奇現象の
　謎や霊の正体、）",,"(The mystery of the
strange phenomena in
the building, and the
spirit's identity,)"
0xf7e7c,49,"まあねえ、たしかに防犯のこと
を考えると１階は…。",,"Well, it's true that
thinking about security,
the first floor..."
0xf7eb0,49,"あの頃は…、近所にも…自慢の
マンションだった…。",,"Back then... it was a
building the
neighborhood was proud
of..."
0xf7ee4,49,"うん…小学校の時、交通事故で
死んじゃったから…。",,"Yeah... because he
died in a traffic accident
when he was in
elementary school..."
0xf7f18,49,"（マンションで起きる怪奇現象の
　謎や霊の正体、）",,"(The mystery of the
strange phenomena in
the building, and the
spirit's identity,)"
0xf7f4c,49,"変な音や声を耳にするように
なったってウワサだよ。",,"It's a rumor that strange
sounds and voices
started being heard."
0xf7f80,49,"幽霊やヘンな音もすべて勘違い
だったって聞いたよ。",,"I heard that the ghost
thing and the strange
sounds were all a
misunderstanding."
0xf7fb4,49,"あとさ…ウワサで聞いたんだけど、
…この部屋で…、",,"Also... I heard through
rumors that... in this
room..."
0xf7fe8,49,"（お母さんが戻ってきたら、
　ちゃんと言わなきゃ）",,"(When Mom gets back, I
need to tell her
properly)"
0xf801c,49,"着信？あ、ケータイ、部屋に置いた
ままだったっけ。",,"A call? Ah, I left my
phone in my room."
0xf8050,49,"ストーカーのようなトラブルは昔
あったらしいけど、",,"It seems there were
stalker problems in the
past, but,"
0xf8084,49,"（電波が悪そうだから、リビングに
　行って話そう）",,"(Since the signal seems
bad, I'll go to the living
room to talk)"
0xf80b8,49,"ひょっとして…ずっと昔からこの
土地にいた霊かも。",,"Maybe it's a spirit
that's been in this place
for a long time."
0xf80ec,49,"わたしの部屋はちらかってるから、
リビングに行こ。",,"My room's a mess, let's
go to the living room."
0xf8120,49,"わたしが昔聞いたのは、留守番を
している姉妹の話。",,"What I heard a while
back was the story of
some sisters
house-sitting."
0xf8154,49,"わたしもこの桐塚のことをもっと
よく知らないとね。",,"I should also get to know
this place, Kirizuka,
better."
0xf8188,49,"…あれ？“ひとりかくれんぼ”の
終わらせ方って…。",,"...Huh? How did you
end hitorikakurenbo..."
0xf81bc,49,"たしか…ぬいぐるみを燃やすんじゃ
なかったっけ…。",,"I think... weren't you
supposed to burn the
stuffed animal...?"
0xf81f0,49,"８８ってたぶん西暦じゃない？
１９８８年９月とか。",,"The 88's probably the
year, right? Like
September of 1988."
0xf8224,49,"えーっ！見ないの？
何が映っているか気にならない？",,"Ehh! You're not going
to watch it? Aren't you
curious what's on it?"
0xf8258,49,"フツーこんなビデオ回す？
どっちみちヘンタイだよ。",,"Is it normal to film a
video like that? Either
way, he's a pervert."
0xf828c,49,"（逮捕された男は、同じ
　マンションの住人だった）",,"(The man who was
arrested was a resident
of the same building)"
0xf82c0,49,"霊が現れると、空間の磁場が揺らぐ
っていうでしょ。",,"They say when a spirit
appears, the place's
magnetic field gets
disturbed, right?"
0xf82f4,49,"（駆けつけた消防車によって
　消し止められました）",,"(The firefighters who
arrived managed to put
it out)"
0xf8328,51,"コックリさん、コックリさん、
どうかおいでください。",,"Kokkuri-san,
Kokkuri-san, please
come."
0xf835c,51,"（玄関に行かないと…。
　マサキとリコが帰っちゃう）",,"(I need to go to the
entrance... Masaki and
Riko are going to leave)"
0xf8390,51,"塩水を口に入れたまま、ソッコーで
押し入れに隠れる。",,"With the salt water in
your mouth, immediately
hide in the closet."
0xf83c4,51,"だったらいつでもいいんじゃない？
ゆっくり考えれば。",,"Then any time is fine,
right? Think it over
calmly."
0xf83f8,51,"あたしはいないつもりで、何も
アドバイスしないから。",,"I'll pretend I'm not here
and won't give you any
advice."
0xf842c,51,"（レイカが調べたところによると、
　倉田裕見子は、）",,"(According to what Reika
found out, Kurata
Yumiko,)"
0xf8460,51,"（こんなこと…部屋で一人で
　やってるわたしって…）",,"(Me, doing this...
alone in my room...)"
0xf8494,51,"でもさ、あのストーカー、意外と
かっこよかったかも。",,"But hey, that stalker
might've been pretty
good-looking."
0xf84c8,51,"（わたしは、押し入れで気を失って
　いるところを、）",,"(Me, who had passed
out inside the closet,)"
0xf84fc,51,"昨日の夜も、外で男が叫んでる
ような声が聞こえたし。",,"Last night I also heard
what sounded like a man
shouting outside."
0xf8530,51,"（わたしは、押し入れで気を失って
　いるところを、）",,"(Me, who had passed
out inside the closet,)"
0xf8564,51,"ここを借りる前に、不動産屋から
教えられたんだって。",,"They say the real estate
agent told her before
renting this place."
0xf8598,51,"“ベッドの下の男”っていろんな
パターンがあるだろ。",,"'The man under the
bed' has a bunch of
versions, right?"
0xf85cc,51,"それしか考えられないっしょ。
あの顔、ヤバすぎだよ。",,"I can't think of anything
else. That face was way
too terrifying."
0xf8600,51,"リコ……たしかに…、
このマンション…おかしいよ…。",,"Riko...... it's true...
this building... it's
weird..."
0xf8634,51,"リコ……たしかに…、
このマンション…おかしいよ…。",,"Riko...... it's true...
this building... it's
weird..."
0xf8668,53,"（いったいこの部屋で何があった
　のか、今となっては）",,"(What really happened
in this room, now)"
0xf86a0,53,"ぬいぐるみ、ナイフ、お米、
食塩水、赤い糸、ぬい針…。",,"Stuffed animal, knife,
rice, salt water, red
thread, sewing
needle..."
0xf86d8,53,"（２人が遊びに来てくれて、
　わたしは不安な一夜を、）",,"(Since the two of them
came to visit me, I spent
that anxious night,)"
0xf8710,53,"まず、ぬいぐるみの中の詰め物を
取り出して米を入れて、",,"First, take out the
stuffing from inside the
stuffed animal and put in
rice,"
0xf8748,53,"（部屋で“ひとりかくれんぼ”
　をしなかったことで、）",,"(For not having done
hitorikakurenbo in my
own room,)"
0xf8780,53,"（１４）バスタブのぬいぐるみに
口の中の塩水をかける。",,"(14) Pour the salt water
from your mouth onto
the stuffed animal in the
bathtub."
0xf87b8,53,"（あのビデオには…いったい…
　何が映っていたのか…）",,"(What was it really...
that was on that
tape...)"
0xf87f0,53,"（火はわたしの部屋の一部と
　リビングを焼きつくして）",,"(The fire completely
burned part of my room
and the living room,)"
0xf8828,53,"（…引っかく…音？…なにを
　引っ掻いてるの？…床？）",,"(...A sound... of
scratching? ...what
could be scratching?
...the floor?)"
0xf8860,53,"（あの耳に残る音…床を引っ掻く音
　だと思ったけど…）",,"(That sound stuck in my
ears... I thought it was
something scratching the
floor, but...)"
0xf8898,53,"（“ひとりかくれんぼ”だけは、
　二度とするまいと、）",,"(As for hitorikakurenbo,
I decided I'd never do it
again,)"
0xf88d0,53,"あの…おばあちゃん…。
倉田裕見子って人、知ってます？",,"Excuse me...
ma'am... do you know
someone named Kurata
Yumiko?"
0xf8908,53,"（“ひとりかくれんぼ”だけは、
　二度とするまいと、）",,"(As for hitorikakurenbo,
I decided I'd never do it
again,)"
0xf8940,53,"（ホントは浴室へ、後始末に
　行かなきゃダメだけど…）",,"(I really need to go clean
up the bathroom,
but...)"
0xf8978,53,"じゃあさ、今度何かあったら俺と
ユウタでマンションに、",,"So, if something
happens next time,
Yuuta and I will go to the
building,"
0xf89b0,53,"（とにかく…今は“かくれんぼ”を
　終わらせないと…）",,"(Anyway... now I need
to finish the
hide-and-seek...)"
0xf89e8,53,"別れ話でもつれたけど、結局は
話し合いで別れたみたい。",,"The breakup got
complicated, but in the
end it seems they
worked it out by talking."
0xf8a20,53,"この前もキッチンのガスの火が急に
大きくなったりして。",,"The other day the
kitchen's gas flame also
suddenly got big."
0xf8a58,53,"…うちのマンションが、都市伝説の
“ベッドの下の男”の",,"...That my building is
the origin of the 'man
under the bed' urban
legend,"
0xf8a90,53,"あと男の持っていたのがナイフ
だったり、オノだったり。",,"And also, sometimes the
man carried a knife,
sometimes an axe."
0xf8ac8,53,"（なにこれ…。机のアイテムが…
　床に散らばってる…）",,"(What is this... the
stuff from the desk...
it's scattered on the
floor...)"
0xf8b00,53,"あたしのよけいな話でブルって
いるんじゃないかってね。",,"I thought maybe she got
scared because of my
extra comment."
0xf8b38,53,"へー、意外。あんたのイメージ
じゃないなぁ、それって。",,"Wow, what a surprise.
That doesn't match the
image I have of you."
0xf8b70,53,"（薄れゆく意識の中でわたしは、
　ナナシの笑い声が、）",,"(As my consciousness
faded, I heard
Nanashi's laughter,)"
0xf8ba8,53,"ううん、こういうのって、いろんな
パターンがあるしね。",,"No, it's just that this
kind of thing has a
bunch of versions."
0xf8be0,53,"（あのビデオには…いったい…
　何が映っていたのか…）",,"(What was it really...
that was on that
tape...)"
0xf8c18,53,"お母さんが帰ってくるまで、
そのままにしておこうかな。",,"I think I'll leave it like
this until Mom gets
back."
0xf8c50,53,"見てヤバかったら、ケーサツに
持っていけばいいでしょ？",,"If watching it turns out
to be something serious,
it's enough to just take
it to the police, right?"
0xf8c88,53,"ラベルの数字と同じ…。
やっぱり２０年前に撮ったんだ。",,"It matches the number
on the label... So it
really was recorded 20
years ago."
0xf8cc0,53,"さすがに寝る気しないし、また誰か
隠れてたら怖いから、",,"Honestly I don't feel like
sleeping, and I'm
scared someone else
might be hiding, so"
0xf8cf8,53,"（…とても重要なことを…見落とし
　てる…気がする…）",,"(...I feel like I'm
missing something really
important...)"
0xf8d30,55,"（燃えた壁紙の裏側には、アルミ
　ホイルがびっしりと、）",,"(Behind the burned
wallpaper, there was
aluminum foil
everywhere,)"
0xf8d68,55,"『“ひとりかくれんぼ”で真実を
　知りたい気もしない？』",,"'Don't you want to know
the truth with
hitorikakurenbo?'"
0xf8da0,55,"ナイフ、お米、食塩水、赤い糸、
ぬい針…これで全部かな。",,"Knife, rice, salt water,
red thread, sewing
needle... I think that's
everything."
0xf8dd8,55,"（米を入れて縫い合わせた
　ぬいぐるみを、まずどこへ…）",,"(The stuffed animal I
filled with rice and sewed
up, where do I take it
first...)"
0xf8e10,55,"ぬいぐるみを見たら、手にとって
『見いつけた』と心の中で",,"When you see the
stuffed animal, pick it
up and say 'Found you'
in your mind,"
0xf8e48,55,"霊の気配が消えたら、とにかく
ダッシュして浴室に向かう。",,"When the spirit's
presence disappears,
immediately run to the
bathroom."
0xf8e80,55,"バスタブのぬいぐるみを見つけたら
口の中の塩水をかける。",,"When you find the
stuffed animal in the
bathtub, pour the salt
water from your mouth
on it."
0xf8eb8,55,"（１）米の詰め物をしたぬいぐるみ
を持って、浴室へ行く。",,"(1) Take the
rice-stuffed animal and
go to the bathroom."
0xf8ef0,55,"（わたしは自分の体が、ミイラと
　一緒に焼かれるのを、）",,"(Me, watching my own
body being burned along
with the mummy,)"
0xf8f28,55,"（８）ぬいぐるみを手にとって
『見いつけた』と心の中で、",,"(8) Pick up the stuffed
animal and say 'Found
you' in your mind,"
0xf8f60,55,"（この服…ビデオで見た…。
　じゃあ、このミイラは…！）",,"(These clothes... I saw
them in the video...
then, this mummy
is...!)"
0xf8f98,55,"（別れ話でもめて、口論の末に
　殺してしまったという…）",,"(They say they argued
over the breakup and he
ended up killing her...)"
0xf8fd0,55,"（隠れていたのか、その理由は
　わからないままでした…）",,"(Why he was hiding, the
reason remained
unknown...)"
0xf9008,55,"（ストーカー男に恐怖を覚え、
　霊の力を弱める魔よけを）",,"(Terrified of the stalker,
a charm to weaken the
spirit's power,)"
0xf9040,55,"（それは長く効果を発揮したが、
　なぜか最近になって、）",,"(That worked for a long
time, but for some
reason, lately,)"
0xf9078,55,"すべて掘り起こして、コンクリート
で舗装しちゃったから。",,"Because they dug it all
up and paved it over
with concrete."
0xf90b0,55,"友達が遊びに来た帰りに、あの近く
でおばあちゃんの幽霊を",,"A friend, on his way
back from visiting me,
saw the ghost of an old
woman near there,"
0xf90e8,55,"２０年ぐらい前にこのマンションで
殺人事件が起きたこと、",,"That about 20 years ago
a murder happened in
this building,"
0xf9120,55,"（引っ越してきたばかりだから、
　全然整理されてないや）",,"(Since I just moved in, I
haven't organized
anything)"
0xf9158,55,"ほら、幽霊マンションとか、
いろいろウワサがあるでしょ。",,"Come on, there are
various rumors, like that
it's a haunted building."
0xf9190,55,"あのマンションで一人暮らしを
してた時、つきあってた男と",,"When she was living
alone in that building,
with the man she was
dating,"
0xf91c8,55,"あ、ごめんね。　自分の部屋、
なんか電波の入りが悪いの。",,"Ah, sorry. It's just that
the signal's bad in my
room."
0xf9200,55,"でも、その後は回復して、今は
幸せな結婚生活を送っている",,"But, after that she
recovered and is now
leading a happy married
life,"
0xf9238,55,"（そう言った後は…そうか！
　やっと口からはき出せる！）",,"(After saying that... I
see! I can finally get it
off my chest!)"
0xf9270,55,"色んなところを調べてみて。
ゼッタイ反応するはずだから。",,"Check in various places.
It's bound to react."
0xf92a8,55,"お姉ちゃんがベッドの下の見知らぬ
男を見つけるっていう。",,"Where the older sister
finds an unknown man
under the bed."
0xf92e0,55,"（ごく普通の会社員で、わたしの
　部屋にいた時の記憶が）",,"(He was just an ordinary
office worker, and his
memories of when he
was in my room,)"
0xf9318,55,"あいつ、いつもはふざけてるけど、
いいところもあるのよ。",,"He's always joking
around, but he's got his
good side too."
0xf9350,55,"これなら、わたしのケータイの
“圏外”と大差ないでしょ。",,"With this, it's not that
different from when my
phone has no signal,
right?"
0xf9388,57,"その後隠れて…、最後にもう１回
浴室に行って終わりだよね。",,"Then hide... and at the
end, going back to the
bathroom one more time
finishes it, right?"
0xf93c4,57,"結局何度やっても、コックリさんは
反応がありませんでした。",,"In the end, no matter
how many times we
tried, Kokkuri-san never
responded."
0xf9400,57,"（ひとりかくれんぼを終わらせる
　には浴室に行かないと…）",,"(To finish
hitorikakurenbo I need to
go to the bathroom...)"
0xf943c,57,"ぬいぐるみを持ったら、それを見て
『最初はあたしがオニ』と",,"Pick up the stuffed
animal, and looking at it
say 'I'll be the seeker
first,'"
0xf9478,57,"テレビを付けておくのは、テレビ
から出る電磁波で霊の注意を",,"Leaving the TV on is so
the electromagnetic
waves it gives off
distract the spirit"
0xf94b4,57,"それで“ひとりかくれんぼ”って
基本、１人でやるんだけど。",,"And well,
hitorikakurenbo is
basically done alone."
0xf94f0,57,"（首に刺さった包丁…ストーカーと
　思われた男が殺され、）",,"(A knife stuck in the
neck... the man who
seemed to be the stalker
was murdered,)"
0xf952c,57,"（警察からは、古いガス管の異常が
　原因だっていわれた…）",,"(The police said the
cause was a fault in an
old gas pipe...)"
0xf9568,57,"（でも…世間の関心は、火事よりも
　床下から発見された、）",,"(But... people's
attention focused more
on what was found under
the floor than on the
fire,)"
0xf95a4,57,"夏場だと手や足だけ地面から出て
くることもあるらしいって。",,"They say in summer
sometimes only the
hands or feet come out
of the ground."
0xf95e0,57,"（そうだ“ひとりかくれんぼ”は、
　霊の気配が消えたら、）",,"(Right, in
hitorikakurenbo, when
the spirit's presence
disappears,)"
0xf961c,57,"ったく、昔のウワサでビビらせて…
住んでいる身にもなれよ。",,"Honestly, scaring people
with old rumors... think
about the person who
actually lives here."
0xf9658,57,"あのマンション、ずっと前に、
ちゃんとオハライしているから",,"That building had a
proper exorcism done a
long time ago already,
so"
0xf9694,57,"だね、ナナシのメールを見た時には
ちょっと落ち込んだけど。",,"That's true, when I saw
Nanashi's email I got a
little down, but."
0xf96d0,57,"ま、霊が本当に出ても、写真でも
撮って成仏させたげるから。",,"Well, if a spirit really
does show up, I'll take
its picture and help it
rest in peace."
0xf970c,57,"（やはり彼女も…本当はストーカー
　に…殺されていた…？）",,"(So she too... was she
really killed by the
stalker...?)"
0xf9748,57,"こいつがストーカーで、女の部屋に
侵入して待ち伏せたんだ。",,"This guy was the
stalker, he broke into
the woman's room and
waited hidden."
0xf9784,57,"（翌日、学校でもマンションの
　事件は大きな話題になった）",,"(The next day, the
building incident was a
big topic of conversation
at school too)"
0xf97c0,57,"じゃあ、女の霊がどこにいるのか、
突き止めることが先だね。",,"So, the first thing is to
find out where the
woman's spirit is."
0xf97fc,57,"（リコとマサキからあとで遊びに
　くるという連絡が入った）",,"(Riko and Masaki let me
know they'd come visit
me later)"
0xf9838,59,"ね、リコは“ひとりかくれんぼ”の
やり方、知ってるんでしょ。",,"Hey, Riko, you know
how to do
hitorikakurenbo, right?"
0xf9874,59,"ぬいぐるみを見て『最初はわたしが
オニ』と心の中で３回言う。",,"Looking at the stuffed
animal, say 'I'll be the
seeker first' 3 times in
your mind."
0xf98b0,59,"（さっきの“ひとりかくれんぼ”
　でも、同じ声が聞こえた…）",,"(In the hitorikakurenbo
from earlier I also heard
the same voice...)"
0xf98ec,59,"その間、ずっとナイフを持って、
塩水を口に入れているのか…。",,"During that time, you
have to hold the knife
and keep the salt water
in your mouth the whole
time..."
0xf9928,59,"（炎で急速に乾燥し、起き上がった
　ミイラがわたしの体を、）",,"(Dried out quickly by the
fire, the mummy that
rose up grabbed my
body,)"
0xf9964,59,"（殺したのは…以前あの部屋に
　住んでいた倉田裕見子だった）",,"(The one who killed her
was... Kurata Yumiko,
who used to live in that
room)"
0xf99a0,59,"（人が倒れる音は、彼が殺された
　直後の再現だったのかも…）",,"(The sound of a person
falling might have been a
reenactment right after
he was killed...)"
0xf99dc,59,"マサキって、単にあのマンションを
探検したいだけじゃないの？",,"Isn't it just that Masaki
wants to explore that
building?"
0xf9a18,59,"近所に実家のあるＯＬで、不動産屋
もよく知ってる人らしくて、",,"She's an office worker
whose family lives
nearby and seems to
know the real estate
agent well,"
0xf9a54,59,"…でもさ、結局このマンションの
心霊現象って何だったんだろ？",,"...But well, in the end,
what was the paranormal
phenomenon in this
building?"
0xf9a90,59,"でもでも、“ひとりかくれんぼ”で
真実を知りたい気もしない？",,"But, but, don't you
want to know the truth
with hitorikakurenbo?"
0xf9acc,59,"へえ、“ひとりかくれんぼ”って、
ホントに霊が呼べるんだな。",,"Wow, so hitorikakurenbo
really can summon actual
spirits."
0xf9b08,59,"（わたしは…ベッドの下に隠れて
　いた男に何度も刺されて、）",,"(Me... the man hiding
under the bed stabbed
me several times,)"
0xf9b44,59,"（あのチェーンメールをこっそり
　保存した呪いでしょうか？）",,"(Could this be the curse
of secretly saving that
chain mail?)"
0xf9b80,59,"（わたし自身が、都市伝説の
　モデルになってしまいました…）",,"(I myself ended up being
the model for the urban
legend...)"
0xf9bbc,59,"（警官が部屋に入っても、男は
　ベッドの下にいたままだった）",,"(Even after the officer
entered the room, the
man was still under the
bed)"
0xf9bf8,59,"ほら、霊がいそうって感じる場所に
向けて、針の動きを見るの。",,"Come on, point it
towards the place you
feel might have a spirit
and watch how the
needle moves."
0xf9c34,59,"（事件を聞いたお母さんは予定を
　繰り上げて、明日の朝には）",,"(After hearing about the
incident, Mom moved up
her plans, and tomorrow
morning)"
0xf9c70,59,"おかしいなあ…霊がいるならもっと
激しく反応するはずなのに。",,"That's weird... if there
were a spirit it should
react more strongly."
0xf9cac,61,"その間、オニの気持ちになって、
あたりを探しながら歩き回ると、",,"Meanwhile, playing the
role of the seeker, you
walk around checking
your surroundings,"
0xf9cec,61,"（マンションで起きる怪奇現象の
　謎や、なぜ男がベッドの下に）",,"(The mystery of the
strange phenomena in
the building, and why
the man was under the
bed,)"
0xf9d2c,61,"（心霊現象を引き起こしていた…。
　それがレイカの推理だった）",,"(That's what was
causing the paranormal
phenomenon... that
was Reika's deduction)"
0xf9d6c,61,"面倒見のいい人じゃったからな…。
部屋を借りた人の…忘れ物も、",,"He was a very attentive
person... even things
left behind by the
room's renters,"
0xf9dac,61,"たぶん…今住んでいるマンションが
１階で落ち着かないせいかも。",,"Maybe it's because the
building I live in now has
me on the first floor and
it makes me uneasy."
0xf9dec,61,"だから幽霊マンションって言われて
いるのは、見た目が古いだけ。",,"So, being called a
haunted building is just
because it looks old."
0xf9e2c,61,"たしかに、昔この部屋に住んでいた
女の人…つまり倉田裕見子に、",,"It's true that the woman
who used to live in this
room... that is, Kurata
Yumiko,"
0xf9e6c,61,"でも倉田裕見子が生きてるってこと
は…たぶん、あの本の通りに、",,"But the fact that Kurata
Yumiko is alive
means... probably, just
like that book said,"
0xf9eac,61,"ああ、“ひとりかくれんぼ”なんか
やってたらヤバかったかも…。",,"Ah, if we'd done
hitorikakurenbo, it
could've been
dangerous..."
0xf9eec,61,"（わたしは…ベッドの下に隠れて
　いた男に喉を切り裂かれて、）",,"(Me... the man hiding
under the bed slit my
throat,)"
0xf9f2c,61,"（わたしは…ベッドの下に隠れて
　いた男に喉を切り裂かれて、）",,"(Me... the man hiding
under the bed slit my
throat,)"
0xf9f6c,61,"どうみてもマトモじゃないよ、女の
部屋で１人でビデオ回すとか。",,"However you look at it,
it's not okay to secretly
film in a woman's room."
0xf9fac,63,"（まさか…“ベッドの下の男”に…
　同じ霊が取り憑いていた…？）",,"(No way... was the
same spirit possessing
the man under the
bed...?)"
0xf9fec,63,"（１１）ナイフを抜き、ぬいぐるみ
をバスタブに戻して浴室を出る。",,"(11) Pull out the knife,
put the stuffed animal
back in the bathtub, and
leave the bathroom."
0xfa02c,63,"（“ひとりかくれんぼ”をした時、
　キッチンで聞こえた悲鳴や、）",,"(When doing
hitorikakurenbo, the
scream heard from the
kitchen, and,)"
0xfa06c,63,"実はマンションって、上の階の方が
ドロボーに狙われやすいんだよ。",,"Actually, in apartment
buildings, the upper
floors are more prone to
being targeted by
burglars."
0xfa0ac,63,"（リコは喋っていないというけど、
　ウワサが広まるのも早かった）",,"(Riko says she didn't
tell anyone, but the
rumor still spread fast)"
0xfa0ec,65,"（でもマンションで起きる怪奇現象
　の謎や、なぜ男がベッドの下に）",,"(But the mystery of the
building's phenomena,
and why the man was
under the bed,)"
0xfa130,65,"あの魔よけの本……倉田裕見子も何
かにおびえてたってことでしょ…？",,"That charm book......
it means Kurata Yumiko
was afraid of something
too, right...?"
0xfa1ac,6,えっ？,,Huh?
0xfa1bc,6,上だ！,,Up there!
0xfa1c4,6,俺が？,,Me?
0xfa1cc,6,あん？,,Huh?
0xfa1d4,6,うん。,,Yeah.
0xfa1dc,6,へぇ。,,Wow.
0xfa1e4,6,ああ。,,Ah.
0xfa1ec,6,そう。,,That's right.
0xfa1fc,6,何だ？,,What is it?
0xfa204,6,信念？,,Convictions?
0xfa20c,6,はい。,,Yes.
0xfa214,6,うん。,,Yeah.
0xfa21c,6,別に。,,Nothing in particular.
0xfa224,6,はっ！,,Ha!
0xfa22c,6,そう。,,That's right.
0xfa234,6,ああ。,,Ah.
0xfa244,6,←広場,,<- Plaza
0xfa24c,8,フフフ。,,Heh heh heh.
0xfa258,8,お願い。,,Please.
0xfa264,8,親父…。,,Dad...
0xfa270,8,キャッ。,,Eek!
0xfa27c,8,うん…。,,Yeah...
0xfa288,8,ピエロ？,,A clown?
0xfa294,8,確かに。,,That's true.
0xfa2a0,8,写真は？,,And the photo?
0xfa2ac,8,わかった,,Got it
0xfa2b8,8,親父…。,,Dad...
0xfa2c4,8,レイカ！,,Reika!
0xfa2d0,8,リコは？,,And Riko?
0xfa2dc,8,いまよ！,,It's now!
0xfa2e8,8,どこだ。,,Where is it.
0xfa2f4,8,そして、,,"And then,"
0xfa300,8,えっ！？,,Huh!?
0xfa30c,8,本物！？,,For real!?
0xfa318,8,はっ…！,,Ah...!
0xfa330,8,ミズキ！,,Mizuki!
0xfa354,8,何でだ？,,Why?
0xfa360,8,レイカ！,,Reika!
0xfa36c,8,ミズキ？,,Mizuki?
0xfa384,8,井戸…。,,A well...
0xfa390,8,そっか、,,"I see,"
0xfa39c,8,きゃっ。,,Eek!
0xfa3b4,8,待って。,,Wait.
0xfa3cc,8,はっ…。,,Ah...
0xfa3d8,8,逃げて！,,Run!
0xfa3e4,8,出口は？,,And the exit?
0xfa3f0,8,いや…。,,No...
0xfa3fc,8,ああ…。,,Ahh...
0xfa414,8,待って！,,Wait!
0xfa420,8,そうだ。,,That's right.
0xfa438,8,←　広場,,<- Plaza
0xfa444,8,そうね。,,That's right.
0xfa450,8,はっ…！,,Ah...!
0xfa45c,10,…ごめん。,,...Sorry.
0xfa468,10,井戸だ…。,,It's a well...
0xfa474,10,そうだね。,,That's right.
0xfa480,10,ほらここ。,,"Look, here."
0xfa48c,10,電力を…。,,The power...
0xfa498,10,たしか…。,,I think...
0xfa4a4,10,…親父…。,,...Dad...
0xfa4b0,10,どうして？,,Why?
0xfa4bc,10,そうだね。,,That's right.
0xfa4c8,10,これは…。,,This is...
0xfa4d4,10,全く……。,,Honestly......
0xfa4e0,10,こっちだ！,,This way!
0xfa4ec,10,早く出よう,,Let's get out quickly
0xfa4f8,10,別に……。,,"Nothing in
particular......"
0xfa504,10,確かめよう,,Let's check it
0xfa510,10,ははは…。,,Hahaha...
0xfa51c,10,じゃあね。,,See you.
0xfa528,10,ピエロ…。,,A clown...
0xfa534,10,そうそう。,,Exactly.
0xfa540,10,こっちだ！,,This way!
0xfa54c,10,お化け屋敷,,Haunted house
0xfa558,10,ホントに？,,Really?
0xfa564,10,えっ…！？,,Huh...!?
0xfa570,10,最後がいい,,I'd rather go last
0xfa588,10,こっちだ！,,This way!
0xfa594,10,外だ……。,,It's outside......
0xfa5a0,10,どうして？,,Why?
0xfa5ac,10,←　観覧車,,<- Ferris wheel
0xfa5b8,10,（えっ…）,,(Huh...)
0xfa5c4,12,強い気持ち。,,A strong feeling.
0xfa5d4,12,これは…何？,,This is... what?
0xfa5e4,12,そうする…。,,That's what I'll do...
0xfa5f4,12,なにこれ…！,,What is this...!
0xfa604,12,そんな……。,,No way......
0xfa614,12,ミズキ……。,,Mizuki......
0xfa624,12,人の声……。,,A human voice......
0xfa634,12,どうやって？,,How?
0xfa644,12,もうやだっ。,,"I don't want to
anymore!"
0xfa654,12,これって…。,,This is...
0xfa664,12,ヤバくない？,,Isn't this dangerous?
0xfa674,12,どうしたの？,,What's wrong?
0xfa684,12,ギロチン…。,,A guillotine...
0xfa694,12,何これ……？,,What is this......?
0xfa6a4,12,１番先がいい,,I'd rather go first
0xfa6b4,12,……ミズキ。,,......Mizuki.
0xfa6c4,12,理念ですか？,,Is that a philosophy?
0xfa6d4,12,ミラーハウス,,Mirror house
0xfa6e4,12,う、うん…。,,Y-yeah...
0xfa6f4,12,このイス…。,,This chair...
0xfa704,12,赤い…風船？,,A balloon... a red one?
0xfa714,12,理念ですか？,,Is that a philosophy?
0xfa724,12,じゃあこれで,,"Well, that's it"
0xfa734,12,気をつけて。,,Be careful.
0xfa744,12,あの子……？,,That girl......?
0xfa754,12,調べてみる。,,I'll go investigate.
0xfa764,12,うーん……。,,Hmm......
0xfa774,12,おまたせっ。,,"Sorry to keep you
waiting!"
0xfa784,12,……消えた。,,......It disappeared.
0xfa794,12,きっと……。,,Surely......
0xfa7a4,12,どうかした？,,Did something happen?
0xfa7b4,12,どうかしら。,,Who knows.
0xfa7c4,12,遠慮しとく。,,I'll pass.
0xfa7d4,12,う、うん…。,,Y-yeah...
0xfa7e4,12,あ、そうか！,,"Ah, I see!"
0xfa7f4,12,わからん…。,,I don't know...
0xfa804,12,このツボ…。,,This vase...
0xfa814,12,うーん……。,,Hmm......
0xfa824,12,どうかしら。,,Who knows.
0xfa844,14,変な夢を見て…,,I had a weird dream...
0xfa854,14,ミズキ、急げ！,,"Mizuki, hurry up!"
0xfa864,14,ハセガワさん、,,"Mr. Hasegawa,"
0xfa874,14,夜光塗料…か。,,"Glow-in-the-dark
paint... I see."
0xfa884,14,なにかの暗号？,,"Could it be some kind of
code?"
0xfa894,14,あなたは……。,,You are......
0xfa8a4,14,うん、わかった,,"Yeah, got it"
0xfa8b4,14,え？どうして？,,Huh? Why?
0xfa8c4,14,子供の落書き？,,A kid's scribble?
0xfa8d4,14,座ってごらん。,,"Sit down, come on."
0xfa8e4,14,電源パネル…。,,The power panel...
0xfa8f4,14,死んだ親父は、,,"My dad, who passed
away,"
0xfa904,14,アカイクレヨン,,Red crayon
0xfa914,14,（…ピエロ…）,,(...A clown...)
0xfa924,14,なにかあった？,,Did something happen?
0xfa934,14,手帳だ………。,,"It's a
notebook........."
0xfa944,14,確かめようか。,,Shall we check it?
0xfa954,14,ギロチンだ…。,,It's a guillotine...
0xfa964,14,あ、ここ……。,,"Ah, here......"
0xfa974,14,いいから早く！,,"Never mind, hurry!"
0xfa984,14,…そうだよね。,,...You're right.
0xfa994,14,ハヤカワさん。,,Ms. Hayakawa.
0xfa9a4,14,親父は今も…。,,"My dad, even now..."
0xfa9b4,14,他の霊たちは、,,"The other spirits,"
0xfa9c4,14,まだ言うか！！,,"You're still going on
about that!!"
0xfa9d4,14,ミズキ？私よ。,,Mizuki? It's me.
0xfa9e4,14,早く逃げよう！,,Let's run away quick!
0xfa9f4,14,またチェンメ？,,Another chain mail?
0xfaa14,14,変な夢を見て…,,I had a weird dream...
0xfaa24,14,あ、メールだ。,,"Ah, an email."
0xfaa34,14,夜が明ける…。,,The sun's coming up...
0xfaa44,14,そこをなんとか,,"Please, do me a favor"
0xfaa54,14,わたしが……。,,I......
0xfaa64,14,お客さんから、,,"From a customer,"
0xfaa74,14,わたしが……。,,I......
0xfaa84,14,もう知らない！,,I don't care anymore!
0xfaa94,14,レイカからだ。,,It's from Reika.
0xfaaa4,14,子供の落書き？,,A kid's scribble?
0xfaab4,14,あったあった。,,"Here it is, here it is."
0xfaac4,16,夢の遊園地……。,,"The amusement park of
dreams......"
0xfaad8,16,観覧車の設計図？,,"The Ferris wheel
blueprints?"
0xfaaec,16,（ここは……？）,,(Is this place......?)
0xfab00,16,…ありがとう…。,,...Thank you...
0xfab14,16,ハセガワさん…。,,Mr. Hasegawa...
0xfab28,16,観覧車が見える。,,"I can see the Ferris
wheel."
0xfab3c,16,次はどこに行く？,,Where do we go now?
0xfab50,16,いや、親父だよ。,,"No, it's my dad."
0xfab64,16,より恐ろしく…。,,Even more terrifying...
0xfab78,16,どういう意味だ？,,What do you mean?
0xfab8c,16,今も霊が集まる？,,"Do spirits still gather
here?"
0xfaba0,16,ん？なんだこれ？,,Huh? What's this?
0xfabb4,16,わかったよ……。,,Got it........
0xfabc8,16,最後がいいな…。,,I'd rather go last...
0xfabdc,16,待ってください。,,Please wait.
0xfabf0,16,気が進まないの。,,I don't really feel like it.
0xfac04,16,なにがうつるの？,,What shows up on it?
0xfac18,16,わ、わかんない。,,I-I don't know.
0xfac2c,16,ハセガワさん…。,,Mr. Hasegawa...
0xfac40,16,わからない……。,,I don't know......
0xfac54,16,ピエロの象徴…。,,The clown's symbol...
0xfac68,16,今の音……なに？,,"That sound...what was
that?"
0xfac7c,16,赤いクレヨン…。,,A red crayon...
0xfac90,16,私はその息子だ。,,I'm his son.
0xfaca4,16,チェーンソー…。,,A chainsaw...
0xfacb8,16,…あ、あなたは？,,...Y-you are...?
0xfaccc,16,だから親父……。,,"That's why, Dad......"
0xface0,16,あなたは誰なの？,,Who are you?
0xfacf4,18,なにか手はないの？,,Isn't there some way?
0xfad08,18,もう１回選ぶんだ。,,Choose one more time.
0xfad1c,18,リコ、無事なの！？,,"Riko, are you okay!?"
0xfad30,18,よかった、無事で。,,I'm glad you're okay.
0xfad44,18,うん、ありがとう。,,"Yeah, thanks."
0xfad58,18,チェーンソーだ…。,,It's a chainsaw...
0xfad6c,18,そういえば当時は、,,"Now that I think about
it, back then,"
0xfad80,18,いや、作り物だよ。,,"No, it's fake."
0xfad94,18,ドリームパークで？,,At Dream Park?
0xfada8,18,親父のイタズラで、,,"Because of a prank by
my dad,"
0xfadbc,18,メリーゴーラウンド,,Carousel
0xfadd0,18,ついてなかったよ。,,I had no luck.
0xfade4,18,じゃあ、まずは…、,,"Well, first...,"
0xfadf8,18,ホントに大丈夫です,,I'm really fine
0xfae0c,18,物好きな人たちね。,,What curious people.
0xfae20,18,ナナシからだ……。,,It's from Nanashi......
0xfae34,18,ドリームパークに？,,To Dream Park?
0xfae48,18,……そんなはずは。,,......No way.
0xfae5c,18,ハセガワさん……。,,Mr. Hasegawa......
0xfae70,18,そうだね、出口は？,,"That's true, what about
the exit?"
0xfae84,18,ハセガワさん……。,,Mr. Hasegawa......
0xfae98,18,し……黙って……。,,"Shh...... stay
quiet......"
0xfaeac,18,やだ！逃げて早く！,,"No! Run, quick!"
0xfaec0,18,正反対な内容だね。,,"That's a completely
opposite content."
0xfaed4,18,やっと思い出した？,,You finally remembered?
0xfaee8,18,コラ、まだ言うか。,,"Hey, you're still going
on about that."
0xfaefc,18,あの服…小さい頃、,,"Those clothes... when I
was little,"
0xfaf10,18,裏に通じているの。,,It leads to the back.
0xfaf24,18,ああ、そっちもな。,,"Ah, over there too."
0xfaf38,18,こ、怖かったぁ…。,,T-that was so scary...
0xfaf4c,18,何をやってるんだ！,,What are you doing!
0xfaf60,18,やだ！逃げて早く！,,"No! Run, quick!"
0xfaf74,18,あ……あれは……。,,Ah...... that is......
0xfaf88,18,夢と……同じ……。,,"Just like... the
dream......"
0xfaf9c,18,裏に通じているの。,,It leads to the back.
0xfafb0,18,何が来るって……？,,"What did you say is
coming......?"
0xfafc4,18,何だぁ、お前は！！,,What the hell are you!!
0xfafd8,18,いま観覧車の前だ。,,"I'm in front of the Ferris
wheel right now."
0xfafec,18,ハセガワさん……。,,Mr. Hasegawa......
0xfb000,18,また…ピエロ…！？,,"Again... the
clown...!?"
0xfb014,20,…うん、何でもない。,,"...Yeah, it's nothing."
0xfb02c,20,心にとめていたもの？,,"Something you kept
close to your heart?"
0xfb044,20,よく自慢していたな。,,"He used to brag about it
a lot."
0xfb05c,20,これ、ハセガワさん？,,"This, Mr. Hasegawa?"
0xfb074,20,園内の非常用電源だ。,,"It's the park's
emergency power."
0xfb08c,20,地下通路見つけたよ。,,"I found an underground
passage."
0xfb0a4,20,逃げ道はないですか？,,"Isn't there some way to
escape?"
0xfb0bc,20,鍵がかかっている…。,,It's locked...
0xfb0d4,20,（こんな太ったら…）,,"(If I got fat like
that...)"
0xfb0ec,20,それは、どこに……。,,"That, where......"
0xfb104,20,っていう内容だった。,,"That's what the content
said."
0xfb11c,20,（真っ暗…じゃない）,,"(It's not... completely
dark)"
0xfb134,20,ここはもう入ったよ。,,"We already went in
here."
0xfb14c,20,お前たちの仕業だろ？,,"This is your doing,
right?"
0xfb164,20,その声は……リ…コ？,,"That voice is......
Ri...Riko?"
0xfb17c,20,これは夜光塗料だね。,,"This is glow-in-the-dark
paint."
0xfb194,20,地下通路見つけたよ。,,"I found an underground
passage."
0xfb1ac,20,見て…ナナシから…。,,"Look... it's from
Nanashi..."
0xfb1c4,20,レイカに電話しなきゃ,,I need to call Reika
0xfb1dc,20,人の声に聞こえたぞ。,,"It sounded like a human
voice."
0xfb1f4,20,心にとめていたもの？,,"Something you kept
close to your heart?"
0xfb20c,20,こっち側は出口だな。,,This side is the exit.
0xfb224,20,…ピエロ…そんな…。,,"...The clown... no
way..."
0xfb23c,20,落ち着いて、ミズキ。,,"Calm down, Mizuki."
0xfb254,22,ここはもういいっしょ。,,"This place is enough
already, right?"
0xfb26c,22,（それから間もなく、）,,"(A little after that,)"
0xfb284,22,遊園地を楽しんでいる。,,"She's enjoying the
amusement park."
0xfb29c,22,一通り回ってみようぜ。,,"Let's go look around a
bit."
0xfb2b4,22,今のなんだったんだ！？,,What was that!?
0xfb2cc,22,わたしたちがするの…。,,We'll do it...
0xfb2e4,22,まだ確信はないけど…。,,"I'm still not sure,
but..."
0xfb2fc,22,あの白い影も…幽霊…。,,"That white shadow
too... a ghost..."
0xfb314,22,レイカも誘ってみない？,,"Shouldn't we invite
Reika too?"
0xfb32c,22,ツケナクテ　ヨカッタナ,,"GOOD THING YOU DIDN'T
USE IT"
0xfb344,22,ははっ、びっくりした？,,"Haha, did I scare you?"
0xfb35c,22,あ、ちょっと待ってよ。,,"Ah, wait a moment."
0xfb374,22,これは…関係ないか…。,,"This... couldn't be
related..."
0xfb38c,22,外に出たらやばいって。,,"They say it's dangerous
to go outside."
0xfb3a4,22,どんなトコなんですか？,,What kind of place is it?
0xfb3bc,22,こんなところに通路が！,,"There's a passage in a
place like this!"
0xfb3d4,22,そう、人を喜ばせたり、,,"Yeah, making people
happy,"
0xfb3ec,22,安心して、消えたんだ。,,"It calmed down, and
disappeared."
0xfb404,22,今入ったばっかりだろ。,,We just got in.
0xfb41c,22,マサキと合流しないと。,,"We need to meet up with
Masaki."
0xfb434,22,わたし、１番先がいい。,,I'd rather go first.
0xfb44c,22,結構、時間かかったね。,,It took us quite a while.
0xfb464,22,あれ、これなんだろう？,,"Huh, what could this be?"
0xfb47c,22,思い出の場所なんだね。,,"It's a place full of
memories, huh."
0xfb494,22,じゃあ、とってあげる。,,"Then, I'll take it for
you."
0xfb4ac,22,ごめん、迷っちゃった。,,"Sorry, I got lost."
0xfb4c4,22,ここ扉になってるよね？,,"This is a door, right?"
0xfb4dc,22,電源が入ってないから、,,"Since the power isn't
on,"
0xfb4f4,22,なにが起こっているの？,,What's going on?
0xfb50c,22,こんな仕掛けあったか？,,"Was there a mechanism
like this?"
0xfb524,22,やなこと言わないでよ。,,Don't say gross things.
0xfb53c,22,……なんでここに……。,,......Why here......
0xfb554,22,やっぱりそうなんだな。,,"So it really was that after
all."
0xfb56c,22,ハセガワさん、待って！,,"Mr. Hasegawa, wait!"
0xfb584,22,みんな、落ち着くんだ。,,"Everyone, calm down."
0xfb59c,22,お、おい、おまえたち！,,"H-hey, you guys!"
0xfb5b4,22,集まってきているんだ。,,They're gathering.
0xfb5cc,22,ここはもう簡便して…。,,"Come on, please, not
here..."
0xfb5e4,22,逃げないと殺されるっ！,,"If we don't run they're
going to kill us!"
0xfb5fc,22,どこから出てきたんだ？,,Where did it come from?
0xfb614,22,あたしたち、小さい時は,,"When we were little,"
0xfb62c,22,（あ、写真とらなきゃ）,,"(Ah, I need to take a
picture)"
0xfb644,22,どんなトコなんですか？,,What kind of place is it?
0xfb65c,22,戦う武器はないですか？,,"Isn't there some weapon
to fight with?"
0xfb674,23,"いまだ！
早く逃げろ！！",,"Now! Run, quick!!"
0xfb68c,24,あのピエロに心当たりは？,,"Do you have any idea
who that clown is?"
0xfb6a8,24,しばらくじっとしていて。,,Stay still for a moment.
0xfb6c4,24,（狂気のまなざしでした）,,"(It was a look of
madness)"
0xfb6e0,24,他の場所も見てみようか。,,"Shall we check out other
places too?"
0xfb6fc,24,わかった。気をつけてね。,,Got it. Be careful.
0xfb718,24,ここがミラーハウス……。,,"This is the mirror
house......"
0xfb734,24,オーナーの息子なのに…。,,"And he's the owner's
son, of all people..."
0xfb750,24,元に戻る方法はないのか。,,"Isn't there some way to
go back to normal?"
0xfb76c,24,まだ調べ終わってないわ。,,"I still haven't finished
investigating."
0xfb788,24,ドリームパークの模型…。,,"A model of Dream
Park..."
0xfb7a4,24,ハセガワさんにそっくり。,,"It looks a lot like Mr.
Hasegawa."
0xfb7c0,24,楽しいものはより楽しく？,,"Making fun things even
more fun?"
0xfb7dc,24,昔は大泣きしたくせにな。,,"And to think you used to
cry your eyes out."
0xfb7f8,24,親父の金庫が開いている！,,My dad's safe is open!
0xfb814,24,開け方は親父しか知らん。,,"Only my dad knew how
to open it."
0xfb830,24,電気つけられるんですか？,,"Can the light be turned
on?"
0xfb84c,24,ひょっとして、気になる？,,"Could it be that you're
curious?"
0xfb868,24,レイカも一緒に行かない？,,"Shouldn't we go with
Reika too?"
0xfb884,24,んー。何も落ちてないや。,,"Hmm. There's nothing
lying around."
0xfb8a0,24,面白い人だったんですね。,,"He was an interesting
person, huh."
0xfb8bc,24,親父らしいイタズラだな。,,"A prank that's very
typical of my dad."
0xfb8d8,24,ほかになにか情報あった？,,"Was there any other
information?"
0xfb8f4,24,座席のところに落ちてた。,,It was lying on the seat.
0xfb910,24,お化け屋敷をＯＮっと…。,,"Turn on the haunted
house..."
0xfb92c,24,あの女の子…あの服……。,,"That girl... those
clothes......"
0xfb948,24,ピエロに追われてるの！？,,"Is the clown chasing
you!?"
0xfb964,24,（鏡に少しゆがみがある）,,"(The mirror is slightly
warped)"
0xfb980,24,赤いクレヨンでいっぱい、,,"Full of red crayon,"
0xfb99c,24,ね、ここ出よ。早く……！,,"Hey, let's get out of
here. Quick......!"
0xfb9b8,24,そ、そんなことないよ…。,,T-that's not it...
0xfb9d4,24,まだ調べ終わってないわ。,,"I still haven't finished
investigating."
0xfb9f0,24,他の場所も見てみようか。,,"Shall we check out other
places too?"
0xfba0c,24,こっちは出口だったかな。,,Was this side the exit?
0xfba28,24,ずいぶん錆びついてるな。,,It's pretty rusted.
0xfba44,24,おい、勝手に決めるなよ。,,"Hey, don't decide on
your own."
0xfba60,24,あの白い影に心当たりは？,,"Any idea about
that white shadow?"
0xfba7c,24,（狂気のまなざしでした）,,"(It was a look of
madness)"
0xfba98,24,あの白いのは幽霊なのか？,,"Is that white thing a
ghost?"
0xfbab4,24,心当たりがあるんですね？,,"You have some idea,
don't you?"
0xfbad0,24,何か、理由があるんです。,,"There's a reason for
that."
0xfbaec,25,"事務所がある。
そこへ…。",,"There's an office. Let's
go there..."
0xfbb08,26,ただ肝試ししたいだけだろ。,,"You just want to do a
test of courage, don't
you?"
0xfbb24,26,特に変わったものはないね。,,"There's nothing
particularly strange."
0xfbb40,26,まるで悪夢を見てるようだ。,,"It's like living a
nightmare."
0xfbb5c,26,マサキ！いまどこにいるの？,,"Masaki! Where are you
right now?"
0xfbb78,26,とにかく、さっさと行くぞ。,,"Anyway, let's hurry up
and go."
0xfbb94,26,……わかった。やってみる。,,"......Got it. I'll give it
a try."
0xfbbb0,26,よく出来ているな。本物か？,,"It's well made. Could it
be real?"
0xfbbcc,26,この上が観覧車前みたいね。,,"It seems above this is in
front of the Ferris
wheel."
0xfbbe8,26,はじめは誰もが青ざめるね。,,"At first, everyone turns
pale."
0xfbc04,26,それで奥までいった証拠に、,,"And as proof that you
made it all the way to the
back,"
0xfbc20,26,待って。一度話し合おうよ。,,"Wait. Let's talk it over
once."
0xfbc3c,26,うん、やってやろうじゃん。,,"Yeah, let's do it."
0xfbc58,26,ちょっと大雑把でしょうか？,,"Might it be a bit
careless?"
0xfbc74,26,特に変わった様子はないな。,,"There's nothing
especially strange."
0xfbc90,26,スタッフルームに入るには、,,"To get into the staff
room,"
0xfbcac,26,ドリームパークのオーナー？,,"The owner of Dream
Park?"
0xfbcc8,26,（これがウワサの真相……）,,"(This is the truth behind
the rumor......)"
0xfbce4,26,もう何も心配しなくていい。,,"You don't need to worry
about anything
anymore."
0xfbd00,26,中は暗いから気をつけろよ。,,"It's dark inside, be
careful."
0xfbd1c,26,なんで最初に電話したとき、,,"Why, when I called the
first time,"
0xfbd38,26,仕掛けになっているんだよ。,,It's a mechanism.
0xfbd54,26,お化け屋敷で見たような…。,,"It looks like something I
saw in the haunted
house..."
0xfbd70,26,イルミネーションライトか？,,"Could it be a decorative
light?"
0xfbd8c,26,暗闇を明るくしろってこと？,,"Does that mean I should
light up the darkness?"
0xfbda8,26,な、泣き声だよ、これ……。,,T-this is crying......
0xfbdc4,26,どうでもいいから早く行こ。,,"Never mind, let's go
quickly."
0xfbde0,26,空気がひんやりしてる……。,,The air is cold......
0xfbdfc,26,ドリームパークのオーナー？,,"The owner of Dream
Park?"
0xfbe18,26,何で、こんな時間にここに？,,"Why are you here at this
hour?"
0xfbe34,26,特に変わった様子はないな。,,"There's nothing
especially strange."
0xfbe50,26,ううん、前はそう思ってた。,,"No, that's what I used
to think before."
0xfbe6c,26,金庫の中身を確かめなきゃ。,,"I need to check what's
inside the safe."
0xfbe88,26,そんなウワサあったかなぁ。,,"I wonder if that rumor
really existed."
0xfbea4,26,なんだこの感じ？まるで…。,,"What is this feeling? It's
like..."
0xfbec0,26,空気がひんやりしてる……。,,The air is cold......
0xfbedc,26,それに、あのピエロは……。,,"Besides, that
clown......"
0xfbef8,27,"そこをなんとか！
行こうよ。",,"Do me a favor! Let's
go."
0xfbf14,27,"親父！俺だよ！
忘れたのか！",,"Dad! It's me! Did you
forget me!?"
0xfbf30,28,どこかに逃げ道はないですか？,,"Isn't there an escape
route somewhere?"
0xfbf50,28,なかなか作りこまれているな。,,It's pretty well made.
0xfbf70,28,本物を置いているって噂だよ。,,"They say they use real
stuff."
0xfbf90,28,警察にも連絡しておくけど…。,,"I'll let the police know
too, but..."
0xfbfb0,28,ちっちゃいとき好きだったな。,,"I liked it when I was
little."
0xfbfd0,28,楽しいものは、より楽しく…。,,"Making fun things even
more fun..."
0xfbff0,28,もう１度よく見直してみたら？,,"Why don't you take
another careful look at
it?"
0xfc010,28,もう１度よく見直してみたら？,,"Why don't you take
another careful look at
it?"
0xfc030,28,この金庫、ダイヤルがない…。,,"This safe doesn't have a
dial..."
0xfc050,28,楽しいものは、より楽しく…。,,"Making fun things even
more fun..."
0xfc070,28,ミラーハウスで見たような…。,,"It looks like something I
saw in the mirror
house..."
0xfc090,28,それはそうかもしれないが…。,,"That might be true,
but..."
0xfc0b0,28,リコと俺とユウタと３人でね。,,"The three of us, Riko,
Yuuta, and me."
0xfc0d0,28,この近くにあった遊園地だよ。,,"It's the amusement park
that used to be near
here."
0xfc0f0,28,実はわたし、ドリームパークで,,"Actually, me, at Dream
Park,"
0xfc110,28,僕は先に行っちゃったから…。,,"It's just that I went on
ahead..."
0xfc130,28,久しぶりだね本当。懐かしい。,,"It's been a really long
time since I came here.
So nostalgic."
0xfc150,28,うん。観覧車に１人で乗ると、,,"Yeah. If you ride the
Ferris wheel alone,"
0xfc170,28,（電子ロックが開いている…）,,"(The electronic lock is
open...)"
0xfc190,28,あんまりミズキを脅かすなよ。,,"Don't scare Mizuki so
much."
0xfc1b0,28,とかヘンなウワサがあってさ。,,"There are weird rumors
like that."
0xfc1d0,28,そんな大したものじゃないよ！,,It's nothing special!
0xfc1f0,28,ちょ、ちょっと待ちなさいよ。,,W-wait a moment.
0xfc210,28,昨日はおかげで忙しかったわ。,,"Thanks to that, I was
busy yesterday."
0xfc230,28,機械の電源は入ってないよな？,,"The machine isn't
turned on, right?"
0xfc250,28,どうにかして扉を閉めれば…。,,"If we could somehow
close the door..."
0xfc270,28,ねえ、ドリームパークって何？,,"Hey, what's Dream
Park?"
0xfc290,28,マサキは観覧車前にいるよね？,,"Masaki's in front of the
Ferris wheel, right?"
0xfc2b0,28,どうして風船がこんな所に…。,,"Why is there a balloon in
a place like this..."
0xfc2d0,28,マサキは観覧車前にいるよね？,,"Masaki's in front of the
Ferris wheel, right?"
0xfc2f0,28,ハセガワさん、待って下さい！,,"Mr. Hasegawa, please
wait!"
0xfc310,29,"オーナー…
つまりお父さんは、",,"The owner... that is,
your dad,"
0xfc330,30,そんな気持ちを思い出させれば、,,"If I make him remember
that feeling,"
0xfc350,30,この地図で確認しながらまわろ。,,"Let's go around
checking this map."
0xfc370,30,…そう、また巻き込まれたのね。,,"...I see, you got
caught up in this again."
0xfc390,30,いったいわたし、どうすれば…。,,"What am I supposed to
do..."
0xfc3b0,30,（そして、あの女の子は……？）,,"(And that girl... what
happened to
her......?)"
0xfc3d0,30,（いろいろな謎を残したまま、）,,"(Leaving several
mysteries unsolved,)"
0xfc3f0,30,うん、わたしなりに考えてみた。,,"Yeah, I thought about it
in my own way."
0xfc410,30,邪悪なピエロがいられないほど？,,"So much that an evil
clown can't stay there?"
0xfc430,30,そう。楽しいものはより楽しく、,,"Yeah. Making fun things
even more fun,"
0xfc450,30,やってもらいたいことがあるの。,,"There's something I
want you all to do."
0xfc470,30,そんなに大雑把なわけないだろ。,,"It can't be that
careless."
0xfc490,30,座ると音がなるように出来てる。,,"It's designed to make a
sound when you sit on
it."
0xfc4b0,30,こ、これは関係ないよね。うん。,,"T-this has nothing to do
with it. Yeah."
0xfc4d0,30,ちょっと。昔のことなんだから。,,"Hey. That was a long
time ago."
0xfc4f0,30,開かないようになっていたが…。,,"It was made so it
wouldn't open, but..."
0xfc510,30,実は、気になる夢を見ちゃって。,,"Actually, I had a dream
that worried me."
0xfc530,30,今夜、ドリームパークに行くの？,,"Are you going to Dream
Park tonight?"
0xfc550,30,……僕らが大きくなったんだよ。,,"......It's just that we
grew up."
0xfc570,30,怪奇現象のウワサの現場は３つ。,,"There are three places
with rumors of strange
phenomena."
0xfc590,30,ゼッタイ、お尻が汚れちゃうよ。,,"My butt's definitely
going to get dirty."
0xfc5b0,30,あたし、お化け屋敷に行きたい。,,"I want to go to the
haunted house."
0xfc5d0,30,うわ…。ゼッタイ何か出そう…。,,"Ugh... something's
definitely going to show
up..."
0xfc5f0,30,泣くのは勘弁してくれよ、リコ。,,"Please don't cry, Riko."
0xfc610,30,お化け屋敷の意味ないよ、それ。,,"That defeats the purpose
of a haunted house."
0xfc630,30,（これからも守られていきます）,,"(It will continue to be
protected from now on)"
0xfc650,30,（あの遊園地の中に見たのか、）,,"(If she saw it inside that
amusement park,)"
0xfc670,30,何か言いたいことがあるんだろ？,,"You've got something
you want to say, don't
you?"
0xfc690,30,なんでこんなことになるのよぅ。,,"Why does it end up like
this..."
0xfc6b0,30,こんな日記を見つけるなんて…。,,"I can't believe I found a
diary like this..."
0xfc6d0,30,ドリームパークのオーナーが！？,,"The owner of Dream
Park!?"
0xfc6f0,30,どうやら管理事務所みたいだな。,,"It looks like it's the
management office."
0xfc710,30,ここで観覧車を操作するんだね。,,"This is where you
operate the Ferris
wheel."
0xfc730,30,ずいぶん簡単な操作パネルだな。,,"It's a pretty simple
control panel."
0xfc750,31,"なによっ！
いま取り込み中なの！",,"What do you want! I'm
busy right now!"
0xfc770,31,"大丈夫。
どうってことないから。",,"I'm fine. It's nothing
special."
0xfc790,32,とにかく、このままじゃ危険です。,,"Anyway, this is
dangerous as it is."
0xfc7b4,32,あんまり動かないほうがいいって。,,"You'd better not move
too much."
0xfc7d8,32,でも詳しい話はあとにしましょう。,,"But let's leave the
details for later."
0xfc7fc,32,そう、どんな小さなものでもいい。,,"Yeah, something small is
enough."
0xfc820,32,流石に刃は作り物みたいだけどね。,,"Though of course, the
blade looks fake."
0xfc844,32,スプラッター映画でよく見るよね。,,"You see it a lot in gore
movies."
0xfc868,32,ピエロも…遊園地に現れる幽霊…。,,"The clown too... a
ghost that appears in the
park..."
0xfc88c,32,夢を継ぐ気はないみたいだけどね。,,"Although he doesn't
seem to intend to carry
on the dream."
0xfc8b0,32,でも、彼の理念は徹底していたわ。,,"But his philosophy was
very firm."
0xfc8d4,32,だったら、あのピエロも同じかも。,,"Then, maybe that clown
is the same."
0xfc8f8,32,だから、全体を照らすのは無理だ。,,"That's why it's
impossible to light up
everything."
0xfc91c,32,オーナーの思い入れのあるものを、,,"Something with special
meaning to the owner,"
0xfc940,32,リコが今、お化け屋敷にいたっけ。,,"Riko's in the haunted
house right now, right."
0xfc964,32,それに、ドリームパークは特にね。,,"And especially, Dream
Park in particular."
0xfc988,32,え！？どうして知ってるんですか？,,"Huh!? How do you know
that?"
0xfc9ac,32,でも、彼の理念は徹底していたわ。,,"But his philosophy was
very firm."
0xfc9d0,32,じゃあ、まずはどこから行こうか？,,"Well, where should we
start first?"
0xfc9f4,32,ひゃー、さわったら手が汚れそう。,,"Ugh, if I touch it my
hands are going to get
dirty."
0xfca18,32,いい感じでボロボロになってるな。,,It's pretty run-down.
0xfca3c,32,わたしのお気に入りだった服なの。,,It was my favorite outfit.
0xfca60,32,通路があるのは聞いたことがある。,,"I've heard there's a
passage."
0xfca84,32,…霊の動きは収まったみたいだ…。,,"...It seems the spirit's
movement has settled
down..."
0xfcaa8,32,バーカ。じゃあ誰が先に入ろうか？,,"Idiot. So, who goes in
first?"
0xfcacc,32,それは……、そうかもしれないが。,,"That...... might be
true, but."
0xfcaf0,32,リコ！よかった！どこからきたの？,,"Riko! Thank goodness!
Where did you come
from?"
0xfcb14,32,だってここ、電源きてないんだよ！,,"It's just that there's no
power here!"
0xfcb38,32,早いところマサキとも合流しよう。,,"Let's meet up with
Masaki soon."
0xfcb5c,32,とにかく、ここを動くのは危ない。,,"Anyway, it's dangerous
to move from here."
0xfcb80,32,しっ、何か……音が聞こえないか？,,"Shh, don't you hear
something... a sound?"
0xfcba4,32,リコ！よかった！どこからきたの？,,"Riko! Thank goodness!
Where did you come
from?"
0xfcbc8,32,（夢のことは忘れることにします）,,"(I decide to forget about
the dream)"
0xfcbec,32,早いところマサキとも合流しよう。,,"Let's meet up with
Masaki soon."
0xfcc10,32,しっ、大きな声を出さない方が…。,,"Shh, you'd better not
talk so loud..."
0xfcc34,32,そんな物騒なもの、ここにはない。,,"There's nothing that
dangerous here."
0xfcc58,33,"ピエロに襲われる夢を
見たんです。",,"I had a dream where a
clown attacked me."
0xfcc7c,33,"→　観覧車
↓　メリーゴーラウンド",,"-> Ferris wheel v
Carousel"
0xfcca0,33,"あ、私…
てっきり怒られるのかと。",,"Ah, I... thought you
were going to scold me."
0xfccc4,33,"地下通路？
わかった、ありがとう。",,"An underground
passage? Got it, thanks."
0xfcce8,33,"いったい、
なにが起こっているの？",,"What the heck is going
on?"
0xfcd0c,33,"心当たり？
…いや、馬鹿馬鹿しい。",,"Does something come to
mind? ...No, that's
silly."
0xfcd30,35,"親父のお気に入りの
場所だったから。",,"Because it was my old
man's favorite place."
0xfcd54,35,"アイテムとして
しっかり見ておこう。",,"I'll take a good look, it
might be a useful item."
0xfcd78,35,"おもしろそう！
やってやろうじゃん！",,"That sounds fun! Let's
do it!"
0xfcd9c,35,"何か書いてあるな…
よく見てみよう。",,"There's something
written... let me take a
closer look."
0xfcdc0,35,"わからない。
私も見るのは初めてだ。",,"I don't know. I'm also
seeing it for the first
time."
0xfcde4,35,"それに金目のものなんて
ないはずだ。",,"Besides, there shouldn't
be anything valuable."
0xfce08,35,"↑　観覧車
→　ドリームパーク事務所",,"^ Ferris wheel -> Dream
Park office"
0xfce2c,35,"なにをする必要があるか
考えないと。",,"I need to think about
what has to be done."
0xfce50,35,"またチェンメ？
ドリームパークは…。",,"Another chain mail? The
Dream Park thing is..."
0xfce74,35,"もう十年ぐらい前だよ、
つぶれたの。",,"It was about ten years
ago, it went bankrupt."
0xfce98,35,"観覧車が
金庫のカギだったなんて…。",,"I can't believe the Ferris
wheel was the key to the
safe..."
0xfcebc,35,"お化け屋敷に
電力を通す必要がある。",,"We need to get
electricity to the haunted
house."
0xfcee0,35,"そういうところに
興味本位で行くの、",,"Going to places like that
out of mere curiosity,"
0xfcf04,35,"いえ、大した話じゃ
ありませんから。",,"No, it's nothing
important."
0xfcf28,35,"大丈夫です。
心配かけてすいません。",,"I'm fine. Sorry for
worrying you."
0xfcf4c,35,"私は真面目に
聞いていなかったから。",,"It's just that I wasn't
listening seriously."
0xfcf70,35,"なにをする必要があるか
考えないと。",,"I need to think about
what has to be done."
0xfcf94,35,"乗ってみれば？
写真とってあげるよ。",,"Why don't you get on?
I'll take a picture of
you."
0xfcfb8,35,"電子ロックが、これで
開けるはず…。",,"The electronic lock
should open with this..."
0xfcfdc,35,"ここがホラースポットの
ひとつなの？",,"Is this one of the horror
spots?"
0xfd000,35,"奥にある鏡に
自分の顔をうつすと…。",,"If you reflect your face
in the mirror at the
back..."
0xfd024,35,"部屋の明かりを
つけなかったために、",,"For not having turned on
the room's light,"
0xfd048,35,"きっと鏡の角度で
そういう風に見える",,"It's probably just the
angle of the mirror
making it look that way"
0xfd06c,35,"もしかして、ここって
鬼門の方向！？",,"Don't tell me this is the
cursed direction!?"
0xfd090,35,"メリーゴーラウンドで
見たような…。",,"I feel like I saw it on the
carousel..."
0xfd0b4,35,"ここのオバケは
機械で動くんだけど、",,"The ghosts here run on
machines, but"
0xfd0d8,35,"鏡は光があって
はじめて光るんだよ。",,"A mirror only shines if
there's light."
0xfd0fc,35,"道順の矢印がかすかに
光っているね。",,"The path arrows are
glowing faintly."
0xfd120,35,"もしかしたら何かの
仕掛けかも……。",,"Maybe it's some kind of
mechanism..."
0xfd144,35,"通路はそれぞれの
アトラクションの、",,"The corridor connects
each attraction,"
0xfd168,35,"本当になくなるのか、
やっぱり……。",,"It's really going to
disappear, after all..."
0xfd18c,35,"祟りなんてイタズラに
決まっている。",,"A curse is nothing more
than a prank, for sure."
0xfd1b0,35,"わたしたちは別に
イタズラなんか…。",,"We didn't play any
prank..."
0xfd1d4,35,"通路はそれぞれの
アトラクションの、",,"The corridor connects
each attraction,"
0xfd1f8,35,"霊たちが、楽しかった
思い出の場所に",,"The spirits, at the place
of their happy
memories,"
0xfd21c,35,"今も遊園地で遊んでいる
っていうの？",,"Are you telling me
they're still playing in
the park?"
0xfd240,35,"夜光塗料が、
かすかに光っているね。",,"The glow-in-the-dark
paint is glowing faintly."
0xfd264,37,"そんなこと、言われんでも
わかってる。",,"I already know that
without you telling me."
0xfd28c,37,"マサキとリコとも
はぐれちゃったし…。",,"Besides, I got separated
from Masaki and Riko..."
0xfd2b4,37,"子供の頃、私は親父が…
嫌いだった…。",,"As a kid, I... hated my
old man..."
0xfd2dc,37,"でもこの事務所になら…
あるかもな…。",,"But in this office...
maybe there is..."
0xfd304,37,"私は親父のような情熱は
持っていない。",,"I don't have the same
passion my old man had."
0xfd32c,37,"親父は強い信念をもった
経営者だった。",,"My old man was a
businessman with strong
convictions."
0xfd354,37,"←　ジェットコースター
　　お化け屋敷",,"-> Roller coaster /
Haunted house"
0xfd37c,37,"秘密の地下通路のことは
ご存知ですか？",,"Do you know anything
about the secret
underground passage?"
0xfd3a4,37,"ただ電源を入れるだけじゃ
ダメだよね。",,"Just turning on the
power isn't enough, is
it?"
0xfd3cc,37,"そっか。
ミズキは行ったことないっけ？",,"I see. Mizuki, hadn't
you been there?"
0xfd3f4,37,"ピエロは消えるんじゃ
ないでしょうか。",,"I think the clown might
disappear."
0xfd41c,37,"まさか、こんな大掛かりな
仕掛けを…。",,"I can't believe they built
such a huge
mechanism..."
0xfd444,37,"『呪いの遊園地』の謎を
解くためにね。",,"To solve the mystery of
the cursed amusement
park."
0xfd46c,37,"風船は必ず自分で
ガスを入れていると、",,"He always filled the
balloons with gas
himself,"
0xfd494,37,"ドリームパークに
行ったことあるんだ。",,"Yeah, I've been to
Dream Park."
0xfd4bc,37,"こいつ、ピエロが怖くて
泣き出してさ。",,"This guy started crying
because the clown
scared him."
0xfd4e4,37,"…ま、解体前に最後の
お別れにいくか。",,"...Well, let's go say
goodbye before they tear
it down."
0xfd50c,37,"今夜、行ってみようって
ことになって。",,"It was decided we'd go
tonight."
0xfd534,37,"スタッフルームへの扉は
電子ロックだ。",,"The door to the staff
room has an electronic
lock."
0xfd55c,37,"『電気をつけなくて
　良かったな』は、",,"That thing about it being
good we didn't turn on
the light,"
0xfd584,37,"わかった、気をつける。
じゃ、またね。",,"Got it, I'll be careful.
See you."
0xfd5ac,37,"わたし、引っ越してきた
ばかりなのに、",,"Me, who had just moved
in,"
0xfd5d4,37,"このドリームパークは、
私が再建する。",,"I'm going to rebuild this
Dream Park."
0xfd5fc,37,"ただ電源を入れるだけじゃ
ダメだよね。",,"Just turning on the
power isn't enough, is
it?"
0xfd624,37,"スタッフルームって
どこにあるのよ…？",,"Where's the staff
room...?"
0xfd64c,37,"自分が死ぬときの
顔がうつるんだって！",,"They say it reflects the
face you'll make when
you die!"
0xfd674,37,"壁の裏に閉鎖された
隠し部屋があって、",,"Behind the wall there's a
sealed hidden room,"
0xfd69c,37,"暗闇の中にメッセージが
あるってこと？",,"You mean there's a
message in the
darkness?"
0xfd6c4,37,"わたしたちの状況とか
理解できてたの？",,"Did you understand what
was happening to us?"
0xfd6ec,37,"昔ここに入った時、
リコが怖がってさ。",,"When we came in here a
while back, Riko got
scared."
0xfd714,37,"違うよっ！
ユウタに聞いてみなさいよ。",,"That's not true! Ask
Yuuta."
0xfd73c,37,"扉のすぐ外にいるの！
なんとかしてっ！",,"It's right outside the
door! Do something!"
0xfd764,37,"（ラッキー！
　扉のカギがかかった！）",,"(Lucky! The door locked
shut!)"
0xfd78c,37,"早くしてよ！
もうすぐそこまで来てる！",,"Hurry up! It's almost
here!"
0xfd7b4,37,"な、なにかの聞き間違えだよ、
きっと。",,"I-it's probably just us
mishearing something,
that's all."
0xfd7dc,37,"私はハセガワという。
ここの所有者だ。",,"My name is Hasegawa.
I'm the owner of this
place."
0xfd804,37,"（大きな謎が
　残ることになりました）",,"(A great mystery
remained unsolved)"
0xfd82c,37,"何なんだ？
何のイタズラだ、これは！？",,"What is this? What kind
of prank is this!?"
0xfd854,37,"まずは、あの金庫を調べて
みましょう。",,"First, let's check that
safe."
0xfd87c,37,"あのピエロに心当たりは
ありませんか？",,"Can't you think of
anything about that
clown?"
0xfd8a4,37,"あの白い影に心当たりは
ありませんか？",,"Can't you think of
anything about that
white shadow?"
0xfd8cc,37,"確かに……
親父の格好によく似ている。",,"It's true... it looks a lot
like what my old man
used to wear."
0xfd8f4,39,"どちらにせよ、
もう電源通ってないから。",,"Either way, there's no
electricity anymore."
0xfd91c,39,"だろうな。
しばらく隠れて様子を見るよ。",,"I figured. I'll hide for a
while and see what
happens."
0xfd944,39,"（そして、
　わたしを見つめるピエロの）",,"(And the clown that
stared at me)"
0xfd96c,39,"（わたしたちの長い夜は
　終わりました）",,"(Our long night came to
an end)"
0xfd994,39,"それまであなたたちで
なんとかしなきゃ。",,"Until then, you'll have
to manage on your own."
0xfd9bc,39,"（あのピエロの目的が
　何だったのか？）",,"(What could that
clown's purpose have
been?)"
0xfd9e4,39,"そんなに自慢するほどのことじゃ
ねーよ。",,"It's not something to
brag about that much."
0xfda0c,39,"たぶん、みんなまだ
生きているつもりで、",,"They probably all think
they're still alive, and"
0xfda34,39,"マサキ、
観覧車の操作室まで移動できる？",,"Masaki, can you make it
to the Ferris wheel's
control room?"
0xfda5c,39,"←　ミラーハウス
　　メリーゴーラウンド",,"<- Mirror house /
Carousel"
0xfda84,39,"短時間、そして１区画なら
なんとかなる。",,"For a short time and in
just one zone, it should
be possible."
0xfdaac,39,"今夜、ドリームパークに
行ってみようか。",,"Shall we go to Dream
Park tonight?"
0xfdad4,39,"親父は風船を配るのを
楽しみにしていた。",,"My old man loved
handing out balloons."
0xfdafc,39,"それはもちろん、
ドリームパーク全体よ。",,"That, of course, is all of
Dream Park."
0xfdb24,39,"子供の頃の記憶は、
不確かなものだから。",,"Childhood memories are
unreliable."
0xfdb4c,39,"どうしたミズキ？
顔色悪いみたいだけど。",,"What's wrong, Mizuki?
You look pale."
0xfdb74,39,"イヤ。だって、
こんなところに座ったら、",,"I don't want to. It's
just that if I sit in a place
like that,"
0xfdb9c,39,"もしもしリコ？
お願いがあるんだけど…。",,"Hello, Riko? I need to
ask you a favor..."
0xfdbc4,39,"いいけど、ホントそういうの
好きだよな。",,"Fine, but you really do
like that kind of thing."
0xfdbec,39,"…盛り上げようとして
言い過ぎました…。",,"...I went overboard
trying to liven up the
mood..."
0xfdc14,39,"いつになく積極的だね。
じゃあ、どうぞ。",,"Weird seeing you so
determined. Well, go
ahead."
0xfdc3c,39,"奥まで行って、
写真を撮ってこないと…。",,"I have to go all the way
to the back and take a
photo..."
0xfdc64,39,"「おかあさん出して」って
書かれていた。",,"It said: Get me out of
here, Mom."
0xfdc8c,39,"子供の頃の記憶は、
不確かなものだから。",,"Childhood memories are
unreliable."
0xfdcb4,39,"追いついちゃったな。
じゃあ、戻ろうか。",,"I've caught up to you.
Well, shall we head
back?"
0xfdcdc,39,"マサキの『死に顔』
見せてもらおうかな。",,"Let's see if you'll show
me Masaki's death face."
0xfdd04,39,"自分の死に顔が映るって…
ホントかなぁ。",,"That your own death face
gets reflected... is that
true?"
0xfdd2c,39,"それほどの照明設備は
もうないのだが…。",,"There's not much
lighting equipment left,
but..."
0xfdd54,39,"古いから、だいぶ弱くなって
いるけどね。",,"Since it's old, it's
already pretty weak."
0xfdd7c,39,"セキュリティで
ロックされたままみたい。",,"It seems it's still locked
for security."
0xfdda4,39,"ユウタはよくお化け屋敷
入ってたもんな。",,"Yuuta used to go into the
haunted house a lot."
0xfddcc,39,"（わたしたちの
　長い夜は終わりました）",,"(Our long night came to
an end)"
0xfddf4,39,"あ、ミズキ。
もしかして…ビビッてない？",,"Ah, Mizuki. Could you
be... scared?"
0xfde1c,39,"親父はここを使って園内を
回っていた…。",,"My old man used this to
go around the park..."
0xfde44,39,"（そして、
　わたしを見つめるピエロの）",,"(And the clown that
stared at me)"
0xfde6c,39,"ああっ、マサキとリコと
はぐれちゃった。",,"Ugh, I got separated
from Masaki and Riko."
0xfde94,41,"どう？お化け屋敷でも泣かなかった
でしょ。",,"So? I didn't even cry in
the haunted house,
right?"
0xfdec0,41,"息子さんって、ハセガワさんの
ことだよね。",,"The son is Mr.
Hasegawa, right?"
0xfdeec,41,"そして、
恐ろしいものはより恐ろしく、だ。",,"And what's scary, make
it even scarier."
0xfdf18,41,"それがあのピエロじゃないか
と思うんです。",,"I think that might be the
clown."
0xfdf44,41,"ピエロに変装した変質者が
子供をさらう…。",,"A pervert disguised as a
clown kidnaps
children..."
0xfdf70,41,"どうやったら、
思い出させることができる？",,"How can I make him
remember?"
0xfdf9c,41,"もちろん、あんたたちも
一緒に来なさいよ。",,"Of course, you two are
coming with me too."
0xfdfc8,41,"ねぇ、レイカ。
ドリームパークに興味ない？",,"Hey, Reika. Aren't you
interested in Dream
Park?"
0xfdff4,41,"あまり遅くならないように
気をつけるのよ。",,"Be careful not to come
back too late."
0xfe020,41,"もしかしたら、
覚えていないだけなのかも。",,"Maybe he simply doesn't
remember."
0xfe04c,41,"ピエロやマスコットたちが
移動するための、",,"So that the clowns and
mascots could move,"
0xfe078,41,"ビックリさせることが
大好きなオーナーで。",,"He was an owner who
loved giving people a
scare."
0xfe0a4,41,"もしかしたら、
覚えていないだけなのかも。",,"Maybe he simply doesn't
remember."
0xfe0d0,41,"じゃあ、
俺、ユウタ、リコ、ミズキの順で。",,"So, in order: me,
Yuuta, Riko, and
Mizuki."
0xfe0fc,41,"どうせまた泣き出すんだから
やめとけって。",,"You're just going to cry
again anyway, better
not go."
0xfe128,41,"（これで違和感のある顔に
　うつるんだわ）",,"(This makes a weird face
get reflected)"
0xfe154,41,"俺のケータイ、暗いところだと
写り悪くて。",,"My phone takes bad
pictures in dark places."
0xfe180,41,"横の鏡に映っている顔、
角度おかしくない？",,"Doesn't the angle of the
face in the mirror next to
it seem off to you?"
0xfe1ac,41,"明るいと、いろいろ見えて
当たり前だけど、",,"With light, it's normal
to see a lot of things,
but"
0xfe1d8,41,"暗くして見えてくるものなんて
あるのかな？",,"Is there something that
can only be seen in the
dark?"
0xfe204,41,"（ドリームパークの再建が
　始まりました）",,"(The reconstruction of
Dream Park began)"
0xfe230,41,"（オーナーのドリームパーク
　への夢は、）",,"(The owner's dream for
Dream Park,)"
0xfe25c,41,"オーナーだった親父は
ずいぶん前に死んだ。",,"My old man, who was
the owner, died a long
time ago."
0xfe288,41,"こんなところにいられない！
早く逃げよう！",,"We can't stay here!
Let's run away quick!"
0xfe2b4,43,"じゃあ、ドリームパークから
外に出る方法は？",,"So, how do you get out
of Dream Park?"
0xfe2e0,43,"いまドリームパークで
霊に追いかけられてて！",,"Right now a spirit is
chasing me in Dream
Park!"
0xfe30c,43,"（ドリームパークは
　消えようとしています）",,"(Dream Park is about to
disappear)"
0xfe338,43,"どうしてオーナーは邪悪な
ピエロなんかに…。",,"Why did the owner
become an evil clown..."
0xfe364,43,"生きていたときの
楽しかったという気持ちが、",,"The feeling of happiness
from when he was alive,"
0xfe390,43,"イタズラで人を驚かすのが
好きな親父だった。",,"He was an old man who
liked to scare people
with pranks."
0xfe3bc,43,"でも、もう１面の楽しいものを
より楽しく…、",,"But making fun things
even more fun..."
0xfe3e8,43,"とにかく言われたとおりに
すればいいんだな。",,"Anyway, I just have to
do what I was told."
0xfe414,43,"うちの小学校だと、
ピエロがさらった子供は、",,"At my elementary
school, they said that
kids the clown took
away,"
0xfe440,43,"じゃあ、決まり！
今夜７時、ゲート前集合ね。",,"Alright, it's decided!
We're meeting tonight
at 7 in front of the gate."
0xfe46c,43,"しつこいわね。
行かないって言ってるでしょ。",,"You're so persistent. I
already told you I'm not
going."
0xfe498,43,"それに、ドリームパークは
特に行きたくない。",,"Besides, I'm not
particularly interested in
going to Dream Park."
0xfe4c4,43,"よくわかんないけど……
行くなら気をつけて。",,"I don't really get it...
but if you go, be
careful."
0xfe4f0,43,"ドリームパークのことを
聞きたいんですけど。",,"I wanted to ask you
about Dream Park."
0xfe51c,43,"私が聞いたことがあるのは、
オーナーの人柄。",,"What I heard was about
the owner's personality."
0xfe548,43,"ゲート付近につながっている
可能性が高いね。",,"It's very likely it
connects near the
entrance."
0xfe574,43,"昔はもっと広く感じたけどな。
なぁ、ユウタ？",,"It used to feel bigger
before. Don't you
think, Yuuta?"
0xfe5a0,43,"侵入者に気がつかず、
命が助かったって話…。",,"A story about someone
who survived because
the intruder didn't
notice them..."
0xfe5cc,43,"…じゃあ、
他のアトラクションに行こうかっ！",,"...Well, let's go to
another attraction!"
0xfe5f8,43,"お化け屋敷に手がかりが
あるんだよ、きっと！",,"There's bound to be a
clue in the haunted
house!"
0xfe624,43,"ごめん、リコ！
またお願いがあるんだけど…。",,"Sorry, Riko! I have
another favor to ask
you..."
0xfe650,43,"慣れちゃってぜんぜん
怖がらなくなってたし。",,"I'd already gotten used
to it and wasn't scared
at all anymore."
0xfe67c,43,"（それから間もなく、
　ハセガワさんの手で）",,"(A little after that, by
Mr. Hasegawa's own
hand)"
0xfe6a8,43,"よし、わたしたちもそこを
使って移動しよう。",,"Alright, let's use that to
get around too."
0xfe6d4,43,"僕がナナシじゃないかと疑ってる、
そうだろ？",,"You suspect I'm
Nanashi, right?"
0xfe700,43,"だって、ユウタはわたしの
大事な友達だから。",,"It's just that Yuuta is a
very important friend to
me."
0xfe72c,43,"風船以外は特に変わったものは
無いようだな。",,"Other than the balloons,
there doesn't seem to
be anything strange."
0xfe758,43,"もしかしたら上のほうに
誰か乗ってたりして。",,"Maybe there's someone
riding up top."
0xfe784,43,"確かに上のほうは暗くて
よく見えないけど…。",,"It's true that up top it's
dark and hard to see..."
0xfe7b0,43,"よし、わたしたちもそこを
使って移動しよう。",,"Alright, let's use that to
get around too."
0xfe7dc,43,"この階段を上がれば
観覧車に出るみたいだな。",,"It seems if we go up
these stairs we reach the
Ferris wheel."
0xfe808,43,"よくピエロの格好で
パーク内をまわっていた。",,"He used to go around the
park dressed as a clown."
0xfe834,45,"あの正面のゲート以外は
完全に封鎖されている。",,"Other than the main
entrance, everything's
completely closed off."
0xfe864,45,"親父が１番気に入っていたのは
その色じゃない。",,"That wasn't my old
man's favorite color."
0xfe894,45,"うん、いまのところは…。
みんなどこにいるの？",,"Yeah, for now... Where
is everyone?"
0xfe8c4,45,"マサキがいる観覧車にはどうやった
らいけるの？",,"How do you get to the
Ferris wheel where
Masaki is?"
0xfe8f4,45,"この通路のどこかに観覧車へ続く
階段があるぞ。",,"Somewhere in this
corridor there's a
staircase that leads to
the Ferris wheel."
0xfe924,45,"親父はいつもドリームパークの
運営に夢中で…。",,"My old man was always
completely absorbed in
running Dream Park..."
0xfe954,45,"知ってる知ってる。
人をズバーって切るやつね。",,"Yeah, yeah, I know it.
The trick of cutting
someone in two."
0xfe984,45,"いまよりももっとハッピーな
ドリームパークに、",,"In a Dream Park much
happier than the one
now,"
0xfe9b4,45,"今は電気が通ってないから、
飛び出たままだね。",,"Since there's no
electricity now, it stayed
like that, out in the
open."
0xfe9e4,45,"わたしの言うように観覧車を
動かして欲しいの。",,"I want you to move the
Ferris wheel the way I'm
about to tell you."
0xfea14,45,"ここで遊んでる霊たちは
本当に楽しそうでした。",,"The spirits playing here
really looked happy."
0xfea44,45,"ミラーハウス、観覧車、
それとお化け屋敷……。",,"The mirror house, the
Ferris wheel, and the
haunted house..."
0xfea74,45,"ケータイで自分の死に顔を撮って
もどってくる。",,"Take a photo of your own
death face with your
phone and come back."
0xfeaa4,45,"まずはこのドリームパークを
探検してみようぜ。",,"First, let's explore this
Dream Park."
0xfead4,45,"部屋を明るくしてはじめて
見える赤い文字と…、",,"Red letters that only
show up when the room
is lit, and..."
0xfeb04,45,"あたしたちの面倒見るのにも
慣れたってことか。",,"So you've gotten used
to taking care of us."
0xfeb34,45,"お化け屋敷の電源スイッチは
配電盤にあったよ。",,"The haunted house's
switch was on the
electrical panel."
0xfeb64,45,"死んで十年以上経つのに、
なぜあんな姿で……。",,"Even though he died
more than ten years
ago, why does he look
like that..."
0xfeb94,45,"どこかにピエロに対抗できる
武器はないですか？",,"Isn't there a weapon
somewhere to confront
the clown with?"
0xfebc4,47,"マサキは観覧車の前。
わたしたちは事務所にいる。",,"Masaki's in front of the
Ferris wheel. We're in
the office."
0xfebf4,47,"たぶん、私有地だから
入るのには時間がかかるわ。",,"Since it's private
property, it'll probably
take us a while to get in."
0xfec24,47,"ここのオーナーが、
海外から取り寄せてきたとか。",,"They say the owner had
it brought over from
abroad."
0xfec54,47,"私はドリームパークのこと、
もう少し調べてみる。",,"I'm going to look into
Dream Park a bit more."
0xfec84,47,"オーナーの思い出の品って、
なにかありませんか？",,"Isn't there some item
that reminds you of the
owner?"
0xfecb4,47,"私も他の子供のように
親父と遊びたかったんだ…。",,"I also wanted to play
with my old man like the
other kids did..."
0xfece4,47,"だからドリームパークにも
あまり近づかなかった。",,"That's why I didn't get
close to Dream Park
much either."
0xfed14,47,"遊園地の楽しい雰囲気を
求めてやってきている…。",,"They come looking for
the cheerful atmosphere
of the amusement
park..."
0xfed44,47,"こうして仕掛けが分かると、
なんかマヌケだよね。",,"Now that we understand
the trick, it's a bit
embarrassing, isn't it?"
0xfed74,47,"よくわからないけど、
移動しておけばいいんだな。",,"I don't quite
understand, but just
moving is enough,
right?"
0xfeda4,47,"遊園地の思い出があった
からこそ集まってきた…。",,"They gathered here
precisely because of
their memories of the
park..."
0xfedd4,47,"そのまま残って、ここに
集まっているんだと思う。",,"I think they stayed that
way and gathered here."
0xfee04,47,"そう、恐ろしいものを
より恐ろしくしたいという、",,"Yeah, the desire to make
what's scary even
scarier,"
0xfee34,47,"たしか防犯のため、電源が
供給されていない夜間は",,"As I recall, for safety,
during the night without
electricity"
0xfee64,47,"ドリームパークについて、
ネットで調べてみたの。",,"I looked up Dream Park
on the internet."
0xfee94,47,"秘密の地下通路があるって
いうウワサがあったわ。",,"There was a rumor that a
secret underground
passage existed."
0xfeec4,47,"行った事がない場所を
夢で見るなんて変ですよね。",,"It's weird to dream
about a place I've never
been, isn't it?"
0xfeef4,47,"移動が目的だとすると、
いくつかに枝分かれして、",,"If the goal is movement,
it would branch off into
several paths,"
0xfef24,47,"停電でロックされたまま
だった、スタッフルームの",,"The staff room, which
was still locked because
of the power outage,"
0xfef54,47,"ずいぶん静かになった。
ちょっと様子を見てくる。",,"It's gotten pretty quiet.
I'm going to go check it
out."
0xfef84,47,"部屋を明るくしなかった
からこそ難を逃れる話…。",,"A story about surviving
precisely by not lighting
up the room..."
0xfefb4,47,"ここ、ホントの霊が出るって
噂があったんだよな。",,"There was a rumor going
around here that real
spirits appeared."
0xfefe4,47,"でも、外側からじゃ
わからなくなっているみたい。",,"But it seems you can no
longer tell from the
outside."
0xff014,47,"でも、もう、ユウタを疑うことは、
やめにしたの。",,"But I've already stopped
suspecting Yuuta."
0xff044,47,"でも、外側からじゃ
わからなくなっているみたい。",,"But it seems you can no
longer tell from the
outside."
0xff074,49,"お化け屋敷の中。
サイアクな場所に隠れちゃったよ。",,"Inside the haunted
house. I hid in the worst
possible spot."
0xff0a8,49,"（ドリームパークの解体作業が
　始まったそうです）",,"(It seems the demolition
work on Dream Park has
begun)"
0xff0dc,49,"昔は近付いたら、人形が飛び出す
仕掛けだったんだ。",,"Before, if you got close,
a doll would pop out to
surprise you."
0xff110,49,"オーナーが強い信念をもったまま、
亡くなっていて、",,"The owner died holding
firm to his convictions,
and"
0xff144,49,"もう昔のような照明や
電源施設は撤去してしまった。",,"They've already
removed the old lighting
and electrical fixtures."
0xff178,49,"マサキ聞こえる？
いま観覧車の電源をＯＮにしたわ。",,"Masaki, can you hear
me? I just turned on the
Ferris wheel's power."
0xff1ac,49,"この図がなにを意味しているか、
よく考えてみよう。",,"Let's think carefully
about what this drawing
means."
0xff1e0,49,"ロウ人形にされて、
お化け屋敷に飾られているとか。",,"They say he was turned
into a wax figure and put
on display in the
haunted house."
0xff214,49,"その意見に賛成。
この地下通路を使えばできそうだ。",,"I agree. It seems doable
using this underground
passage."
0xff248,49,"興味本位でそういうことするの、
まだ懲りてないの？",,"Haven't you learned yet
not to do that kind of
thing out of pure
curiosity?"
0xff27c,49,"手作りの模型…。
これは想い入れがないと作れない。",,"A handmade model...
you don't make this
without a lot of love."
0xff2b0,49,"わかった、ごめん。
わたし、無神経に誘っちゃって。",,"Got it, sorry. I was
insensitive to invite you."
0xff2e4,49,"あなたは、ただ興味本位って
わけじゃないんでしょ？",,"You're not doing it just
out of curiosity, right?"
0xff318,49,"大丈夫よ。夜遊びを止めようなんて
思ってないから。",,"Relax. I'm not going to
tell you to stop going out
at night."
0xff34c,49,"ドリームパークに行ったことが
あるってことですか？",,"Does that mean you went
to Dream Park?"
0xff380,49,"（これだけやせれば、
　ダイエットしなくて済むね）",,"(If I lose this much
weight, I won't need to
diet anymore)"
0xff3b4,49,"ドリームパークに行ったことが
あるってことですか？",,"Does that mean you went
to Dream Park?"
0xff3e8,49,"今までこういう流れで
大事にならなかったことある？",,"Has this ever not ended
up being a serious
problem?"
0xff41c,49,"とにかく、早く１番奥まで行って
写真撮っちゃおう。",,"Anyway, let's hurry to
the back and take the
photo."
0xff450,49,"（ただ、どうして幼いころの
　わたし自身の幻を、）",,"(But, why the illusion of
my own younger self,)"
0xff484,49,"そうね、まずはここでじっくり対策
を考えましょう。",,"That's true, let's think
carefully about a plan
here first."
0xff4b8,49,"そうだとしたら…、
降りれなくて困っているかもな。",,"If that's the case...
maybe
he's stuck up
there and
can't get
down."
0xff4ec,51,"オーナーが最も心にとめていた
ものを探し出しなさい。",,"Find what the
owner
treasured most in
his
heart."
0xff520,51,"（結局、わたしの運命は
　夢で見た通りだったのです）",,"(In the end, my fate
turned
out to be exactly
like the
dream I had.)"
0xff554,51,"オーナーが最も心にとめていた
ものを探し出しなさい。",,"Find what the
owner
treasured most in
his
heart."
0xff588,51,"ちょっとさわるとバラバラ
になる仕組みになっている。",,"It's built so it falls
apart
the moment you
touch it
even a little."
0xff5bc,51,"死んだオーナーの息子が、
解体を計画しているらしい。",,"Sounds like the
dead
owner's son is
planning
to tear it
down."
0xff5f0,51,"そう？何か心配事があるなら
話した方が楽になるわよ。",,"Really? If
something's
bothering
you, talking
about it
usually helps."
0xff624,51,"頂上付近でいつのまにか
もう１人が乗ってるらしいよ。",,"They say near the
top,
someone else ends
up
riding with you
without
you noticing."
0xff658,51,"さて、ここで提案！
１人ずつ、時間を空けて入らない？",,"Okay, here's a
proposal!
What if we go
in one at a
time,
spacing it out?"
0xff68c,51,"暗闇だからこそ見えるもの…。
どこかで見た気がする。",,"Something you can
only
see because it's
dark...
I feel like I've
seen it
somewhere
before."
0xff6c0,51,"（結局……、全員無事に
　ドリームパークを脱出し、）",,"(In the end...
everyone
escaped
Dream Park safe
and
sound,)"
0xff6f4,51,"（でも、わからないままで
　よかったかもしれません）",,"(But maybe it
would've
been better
not to know.)"
0xff728,51,"（結局、わたしの運命は
　夢で見た通りだったのです）",,"(In the end, my fate
turned
out to be exactly
like the
dream I had.)"
0xff75c,53,"逃げる方法を考えるか……
あのピエロの謎を解かないと。",,"Think about how
to
escape... or solve
the
mystery of that
clown."
0xff794,53,"…あのピエロ…風船を見て、
一瞬正気に戻ったような…。",,"...That clown... for
a
second, seeing
the
balloon seemed to
snap
him back to his
senses..."
0xff7cc,53,"ガスって…ヘリウムガス？
それってどこかにありますか？",,"Gas... you mean
helium
gas? Is there any
of that
around here?"
0xff804,53,"以前…、お化け屋敷の
スタッフルームで見かけたような。",,"I think I saw some
before...
in the
haunted house's
staff
room."
0xff83c,53,"もう、ホントに怖がりなんだから。
じゃ、男子からだね。",,"Wow, you really are
such
a scaredy-cat.
Fine, the
guys go first
then."
0xff874,53,"このまま通路の先へ行けば、
ゲート前に出れるみたいよ。",,"If we just keep
going
down this
hallway, looks
like we
come out right in
front
of the entrance."
0xff8ac,53,"ここは潰す予定だ……。
今さら私にどうしろというんだ？",,"This place is
getting
torn down...
what do you
want me to
do about it
now?"
0xff8e4,53,"ドリームパークが閉鎖されて、
何年も経つと言うのに…。",,"It's already been
years
since Dream Park
closed
down..."
0xff91c,53,"ここは潰す予定だ……。
今さら私にどうしろというんだ？",,"This place is
getting
torn down...
what do you
want me to
do about it
now?"
0xff954,55,"そこまでビビらなくても。
よっぽどコワイ夢でも見てたの？",,"You don't have to
freak
out that much.
Did you
have a
nightmare
or
something?"
0xff98c,55,"人の想いが集まる場所には、
何かが残っているものだから。",,"Something
always
lingers in places
where
people's feelings
gather."
0xff9c4,55,"ところで、オーナーが最も心に
とめていたものはわかった？",,"By the way, did you
figure
out what the
owner
treasured most?"
0xff9fc,55,"こういうとき、最初に入った方が
ハッキリ見えるらしいよ。",,"They say in cases
like
this, whoever goes
in first
sees it the
clearest."
0xffa34,55,"電灯の明かりなんかを吸収して、
発光する性質があるんだ。",,"It has the property
of
soaking up light
from
lamps and then
glowing."
0xffa6c,55,"ここを取り壊すためだよ。
祟りの正体を確かめに来たんだ。",,"I'm here to tear
this
place down. I came
to
see for myself
what's
behind the
curse."
0xffaa4,55,"あたしたちだって、タタリの正体を
たしかめに来たのに…。",,"We came to check
out
what's behind the
curse
too, you know..."
0xffadc,55,"人の想いが集まる場所には、
何かが残っているものだから。",,"Something
always
lingers in places
where
people's feelings
gather."
0xffb14,55,"リコが危ないの！スタッフルームの
外にピエロがいるって。",,"Riko's in danger!
They
said there's a
clown
outside the staff
room."
0xffb4c,57,"（わたしが最後に見た光景は、
　血に染まったテーマパーク）",,"(The last thing I saw
was
the park stained
with
blood.)"
0xffb88,57,"オーナーが大好きだった、
大掛かりなサプライズで見せるの。",,"I'll show it to you with
a
big surprise,
something
the owner
loved."
0xffbc4,57,"幽霊役の人がいて怖かったって
言われたことがあったらしい。",,"Someone apparently
said
it scared them
because of
a person
playing a ghost."
0xffc00,57,"（わたしが最後に見た光景は、
　血に染まったテーマパーク）",,"(The last thing I saw
was
the park stained
with
blood.)"
0xffc3c,59,"そのメリーゴーラウンドの模型は、
親父が自分でつくったんだ。",,"My old man built
that
carousel model with
his
own two hands."
0xffc78,59,"だったらあの霊たちの力を借りて、
ピエロを元に戻せないかな。",,"So can't we borrow
the
power of those
spirits to
turn the clown
back to
normal?"
0xffcb4,59,"楽しいものはより楽しくって、
それが彼の理念だったらしいわ。",,"I guess his motto
was:
make fun things
even
more fun."
0xffcf0,59,"みんなが集まる夢の遊園地を、
真剣に作ろうとしていたんです。",,"He was seriously
trying
to build a dream
amusement
park where
everyone could
come
together."
0xffd2c,59,"楽しいものはより楽しくって、
それが彼の理念だったらしいわ。",,"I guess his motto
was:
make fun things
even
more fun."
0xffd68,59,"ちょっとぉ。女の子をからかう
なんてヒドくない？ね、ミズキ。",,"Hey. Isn't it kind of
mean
to tease a girl like
that?
Right, Mizuki?"
0xffda4,59,"（結局、わたしたちが見たものの
　正体はわかりませんでした）",,"(In the end, we never
found
out what it was
we
actually saw.)"
0xffde0,59,"お化け屋敷の電源を落とせば扉に
ロックがかかるんじゃないか？",,"If we cut the power to
the
haunted house,
wouldn't
the door lock?"
0xffe1c,61,"その信念がピエロというカタチで
今、現れているのだとしたら…。",,"If that conviction is
what's
manifesting now
in the
shape of that
clown..."
0xffe5c,61,"作り物って分かっているのに、
どうも１人だと不安になるなぁ…。",,"I know it's fake, but
being
alone still makes
me
nervous anyway..."
0xffe9c,61,"どこから、お化けが出てくるか、
仕掛けも全部覚えちゃったから。",,"I've already got all
the
tricks memorized,
where
every ghost pops
out
from."
0xffedc,63,"（私はピエロに追いかけられている
　こと、そしてそのピエロは、）",,"(That a clown was
chasing
me, and that
this clown,)"
0xfff1c,63,"オーナーが死んだ後に閉鎖されて、
ずっと放置されているらしいよ。",,"They say it closed
after
the owner died and
has
just been
sitting
abandoned ever
since."
0xfff5c,63,"早いトコ、スタッフルームを探して
ヘリウムガスを見つけなきゃ…。",,"We need to hurry up
and
find the staff room
and
get that helium
gas..."
0xfff9c,65,"（どうやらオーナーの霊らしい、と
　いうことをレイカに話しました）",,"(I told Reika it seemed
to
be the owner's
spirit.)"
0xffff8,6,リコ？,,Riko?
0x100000,6,なに？,,What?
0x100008,6,えっ？,,Huh?
0x100010,6,さあ？,,Who knows?
0x100018,6,マサキ,,Masaki
0x100020,6,よっ。,,Hey.
0x100028,6,ああ。,,Yeah.
0x100030,6,気配？,,A presence?
0x100038,6,先生？,,Teacher?
0x100048,6,俺も。,,Me too.
0x100058,6,レイカ,,Reika
0x100070,6,リコ！,,Riko!
0x100078,6,えっ。,,Huh.
0x100080,6,特別？,,Special?
0x100088,6,そう？,,Really?
0x100090,6,本物？,,Is it real?
0x100098,6,さあ、,,"Well,"
0x1000a0,6,ああ。,,Yeah.
0x1000a8,6,えっ？,,Huh?
0x1000b0,6,うん。,,Yeah.
0x1000b8,6,リコ！,,Riko!
0x1000c0,6,そう。,,That's right.
0x1000d0,8,…ゼロ！,,...Zero!
0x1000dc,8,逃げる！,,I'm getting out of here!
0x1000e8,8,ああ…。,,Ahh...
0x1000f4,8,ええっ。,,Ehh.
0x10010c,8,ああ…。,,Ahh...
0x100118,8,ああ…。,,Ahh...
0x100124,8,マサキ！,,Masaki!
0x100130,8,しっ…。,,Shh...
0x100148,8,うん…。,,Yeah...
0x100160,8,うん…。,,Yeah...
0x10016c,8,先生…。,,Teacher...
0x100178,8,レイカ！,,Reika!
0x100184,8,かもな。,,Maybe.
0x100190,8,えっ…？,,Huh...?
0x1001a8,8,ヒッ…。,,Hii...
0x1001c0,8,レイカ！,,Reika!
0x1001cc,8,なあ…。,,Hey...
0x1001d8,8,レイカ！,,Reika!
0x1001e4,8,ユウタ！,,Yuuta!
0x1001f0,8,大丈夫？,,You okay?
0x100208,8,…うん。,,...Yeah.
0x100214,8,ふうん。,,"Huh, I see."
0x10022c,8,…うん。,,...Yeah.
0x100238,8,大丈夫？,,You okay?
0x100244,8,うん…。,,Yeah...
0x100250,8,あるよ。,,There is.
0x10025c,8,はっ…！,,Ah...!
0x100268,8,大丈夫？,,You okay?
0x100274,8,…あれ？,,Huh?
0x100280,8,マサキ！,,Masaki!
0x10028c,8,待って！,,Wait!
0x100298,8,ごめん。,,Sorry.
0x1002d4,8,…へえ。,,"...Oh, really."
0x1002e0,8,レイカ！,,Reika!
0x1002ec,8,迷子…。,,I got lost...
0x100304,8,あっ…。,,Ah...
0x100310,8,えっ…。,,Huh...
0x10031c,8,うん…。,,Yeah...
0x100328,8,レイカ！,,Reika!
0x100334,8,これ…。,,This...
0x10034c,8,やめろ。,,Stop it.
0x100358,8,…なに？,,...What?
0x100364,8,えっ…。,,Huh...
0x100370,8,マサキ！,,Masaki!
0x100388,8,ほらな。,,See? Told you.
0x100394,8,あああ？,,Ahh?
0x1003ac,8,ユウタ！,,Yuuta!
0x1003b8,8,ユウタ！,,Yuuta!
0x1003c4,8,えっ…？,,Huh...?
0x1003d0,8,プール？,,The pool?
0x1003dc,8,大丈夫？,,You okay?
0x1003e8,8,はっ…。,,Ah...
0x100400,8,えっ…。,,Huh...
0x10040c,8,…ああ。,,...Ah.
0x100418,8,まあね。,,More or less.
0x100424,8,はっ…。,,Ah...
0x100430,8,ふうん。,,"Huh, I see."
0x10043c,10,ずっとね！,,Always have!
0x100448,10,そんな…。,,No way...
0x100454,10,その目…。,,Those eyes...
0x100460,10,どうして？,,Why?
0x10046c,10,マサキ…。,,Masaki...
0x100478,10,失礼ね…。,,How rude...
0x100484,10,見た見た。,,"I saw it, I saw it."
0x100490,10,マサキ…。,,Masaki...
0x1004a8,10,そんな…。,,No way...
0x1004b4,10,ごめん…。,,Sorry...
0x1004c0,10,はいはい。,,"Yeah, yeah."
0x1004cc,10,ごめん…。,,Sorry...
0x1004d8,10,うぐっ…。,,Ugh...
0x1004e4,10,プールさ。,,It's the pool.
0x1004f0,10,（はっ…）,,(Ah...)
0x1004fc,10,マサキ…。,,Masaki...
0x100508,10,呆れた…。,,Unbelievable...
0x100514,10,どうだか。,,Who knows.
0x100520,10,やめろよ。,,Cut it out.
0x10052c,10,そうだな。,,You're right.
0x100538,10,それは…。,,That's...
0x100544,10,ダメだな。,,"No, that won't work."
0x100550,10,だったら？,,Then what?
0x10055c,10,朝日が…。,,The morning sun...
0x100568,10,えっ？俺？,,Huh? Me?
0x100574,10,教室じゃ…,,In the classroom...
0x100580,10,まるで…、,,"It's like...,"
0x10058c,10,……うん。,,......Yeah.
0x100598,10,壁から…。,,From the wall...
0x1005a4,10,どうした？,,What's wrong?
0x1005b0,10,……先生。,,......Teacher.
0x1005bc,10,あぁ……。,,Aah.....
0x1005c8,10,わたし…。,,I...
0x1005d4,10,おはよっ。,,Morning!
0x1005e0,10,そうなの？,,Really?
0x1005ec,10,許せない！,,I won't forgive this!
0x1005f8,10,レイカ…。,,Reika...
0x100604,10,そうか…？,,Is that so...?
0x100610,10,落ちろ！！,,Fall!!
0x100628,10,そうだね。,,That's right.
0x100634,10,ユウタ…。,,Yuuta...
0x100640,10,ああああ！,,Aaaah!
0x10064c,10,そうだね。,,That's right.
0x100658,10,……うん。,,......Yeah.
0x100670,10,ホントか？,,Seriously?
0x10067c,10,だから…。,,That's why...
0x100688,10,なにぃ…。,,Whaaat...
0x100694,10,…いいえ。,,...No.
0x1006a0,10,そうだな。,,You're right.
0x1006ac,10,あうっ…。,,Ouch...
0x1006b8,10,ああああ！,,Aaaah!
0x1006d0,10,（えっ…）,,(Huh...)
0x1006dc,10,マサキ…？,,Masaki...?
0x1006e8,10,あぶない！,,Look out!
0x1006f4,10,いや……。,,No......
0x100718,10,どうした？,,What's wrong?
0x100724,10,…ユウタ？,,...Yuuta?
0x100730,10,教室でか？,,In the classroom?
0x10073c,10,ダメか…。,,No good...
0x100748,10,…だ…誰？,,...Wh-who are you?
0x100754,10,どうした？,,What's wrong?
0x100760,10,夜明けだ。,,It's dawn.
0x10076c,10,くっ……。,,Ngh......
0x100778,10,もしもし。,,Hello?
0x100784,10,たとえば、,,"For example,"
0x100790,10,…そうよ。,,...That's right.
0x10079c,12,…まさか…。,,...No way...
0x1007ac,12,どうしたの？,,What's wrong with you?
0x1007bc,12,マネキン…。,,A mannequin...
0x1007cc,12,…マサキ…。,,...Masaki...
0x1007dc,12,（はっ……）,,(Ah......)
0x1007ec,12,あ、レイカ！,,"Oh, Reika!"
0x1007fc,12,やがて俺は、,,"And in time, I,"
0x10080c,12,…来たな…。,,...You're here...
0x10081c,12,ミズキ……？,,Mizuki......?
0x10082c,12,いないか…。,,She's not here...
0x10083c,12,にせもの…。,,An impostor...
0x10084c,12,どうして…。,,Why...
0x10085c,12,思いついた。,,I've got an idea.
0x10086c,12,…これか…？,,...Could this be it...?
0x10087c,12,ありがとう。,,Thanks.
0x10088c,12,…そうなの？,,...Really?
0x10089c,12,う…ううっ。,,Ngh...ngh.
0x1008ac,12,ホントかよ。,,For real?
0x1008bc,12,レイカ……。,,Reika......
0x1008cc,12,突然首を…。,,"All of a sudden, my
neck..."
0x1008dc,12,（ナナシ…）,,(Nanashi...)
0x1008ec,12,どうして…？,,Why...?
0x1008fc,12,…プール…。,,...The pool...
0x10090c,12,どうしたの？,,What's wrong with you?
0x10091c,12,どうしたの？,,What's wrong with you?
0x10092c,12,どうしたの？,,What's wrong with you?
0x10093c,12,あ…うん…。,,Ah...yeah...
0x10094c,12,…そうする。,,...I'll do that.
0x10095c,12,いやあああ！,,Noooo!
0x10096c,12,…あ…今…。,,...Ah...right now...
0x10098c,12,（圏外だ…）,,(No signal...)
0x10099c,12,わかった…。,,Understood...
0x1009ac,12,…そんな…。,,...No way...
0x1009bc,12,…よく見て…,,...Look closely...
0x1009cc,12,そうなんだ。,,"Huh, I see."
0x1009dc,12,そんな……。,,No way......
0x1009ec,12,…ユウタ…。,,...Yuuta...
0x1009fc,12,…うん……。,,...Yeah......
0x100a0c,12,…レイカに？,,...To Reika?
0x100a1c,12,レイカが…。,,Reika...
0x100a2c,12,やっぱりね。,,I knew it.
0x100a3c,12,ま、いいわ。,,"Well, fine."
0x100a4c,12,レイカが…。,,Reika...
0x100a5c,12,そうね……。,,That's right......
0x100a6c,12,ダメだな…。,,No good...
0x100a7c,12,えっ、俺が？,,"Huh, me?"
0x100a8c,12,（いまの…）,,"(That thing just
now...)"
0x100a9c,12,…ユウタ…。,,...Yuuta...
0x100aac,12,あああああ！,,Aaaaah!
0x100abc,12,虫の知らせ？,,A bad feeling?
0x100acc,12,（お願い…）,,(Please...)
0x100adc,12,屋上に上がる,,Go up to the rooftop
0x100aec,12,…レイカに？,,...To Reika?
0x100afc,12,ひでえな…。,,That's harsh...
0x100b0c,12,マネキン…。,,A mannequin...
0x100b1c,12,なにそれ…。,,What is that...
0x100b2c,12,えっと……。,,Um......
0x100b3c,14,……リ、リコ？,,......R-Riko?
0x100b4c,14,リコ！いるの？,,Riko! Are you there?
0x100b5c,14,これ、見ろよ。,,Look at this.
0x100b6c,14,おい、待てよ。,,"Hey, wait."
0x100b7c,14,…やばいな…。,,...This is bad...
0x100b8c,14,えっ、遊園地？,,"Huh, the
amusement
park?"
0x100b9c,14,どういうこと？,,What do you mean?
0x100bac,14,どうしよう…。,,What do I do...
0x100bbc,14,私も高校時代、,,"Back when I was in
high
school too,"
0x100bcc,14,知らなかった。,,I didn't know that.
0x100bdc,14,あのなあ……。,,Hey listen......
0x100bec,14,そんなこと…。,,That kind of thing...
0x100bfc,14,いや…いや…。,,No...no...
0x100c0c,14,もう…遅いさ。,,It's...too late.
0x100c1c,14,…男の子……。,,...A boy......
0x100c2c,14,…ううぅぅ…！,,...Ngh...!
0x100c3c,14,プールは違う？,,It's not the pool?
0x100c5c,14,顔色…悪いね…,,You look...pale...
0x100c6c,14,リコ！いるか？,,Riko! Are you there?
0x100c7c,14,…どうしたの？,,...What's wrong?
0x100c8c,14,…あれ、人間？,,...Is that a person?
0x100c9c,14,誰もいない…？,,Is nobody here...?
0x100cac,14,……そんな…。,,......No way...
0x100cbc,14,トイレはどう？,,"What about
the bathroom?"
0x100cec,14,…ユウタ……。,,...Yuuta......
0x100cfc,14,…ううっ……。,,...Ngh......
0x100d0c,14,リコ！いるの？,,Riko! Are you there?
0x100d2c,14,にらめっこ…。,,The staring contest...
0x100d3c,14,どうしよう……,,What do I do......
0x100d4c,14,リコって１組？,,Is Riko in class 1?
0x100d5c,14,正直に話して。,,Tell me the truth.
0x100d6c,14,リコ、いるの？,,"Riko, are you there?"
0x100d7c,14,それで結果は？,,So what was the result?
0x100d8c,14,あ、おはよ…。,,"Oh, morning..."
0x100d9c,14,まさか、リコ？,,Could it be Riko?
0x100dac,14,どこから探す？,,"Where do we
search
first?"
0x100dbc,14,水漏れの音…。,,"The sound of a
water
leak..."
0x100dcc,14,リ、リコ……。,,R-Riko......
0x100ddc,14,おどかすなよ。,,"Don't scare me like
that."
0x100dec,14,ああ…ううう！,,Ah...ngh!
0x100dfc,14,……みたいね。,,......Looks like it.
0x100e0c,14,もう…限界よ！,,"I...can't take it
anymore!"
0x100e1c,14,あ…ああ……。,,Ah...ah......
0x100e2c,14,誰もいない…？,,Is nobody here...?
0x100e3c,14,リコ！いるの？,,Riko! Are you there?
0x100e4c,14,はねられた…。,,He got hit by a car...
0x100e5c,14,あ、ミズキ…。,,"Oh, Mizuki..."
0x100e6c,14,でも大丈夫よ。,,But it'll be okay.
0x100e7c,14,いない、か…。,,"Not there, huh..."
0x100e8c,14,…もういやっ！,,"...I don't want this
anymore!"
0x100e9c,14,…決まりだな。,,...It's decided.
0x100eac,14,あ…やばっ…。,,Ah...that's bad...
0x100ebc,14,リコ以外にも、,,"Besides Riko,"
0x100ecc,14,…にらめっこ…,,"...The staring
contest..."
0x100eec,14,ダメ…いない。,,"No good...she's
not
there."
0x100efc,14,あ…レイカ…。,,Ah...Reika...
0x100f0c,14,…ユウタ……？,,...Yuuta......?
0x100f1c,14,（マサキだ…）,,(It's Masaki...)
0x100f2c,14,日が昇る……。,,"The sun's
coming
up......"
0x100f4c,14,トイレはどう？,,"What about
the bathroom?"
0x100f5c,14,あははははは！,,Ahahahaha!
0x100f6c,14,マ…マサキ…？,,M-Masaki...?
0x100f7c,16,霊的な力って…。,,A spiritual power...
0x100f90,16,…プールは違う？,,...It's not the pool?
0x100fb8,16,ミズキよりも…。,,More than Mizuki...
0x100fcc,16,８８通目のメール,,Message #88
0x100fe0,16,まさか、ユウタ？,,Could it be Yuuta?
0x100ff4,16,…お願い、先生。,,"...Please, teacher."
0x101008,16,どうしたの急に。,,"What's with you all of
a
sudden."
0x10101c,16,９８通目のメール,,Message #98
0x101030,16,ああ…ミズキ…。,,Ah...Mizuki...
0x101044,16,え……なに……。,,Huh......what......
0x101058,16,ユウタ！大丈夫？,,Yuuta! Are you okay?
0x10106c,16,あ……ううっ…。,,Ah......ngh...
0x101080,16,いいじゃないか。,,"That's not bad, is it?"
0x101094,16,あだ名なんだ…。,,It's a nickname...
0x1010a8,16,あ、俺、マサキ。,,"Ah, I'm Masaki."
0x1010bc,16,……ユウタ……。,,......Yuuta......
0x1010d0,16,８４通目のメール,,Message #84
0x1010e4,16,冗談でもやめろ。,,"Don't do that, not
even
as a joke."
0x1010f8,16,気のせいだろ…。,,"You must be
imagining
things..."
0x10110c,16,みたいだな……。,,Looks like it......
0x101120,16,ハヤカワさん…。,,Hayakawa...
0x101134,16,……遠慮しとく。,,......I'll pass.
0x101148,16,まさか、マサキ？,,Could it be Masaki?
0x10115c,16,…知らなかった。,,...I didn't know that.
0x101170,16,おまえだけは…。,,At least you...
0x101184,16,その手首のアザ…,,"That bruise on
your wrist..."
0x101198,16,（…わたし……）,,(...I......)
0x1011ac,16,（……あの時…）,,"(......At
that
moment...)"
0x1011c0,16,いないみたいね。,,"Looks like she's
not
here."
0x1011d4,16,なんだよ、それ。,,What's that about.
0x1011e8,16,びっくりした…。,,That scared me...
0x1011fc,16,あ、それなら…。,,"Oh, in that case..."
0x101224,16,レイカ！レイカ！,,Reika! Reika!
0x101238,16,（マネキン…？）,,(A mannequin...?)
0x10124c,16,（今…足音が…）,,"(Right
now...footsteps...)"
0x101260,16,ユウタ、待って。,,"Yuuta, wait."
0x101274,16,卒業アルバム…。,,"The
graduation
album..."
0x101288,16,（…レイカ……）,,(...Reika......)
0x10129c,16,…それはないな。,,...That can't be it.
0x1012b0,16,今思い出した…。,,I just remembered...
0x1012c4,16,…覚えてないの？,,"...You don't
remember?"
0x1012d8,16,ユカリ…先生…。,,Yukari...sensei...
0x1012ec,16,校舎から出よう。,,"Let's get out of
the
building."
0x101300,16,……みたいだな。,,......Looks like it.
0x101314,16,何があったの…？,,What happened...?
0x101328,16,……みたいだな。,,......Looks like it.
0x10133c,16,ホントに大丈夫？,,Are you really okay?
0x101350,16,……ヘンなヤツ。,,......What a weirdo.
0x101364,16,リコ！いるのか？,,Riko! Are you there?
0x101378,16,校内を探すしか…,,"All I can do is
search the school..."
0x10138c,16,みたいだな……。,,Looks like it......
0x1013a0,16,リコのケータイ！,,Riko's phone!
0x1013b4,16,心霊スポット…。,,A haunted spot...
0x1013c8,18,ライト…向けて…。,,Point...the light...
0x1013dc,18,…またナナシから。,,"...Another one
from
Nanashi."
0x1013f0,18,呪いの…交差点…。,,"The
cursed...
intersection..."
0x101404,18,単なる好奇心さ…。,,"It's just
plain
curiosity..."
0x101418,18,…ハヤカワさん…。,,...Hayakawa...
0x10142c,18,じゃあ、あの時…。,,"Then, at that
moment..."
0x101440,18,後からかけるから。,,I'll call you back later.
0x101454,18,（いったい誰が？）,,(Who on earth?)
0x101468,18,（ユカリ…先生…）,,(Yukari...sensei...)
0x10147c,18,ユウタ、待ってて！,,"Yuuta, wait right there!"
0x101490,18,都市伝説百物語…？,,"The hundred
urban
legend
stories...?"
0x1014a4,18,えっ？あ、うん…。,,"Huh? Oh, yeah..."
0x1014b8,18,ありがと…レイカ。,,Thanks...Reika.
0x1014cc,18,…キレイでしょ…？,,"...It's beautiful,
isn't
it...?"
0x1014e0,18,あ…あたし………。,,Ah...I.........
0x1014f4,18,少し調べてみない？,,"Don't you want to
look into it a bit?"
0x101508,18,そう、直感だけど。,,"Yeah, it's just a hunch."
0x10151c,18,どうしたの？急に。,,"What's wrong? All of
a
sudden."
0x101530,18,どういうことだ…？,,"What does this
mean...?"
0x101544,18,するとどうだ……！,,And then...!
0x101558,18,もう手に負えない。,,"I can't control
it
anymore."
0x10156c,18,図書室がどうした？,,What about the library?
0x101580,18,……ううん、ごめん,,"......No,
nothing, sorry"
0x101594,18,マサキじゃないの？,,Isn't it Masaki?
0x1015a8,18,いいけど…手短にね,,Fine...but make it quick
0x1015bc,18,（どういうこと？）,,(What does this mean?)
0x1015d0,18,…いないみたいね。,,"...Looks like she's
not
here."
0x1015e4,18,まだ完全じゃない。,,It's still not complete.
0x1015f8,18,やっぱりやめておく,,"I'll just drop it after
all"
0x10160c,18,これが９９通目…。,,This is number 99...
0x101620,18,いったい…何が…。,,"What on
earth...is
going on..."
0x101634,18,…何かがあるのよ。,,"...There's
something
there."
0x101648,18,じゃあ、どこなの？,,"So where is it, then?"
0x10165c,18,（行くしかない！）,,"(There's no choice
but
to go!)"
0x101670,18,大丈夫だったの…？,,Were you okay...?
0x101684,18,へえ、そうなんだ。,,"Oh, so that's how it is."
0x101698,18,フッたらしいけど。,,"Sounds like she
turned
him down."
0x1016ac,18,まだ削除してない？,,"You still haven't
deleted
it?"
0x1016c0,18,ね、調べてみない？,,"Hey, don't you want
to
look into it?"
0x1016d4,18,じゃあ、２階だな。,,"Then it's the
second
floor."
0x1016e8,18,カギがかかってる。,,It's locked.
0x1016fc,18,探しながら行こう。,,Let's search as we go.
0x101710,18,カギがかかってる。,,It's locked.
0x101724,18,ダメ、いない……。,,"No good, she's
not
here......"
0x101738,18,ま、気にするなよ。,,"Well, don't let it
bother
you."
0x10174c,18,…なんでもないわ。,,...It's nothing.
0x101760,18,ダメ、いない……。,,"No good, she's
not
here......"
0x101774,18,……知らないわよ。,,......I have no idea.
0x101788,18,いないみたいだな。,,"Looks like she's
not
here."
0x10179c,18,…なんでもないわ。,,...It's nothing.
0x1017b0,18,レイカ！いやあっ！,,Reika! Noooo!
0x1017c4,18,う……ううっ……。,,Ngh......ngh......
0x1017d8,18,知ってる、転校生。,,"I know, the
transfer
student."
0x1017ec,18,…いないみたいね。,,"...Looks like she's
not
here."
0x101800,18,マサキ！無事なの！,,Masaki! You're safe!
0x101814,18,ケータイで聞こう…,,"Let's try asking
by phone..."
0x101828,18,（この辺り…かな）,,"(I think it's
around
here...)"
0x10183c,18,マサキ……いるの？,,"Masaki......are you
there?"
0x101850,18,（魂が…宿る…？）,,"(The soul...takes
up
residence...?)"
0x101864,18,…先生……助けて…,,"...Teacher...help
me..."
0x101878,18,…いないみたいね。,,"...Looks like she's
not
here."
0x10188c,18,レイカ！いるの！？,,Reika! Are you there!?
0x1018a0,18,マサキのロッカー。,,Masaki's locker.
0x1018b4,18,（まさか、リコ…）,,"(Don't tell me,
Riko...)"
0x1018c8,18,ユカリ…？誰それ？,,Yukari...? Who's that?
0x1018dc,19,"えっ！
俺がナナシ？",,"Huh!
I'm Nanashi?"
0x1018f0,20,あちゃ、すっかり夜。,,"Ugh, it's
already
completely dark
out."
0x101908,20,水泳部でもそうなの？,,"Is it the same way in
the
swim club too?"
0x101920,20,（……この着信番号）,,"(......This
incoming
number)"
0x101938,20,（…電話に出ない…）,,"(...She's not
picking
up the
phone...)"
0x101950,20,ははっ…まさかな…。,,Haha...no way...
0x101968,20,深入りしすぎた……。,,"I got in too
deep......"
0x101980,20,…チェーンメール…。,,...A chain mail...
0x101998,20,うん…ちょっとね…。,,Yeah...a little...
0x1019b0,20,…この木…どこかで…,,"...This tree...I've
seen it somewhere..."
0x1019c8,20,いつから？どんな人？,,"Since when? What
kind
of person?"
0x1019e0,20,レイカは…どう思う？,,"Reika...what
do you think?"
0x1019f8,20,（また…リコの話？）,,"(Talking about
Riko
again...?)"
0x101a10,20,…知らなかったの…。,,"...I didn't know
that..."
0x101a28,20,……俺は祈り続けた。,,"......I kept
on
praying."
0x101a40,20,みんなウワサしてる。,,"Everyone's
been
gossiping about it."
0x101a58,20,やっぱり…こいつ…。,,"I knew it...this
guy..."
0x101a70,20,わたし、もう帰るね…,,"I'm heading
home now..."
0x101a88,20,…交信のおまじない、,,"...The charm
for
making contact,"
0x101aa0,20,…私に聞かないでよ。,,"...Don't ask me
that."
0x101ab8,20,…君は…助かる……。,,"...You're...going
to
make it......"
0x101ad0,20,（ダメ……夜明け…）,,"(No......the
dawn...)"
0x101ae8,20,僕は…プール…かな。,,"For me...the pool,
I
guess."
0x101b00,20,いないみたいだな…。,,"Looks like she's
not
here..."
0x101b18,20,例えば、教室とか…。,,"The classroom,
for
example..."
0x101b30,20,うん、私もそう思う。,,"Yeah, I think so too."
0x101b48,20,こっちも急ぎましょ。,,"Let's hurry over
here
too."
0x101b60,20,（…なに…いまの…）,,"(...What...was
that...)"
0x101b78,20,（トイレから……？）,,"(From the
bathroom......?)"
0x101b90,20,（ナナシがいる…？）,,(Is Nanashi here...?)
0x101ba8,20,（ダメ……夜明け…）,,"(No......the
dawn...)"
0x101bc0,20,いやあ……レイカ…。,,No......Reika...
0x101bd8,20,案外一途なのかもね。,,"Maybe he's
more
faithful than he
looks."
0x101bf0,20,家庭科室と図書室よ。,,"The home ec room
and
the library."
0x101c08,20,いったい…なにが…。,,"What on
earth...is
going on..."
0x101c20,20,好きにすればいいさ。,,Do whatever you want.
0x101c38,20,…何か音がしない…？,,"...Don't you hear
some
kind of noise...?"
0x101c50,20,…あたし、キレイ…？,,...Am I pretty...?
0x101c68,20,他のところを探そう。,,"Let's look
somewhere
else."
0x101c80,20,ここだな、２年１組。,,"Here it is,
second-year
class 1."
0x101c98,20,レイカ！いるのか！？,,Reika! Are you there!?
0x101cb0,20,ここだな、２年１組。,,"Here it is,
second-year
class 1."
0x101cc8,20,いい機会なんだけど。,,"It's a good chance,
but..."
0x101ce0,20,どうしたらいいの…。,,What should I do...
0x101cf8,20,ゲキタイの呪文が……,,"The chant to drive
it away......"
0x101d10,20,ほら、本屋に入ると、,,"Look, when you
walk
into a bookstore,"
0x101d28,20,ほら、本屋に入ると、,,"Look, when you
walk
into a bookstore,"
0x101d40,20,いや…足が勝手に…。,,"No...my feet moved
on
their own..."
0x101d58,20,（勝手に…ドアが！）,,"(The door...moved
by
itself!)"
0x101d70,20,いったい…なにが…。,,"What on
earth...is
going on..."
0x101d88,20,…突然、俺の首を…。,,"...All of a sudden,
my
neck..."
0x101da0,20,あれ？水泳がないな。,,"Huh? There's no
swim
practice."
0x101db8,20,今はもう…無理なの。,,"It's no use
anymore...I
can't."
0x101dd0,20,霊に引き込まれるぞ。,,"A spirit's going to
drag
you in."
0x101de8,21,"なんで？
教師だから？",,"Why?
Because you're
a
teacher?"
0x101e00,22,桐塚に行ったことない？,,"Have you never
been to Kirizuka?"
0x101e18,22,リコ……落ち着いて…。,,"Riko......calm
down..."
0x101e30,22,マサキがナナシ…なの？,,Is Masaki...Nanashi?
0x101e48,22,うそ……きか…ない…。,,"No way...it's
not...
responding..."
0x101e60,23,あ………う……っ……。,,Ah.........uh......!......
0x101e78,22,何かが足りなかった…。,,"Something
was
missing..."
0x101e90,22,わたし、小さいとき…。,,When I was little...
0x101ea8,22,（早く助けないと…！）,,"(I have to help
her,
fast...!)"
0x101ec0,22,リコも同じことを……。,,"Riko said the same
thing
too......"
0x101ed8,22,（…どうかしてるよ…）,,"(...Something's
not
right here...)"
0x101ef0,22,（なに……この音…？）,,"(What......is
this
sound...?)"
0x101f08,22,もう少し校舎内を調べる,,"Look around the school
building a bit more"
0x101f20,22,今から出てこられるか？,,"Can you come out
right
now?"
0x101f38,22,たぶん同じことじゃ…。,,"It's probably the
same
thing..."
0x101f50,22,さあ、誰なんでしょうね,,"Hmm, I wonder
who it could be"
0x101f68,22,…いやっ…一緒に……。,,"...No!...
together......"
0x101f80,22,それより早くしないと…,,"More than that, we
need to hurry..."
0x101f98,22,完全な形で実体化する。,,It fully materializes.
0x101fb0,22,（でも…どうやって…）,,(But...how...)
0x101fc8,22,このおまじないって…。,,This charm...
0x101fe0,22,（……にらめっこ……）,,"(......The
staring
contest......)"
0x101ff8,22,そう聞いたことがある。,,That's what I heard.
0x102010,22,（ケータイを使って…）,,(Using the phone...)
0x102028,22,これだけ…開いてる…。,,"This is the only
one
open..."
0x102040,22,……僕は違うと思う…。,,"......I don't think
that's
it..."
0x102058,22,（…にらめっこ…を…）,,"(...The
staring
contest...)"
0x102070,22,ダメか…。他を探そう。,,"No good...let's
look
somewhere else."
0x102088,22,恋のおまじないって…。,,A love charm...
0x1020a0,22,…他のところを探そう。,,"...Let's
look
somewhere else."
0x1020b8,22,…レイカに…襲われた。,,"...Reika...attacked
me."
0x1020d0,22,にらめっこ…しましょ…,,"Let's play...the
staring contest..."
0x1020e8,22,ライト向けてみないか？,,"Why don't we point
the
light at it?"
0x102100,22,キレイだって認めれば…,,"If I just admit
it's beautiful..."
0x102118,22,…他のところを探そう。,,"...Let's
look
somewhere else."
0x102130,22,……もうすぐ夜明けだ。,,"......Dawn's
almost
here."
0x102148,22,……しょうがねえなあ。,,"......Guess there's
no
help for it."
0x102160,22,今日は時間もないしな。,,"There's no time
today
either."
0x102178,22,……もうすぐ夜明けだ。,,"......Dawn's
almost
here."
0x102190,22,……ああ、そうする…。,,"......Yeah, I'll
do
that..."
0x1021a8,22,わかった…じゃあね…。,,Got it...see you...
0x1021c0,22,（真相はわかりません）,,"(The truth was
never
known.)"
0x1021d8,22,今の…校長の霊…なの？,,"That thing
just
now...was
the
principal's
ghost...?"
0x1021f0,22,…他のところを探そう。,,"...Let's
look
somewhere else."
0x102208,22,…なあ、もう出ないか？,,"...Hey, aren't
you
coming out already?"
0x102220,22,まさか…プールの……。,,"Don't tell
me...it's
from the
pool..."
0x102238,22,ホントに呪われてるかも,,"This place might
really be cursed"
0x102250,22,（…閉じこめられた？）,,"(...Did I get
locked
in?)"
0x102268,22,…レイカに…襲われた。,,"...Reika...attacked
me."
0x102280,22,…あの時と…同じだ…。,,"...It's just...like
that
time..."
0x102298,22,（子供の頃流行った…）,,"(It was popular
back
when we were
kids...)"
0x1022b0,22,親友と呼べる友達と…。,,"With a friend I could
call
my best friend..."
0x1022c8,22,（くくっ……くっ……）,,(Heh heh... heh...)
0x1022e0,23,"！？
いま…近くで声が？",,"!?
Just now...a
voice
nearby?"
0x1022f8,23,"！？
いま…近くで声が？",,"!?
Just now...a
voice
nearby?"
0x102310,24,ちょっと話しすぎたかな。,,"I think I talked
too
much."
0x10232c,24,（やっぱり…マサキは…）,,"(I knew
it...Masaki
is...)"
0x102348,24,ううん、でも楽しかった。,,"No, but it was fun."
0x102364,24,（あの手が…マサキ…？）,,"(That hand...was
that
Masaki...?)"
0x102380,24,すぐやめちゃったけどな。,,"Even though I quit
right
away."
0x10239c,24,いいじゃん、歓迎するよ。,,"It's fine,
you're
welcome to join."
0x1023b8,24,やっぱり、何かあったの？,,"So something really
did
happen?"
0x1023d4,24,釣り、野球、スキー……。,,"Fishing,
baseball,
skiing......"
0x1023f0,24,…わたし、覚えてない…。,,"...I
don't
remember..."
0x10240c,24,手を伸ばせば…届きそう。,,"If I reach out
my
hand...it seems like
I
can reach it."
0x102428,24,こういう時は人が多い方が,,"At times like this,
more people are better"
0x102444,24,わたし…覚えてないよ…。,,I...don't remember...
0x102460,24,言いたいことはそれだけ？,,"Is that all you wanted
to
say?"
0x10247c,24,ええっ！知らなかった…。,,"Huh! I didn't
know
that..."
0x102498,24,あのさ、リコなんだけど。,,"Hey, it's about Riko."
0x1024b4,24,夜明けまで、あと少し…。,,"Not much longer
until
dawn..."
0x1024d0,24,交通事故にあわなかった？,,"Weren't you in a
traffic accident?"
0x1024ec,24,存在になってしまった…。,,"It turned into that
kind
of being..."
0x102508,24,百物語は効力を失った…。,,"The hundred stories
lost
their power..."
0x102524,24,ユウタは…そう言ってた。,,"That's...what
Yuuta
said."
0x102540,24,…妙な…気配があるの…。,,"...There's a
strange
presence..."
0x10255c,24,百物語実体化への手助け。,,"A way to
help
materialize the
hundred
stories."
0x102578,24,（でも、調べないと……）,,"(But, I have to look
into
it......)"
0x102594,24,（くっ……ケータイを…）,,"(Ngh......the
phone...)"
0x1025b0,24,もし僕がナナシだったら、,,"If I were Nanashi,"
0x1025cc,24,そうだな。リコらしいや。,,"You're right. So
typical
of Riko."
0x1025e8,24,…にらめっこ、しましょ。,,"...Let's play the
staring
contest."
0x102604,24,ユウタだけプール行くか？,,"Is Yuuta the only
one
going to the pool?"
0x102620,24,でもレイカはナナシだって,,"But they say
Reika is Nanashi"
0x10263c,24,…う……ん………ユウタ？,,...Mm......Yuuta?
0x102658,24,でも、なんでプールなの。,,"But, why the pool."
0x102674,24,（……気味悪い…シミ…）,,"(......A
creepy...
stain...)"
0x102690,24,（水に濡れた…足あと？）,,"(Footprints...wet
with
water?)"
0x1026ac,24,（えっ…レイカの声…！）,,"(Huh...Reika's
voice...!)"
0x1026c8,24,２−１の教室は２階だな。,,"Class 2-1's classroom
is
on the second floor."
0x1026e4,24,（これを上れば…屋上…）,,"(If I climb
this...the
rooftop...)"
0x102700,24,フッ、のんきでいいわね。,,"Heh, must be nice
being
so carefree."
0x10271c,24,…私もそんな気がする…。,,...I think so too...
0x102738,24,お、おい、くくく首つり！,,"H-hey, she...
she
hanged herself!"
0x102754,24,ああ…夜明けに地震が…。,,"Ahh...an earthquake
at
dawn..."
0x102770,24,…ご…ごめんね……リコ…,,"...I'm...sorry......
Riko..."
0x10278c,24,（…どうすればいいの？）,,(...What should I do?)
0x1027a8,24,なんだ、何かあったのか？,,"What's up,
did
something happen?"
0x1027c4,24,そこにナナシがいるはず。,,"Nanashi should
be
there."
0x1027e0,24,レイカ！どこにいるの！？,,Reika! Where are you!?
0x1027fc,24,リコの話になると楽しそう,,"She looks happy
whenever Riko comes up"
0x102818,24,（…まさか…人形…！？）,,"(...Don't tell
me...it's
a doll...!?)"
0x102834,24,（人形に…魂が宿る……）,,"(The soul...takes
up
residence in
the
doll......)"
0x102850,24,和英辞典、百科事典……。,,"A
Japanese-English
dictionary,
an
encyclopedia......"
0x10286c,24,やっぱりリコはここに…。,,"I knew it, Riko really
is
here..."
0x102888,24,それよりナナシのメール。,,"More importantly,
the
message from
Nanashi."
0x1028a4,25,"なに…？
…何がいるの！？",,"What...?
...What's in
there!?"
0x1028c0,25,"レイカ！
いやっ！レイカ！",,"Reika!
No! Reika!"
0x1028dc,26,（ゴーグルを水に落とす…）,,"(Her goggles fell
into
the water...)"
0x1028f8,26,（うそ…なんで…口裂け…）,,"(No way...
why...the
slit-mouthed
woman...)"
0x102914,26,いつも中止になってたんだ。,,"It always ended
up
getting cancelled."
0x102930,26,…いいか…よく聞くんだ…。,,"...Listen
closely...to
what I'm
about to
tell you..."
0x10294c,26,…おまえのせいさ…ミズキ。,,"...It's
your
fault...Mizuki."
0x102968,26,不動産屋めぐりをした時よ。,,"That was when we
went
around checking
real
estate offices."
0x102984,26,番号は１００へのカウント。,,"The number is
the
countdown to 100."
0x1029a0,26,…でも…今度は数が違う…。,,"...But...this time
the
number's
different..."
0x1029bc,26,誰かが借りてるんじゃない？,,"Isn't someone renting
it
out?"
0x1029d8,26,レシピ本……なんじゃない？,,"Isn't it just a
recipe
book......?"
0x1029f4,26,…そのために…わたしを…。,,"...That's
why...to
me..."
0x102a10,26,信じられない…わたしは…。,,"I can't
believe
it...I..."
0x102a2c,26,（なんなの…この気持ち…）,,"(What is
this...this
feeling...)"
0x102a48,26,なんで…地震が起きない…？,,"Why...isn't
the
earthquake
happening...?"
0x102a64,26,じゃあ、誰かに操られて…？,,"So,
someone's
controlling
her...?"
0x102a80,26,例えば、あなたの親友にね。,,"For example, your
best
friend."
0x102a9c,26,…これからは…君一人で…。,,"...From now
on...you're
on your
own..."
0x102ab8,26,終わりよ…百物語なんて…。,,"It's over...this
whole
hundred stories
thing..."
0x102ad4,26,リコはその犠牲になった…、,,"Riko fell victim to it...,"
0x102af0,26,…僕は…都市伝説の闇に…。,,"...I...in the darkness
of
the urban legend..."
0x102b0c,26,“都市伝説百物語”の実行。,,"The execution of
the
Hundred Urban
Legend
Stories."
0x102b28,26,えっ、どうしたんだよ急に。,,"Huh, what's with you
all
of a sudden."
0x102b44,26,ナナシが…見守っている…。,,"Nanashi...is
watching
over us..."
0x102b60,26,うーん、ユウタはどう思う？,,"Hmm, what do
you
think, Yuuta?"
0x102b7c,26,屋上にリコはいなかったろ？,,"Riko wasn't on
the
rooftop, right?"
0x102b98,26,とりあえず、２階はどうだ？,,"For now, how about
the
second floor?"
0x102bb4,26,とりあえず、２階はどうだ？,,"For now, how about
the
second floor?"
0x102bd0,26,落ちてるの、拾えないかな…,,"Maybe I can grab
it lying there..."
0x102bec,26,ちょっと気になるんだよな。,,It's bugging me a little.
0x102c08,26,あいつ、モテるんじゃない？,,"That guy must do
well
with girls, huh?"
0x102c24,26,スポーツや趣味関連の棚ね。,,"The sports and
hobbies
shelf."
0x102c40,26,リコは教室に来なかった…？,,"Riko didn't come to
the
classroom...?"
0x102c5c,26,リコは教室に来なかった…？,,"Riko didn't come to
the
classroom...?"
0x102c78,26,まずいな、時間がないぞ…。,,"This is bad, there's
no
time..."
0x102c94,26,まずいな、時間がないぞ…。,,"This is bad, there's
no
time..."
0x102cb0,26,わたしも入ろうかな、水泳部,,"Maybe I should join
the swim club too"
0x102ccc,26,…人形…？どういうこと…？,,"...A doll...? What
does
that mean...?"
0x102ce8,26,ちょっとおなかの調子が…。,,"My stomach's feeling
a
little off..."
0x102d04,26,ちょっと…だいじょう…ぶ？,,Are you...o-okay?
0x102d20,26,（…大きい…なんの音…？）,,"(...Loud...what
was
that sound...?)"
0x102d3c,26,（…妙に生々しかった……）,,"(...It felt
strangely
real......)"
0x102d58,26,ね、昨日のチェンメ、見た？,,"Hey, did you
see
yesterday's chain
mail?"
0x102d74,26,えっ？だって今、先生と…。,,"Huh? Because right
now,
with the
teacher..."
0x102d90,26,なにやってんだよ、一人で。,,"What are you doing
here
all by yourself."
0x102dac,28,（口裂け…女……そんな……）,,"(The
slit-mouthed
woman......no
way......)"
0x102dcc,28,そんなにプールってやばいの？,,"Is the pool really
that
dangerous?"
0x102dec,28,んじゃ、ちょっと近道しよう。,,"Well, let's take
a
shortcut."
0x102e0c,28,え、リコも水泳部員だったの？,,"Huh, was Riko in
the
swim club too?"
0x102e2c,28,（…リコの…ケータイ……？）,,"(...Riko's...
phone......?)"
0x102e4c,28,俺はあらゆる手段を駆使して、,,"Using every
means
possible,"
0x102e6c,28,水の底に眠る…亡者たちだ…。,,"They're the
dead...
sleeping at the
bottom
of the water..."
0x102e8c,28,……助かる方法は…ないの…。,,"......There's
no
way...to be
saved..."
0x102eac,28,フフッ…夢にまで見た瞬間…。,,"Heh...the moment I
even
dreamed about..."
0x102ecc,28,なにか、手がかりはないの…。,,"Isn't there some kind
of
clue..."
0x102eec,28,…ユウタが言っていたのは…。,,"...What Yuuta
was
saying was..."
0x102f0c,28,（地面に叩きつけられる瞬間）,,"(The instant it
slams
into the ground)"
0x102f2c,28,時間もないし、好きにしたら。,,"There's no time,
do
whatever you want."
0x102f4c,28,まあ、リコは元水泳部だけど。,,"Well, Riko used to be
in
the swim club."
0x102f6c,28,（えっ…まさか…レイカ！？）,,"(Huh...don't
tell
me...Reika!?)"
0x102f8c,28,おまじないって、どうすれば…,,"How do you even
do the charm..."
0x102fac,28,（ここにリコはいなかった…）,,(Riko wasn't here...)
0x102fcc,28,レイカ…どこにもいないね…。,,"Reika...isn't
anywhere
around..."
0x102fec,28,レイカ…どこにもいないね…。,,"Reika...isn't
anywhere
around..."
0x10300c,28,（このゴーグルを使って……）,,"(Using
these
goggles......)"
0x10302c,28,（結局見つかりませんでした）,,"(In the end, they
never
found her.)"
0x10304c,28,そうね…リコを探さないと…。,,"You're right...we
have
to find Riko..."
0x10306c,28,（マサキを見捨てられない…）,,"(I can't just
abandon
Masaki...)"
0x10308c,28,（この個室だけ閉まってる…）,,"(Only this stall
is
locked...)"
0x1030ac,28,（ドアのノック…これって…）,,"(Knocking on
the
door...this is...)"
0x1030cc,28,あ、男子の更衣室だけ開くよ。,,"Ah, only the
boys'
changing room
opens."
0x1030ec,28,…なんで、わたしばっかり…。,,"...Why...is it
always
me..."
0x10310c,29,"レイカ！いるの！？
レイカ！！",,"Reika! Are you
there!?
Reika!!"
0x10312c,29,"プール？
まあ、水場だしな…。",,"The pool?
Well, it is a
place with
water..."
0x10314c,29,"あ、おい！
…………あたた…。",,"Ah, hey!
......Ow,
ow..."
0x10316c,30,（…ミズキとも友達でいたい…）,,"(...I want to
stay
friends with
Mizuki
too...)"
0x10318c,30,（…あいつを取られたくない…）,,"(...I don't want
him
taken away from
me...)"
0x1031ac,30,（あった…マサキの…ロッカー）,,"(Here it
is...Masaki's...
locker)"
0x1031cc,30,リコもおんなじこと言ってた…。,,"Riko used to say
the
same thing too..."
0x1031ec,30,ポマード！ポマード！ポマード！,,"Pomade!
Pomade!
Pomade!"
0x10320c,30,写真撮ったら、たたられそう…。,,"If I take a photo of
it,
it'll probably curse
me..."
0x10322c,30,俺…小学生の時…この交差点で、,,"When I was
in
elementary
school...at
this
intersection,"
0x10324c,30,それってドリームパークのこと？,,"Is that about
Dream
Park?"
0x10326c,30,（どうしちゃったの…わたし…）,,"(What's happening
to
me...)"
0x10328c,30,あとは…どうやって近づくか…。,,"All that's left...is
how
to get close..."
0x1032ac,30,ああ、おかげでついに実現する。,,"Ah, thanks to that,
it's
finally about to
come
true."
0x1032cc,30,その時……君と出会ったんだ…。,,"At that
moment......I
met you..."
0x1032ec,30,そんな単純な話じゃないでしょ。,,"It's not that simple
a
story, is it."
0x10330c,30,俺は、ユウタを信じてるからな。,,I trust Yuuta.
0x10332c,30,その点はレイカと考えは同じだ。,,"On that point, I think
the
same as Reika."
0x10334c,30,（…今なら、まだ間に合う…？）,,"(...If it's now, I can
still
make it in
time...?)"
0x10336c,30,でも、わたし、ナナシのメールは,,"But, I,
Nanashi's
messages"
0x10338c,30,（あれは…正夢…だったの…？）,,"(That...was it
a
prophetic dream...?)"
0x1033ac,30,（…ナナシ…が…見守ってる…）,,"(...Nanashi...is
watching
over us...)"
0x1033cc,30,ね、ねえ、今はリコのことが…。,,"Hey, hey, right now
what
matters is Riko..."
0x1033ec,30,じゃ、俺たちは教室に行くから、,,"Well, we're heading
to
the classroom,"
0x10340c,30,プールでおまじないをしたら…。,,"If we do the charm
at
the pool..."
0x10342c,30,プールかトイレ、どっちなんだ。,,"The pool or
the
bathroom, which is
it?"
0x10344c,30,ＯＫ、俺たちはトイレを調べる。,,"OK, we'll check
the
bathroom."
0x10346c,30,仕方ない。他のところを探そう。,,"No choice.
Let's look
somewhere
else."
0x10348c,30,この前も告られたって言ってた。,,"She said
someone
confessed to
her before
too."
0x1034ac,30,（“ナナシ”からのメールが…）,,"(A message
from
Nanashi...)"
0x1034cc,30,（えっ…急に真剣なまなざし…）,,"(Huh...suddenly such
a
serious look...)"
0x1034ec,30,このポスター、目が光ってる…。,,"On this poster, the
eyes
are glowing..."
0x10350c,30,それくらいの時間はあるはずだ。,,"There should be
enough
time for that."
0x10352c,30,新校舎内を片っ端から探すんだ！,,"Let's search the
whole
new building, one
place
at a time!"
0x10354c,30,ええ、リコを探すのが先だから。,,"Yeah, because
finding
Riko comes first."
0x10356c,30,レイカ！いるなら返事してくれ！,,"Reika! If you're
there,
answer me!"
0x10358c,30,…水に…かえろう…よぉぉぉ…。,,"...Let's go...back
to
the
water...ohhhh..."
0x1035ac,30,（入って調べるしか、ないか…）,,"(There's nothing left
to
do but go in
and
check...)"
0x1035cc,30,レイカ、先に２階を調べようぜ。,,"Reika, let's check
the
second floor first."
0x1035ec,30,じゃ、あのコがナナシってこと？,,"So, that girl is
Nanashi?"
0x10360c,30,メールのこと…生徒から聞いた。,,"About the
messages...I
heard it
from a student."
0x10362c,30,…わたし、最近…不安なんです。,,"...I've
been...feeling
uneasy
lately."
0x10364c,30,自分がナナシじゃないかって…。,,"That maybe I myself
am
Nanashi..."
0x10366c,30,（なんか…様子が…おかしい…）,,"(Something...
feels...off...)"
0x10368c,30,両手で首をしめられたからな…。,,"Because
someone
squeezed my
neck with
both
hands..."
0x1036ac,30,ちょっと貸して、調べてみる…。,,"Let me borrow it for
a
sec, I'll check it
out..."
0x1036cc,30,（あの時の…ユウタと同じだ…）,,"(It's just...like
that
time with
Yuuta...)"
0x1036ec,30,（あの時、ユウタは言ってた…）,,"(At that time,
Yuuta
was saying...)"
0x10370c,32,（きっと…あたしの方がかわいい）,,(I'm sure...I'm cuter)
0x103730,32,結局、自分を励ますためのもの…。,,"In the end, it was just
to
cheer myself up..."
0x103754,32,夢にまで見た“東京大地震”が…。,,"The Great
Tokyo
Earthquake I'd
even
dreamed about..."
0x103778,32,俺もはっきり思い出せないけどな。,,"I can't remember it
that
clearly either."
0x10379c,32,あ、お母さん、仕事中にごめんね。,,"Oh, Mom, sorry
to
bother you at work."
0x1037c0,32,…あなたが…リコのケータイを…。,,"...You...had
Riko's
phone..."
0x1037e4,32,駅前の路地って迷路みたいでしょ。,,"The alleys in front of
the
station are like a
maze,
right?"
0x103808,32,でも、ひどいケガだったんでしょ。,,"But it was a
serious
injury, wasn't
it?"
0x10382c,32,ね、わたしに何か隠し事してない？,,"Hey, aren't you
hiding
something from
me?"
0x103850,32,（教室……特になにもないみたい）,,"(The
classroom......
doesn't
seem to be
anything
special)"
0x103874,32,霊界のナナシと…交信したんだ…。,,"I made
contact...with
the
Nanashi from the
spirit
world..."
0x103898,32,（教室……特になにもないみたい）,,"(The
classroom......
doesn't
seem to be
anything
special)"
0x1038bc,32,（教室……特になにもないみたい）,,"(The
classroom......
doesn't
seem to be
anything
special)"
0x1038e0,32,（教室……特になにもないみたい）,,"(The
classroom......
doesn't
seem to be
anything
special)"
0x103904,32,でも結局、犯人はわからなかった。,,"But in the end,
they
never found out
who did
it."
0x103928,32,（教室……特になにもないみたい）,,"(The
classroom......
doesn't
seem to be
anything
special)"
0x10394c,32,なんかね、不穏な空気を感じるの。,,"I feel like there's
an
unsettling
atmosphere."
0x103970,32,“にらめっこ”のやり方がある…。,,"There's a way to do
the
staring contest..."
0x103994,32,おそらく…ナナシの最終目的は…、,,"Probably...Nanashi's
ultimate
goal is...,"
0x1039b8,32,（あいつのこと、好きだったの？）,,(Did you like him?)
0x1039dc,32,こんなおいしい情報を教えるかい？,,"You think I'd hand
over
juicy info like that
just
like that?"
0x103a00,32,…その情報だって本当かどうか…。,,"...I don't even know
if
that information
is
true..."
0x103a24,32,あと１通で…百物語が完成する…。,,"With one
more
message...the
hundred
stories will
be
complete..."
0x103a48,32,（ただのウワサ…当たるわけない）,,"(It's just a
rumor...
there's no
way it's true)"
0x103a6c,32,（天国をイメージするものって…）,,"(Something
that
represents
heaven...)"
0x103a90,32,（ポスターが…はがれかかってる）,,"(The
poster...is
peeling off)"
0x103ab4,32,もっと身近な場所じゃないかしら。,,"Isn't it somewhere
closer
to home?"
0x103ad8,32,（そのまま入院してしまいました）,,"(And so she ended
up
hospitalized.)"
0x103afc,32,リコの好きな相手って誰なんだろ。,,"I wonder who the guy
is
that Riko likes?"
0x103b20,32,（でも…ちょっと様子が…ヘン…）,,"(But...something
feels...off...)"
0x103b44,32,プッ…あははは、バカじゃないの。,,"Pfft...hahaha,
you're
such an idiot."
0x103b68,32,落ち着いて…ちゃんと調べないと。,,"Calm down...we need
to
properly investigate."
0x103b8c,32,よし、片っ端から調べてみようぜ。,,"Alright, let's
check
everything, one
by one."
0x103bb0,32,まだ他も探さなきゃいけないだろ。,,"We still have
other
places to search,
don't
we?"
0x103bd4,32,今入ると、ちょっとやばいかも…。,,"If we go in now, it
could
be dangerous..."
0x103bf8,32,でもまた鍵がかかってるんじゃ…。,,"But it's probably
locked
again..."
0x103c1c,32,（結局、地震は起きませんでした）,,"(In the end,
the
earthquake
never
happened.)"
0x103c40,32,地縛霊っていうより、守護霊ね…。,,"More than an
earthbound
spirit, it's
a guardian
spirit..."
0x103c64,32,（プラスチック…の……足音…？）,,"(Footsteps...made
of
plastic...?)"
0x103c88,32,（マサキのロッカーが開いている）,,"(Masaki's locker
is
open)"
0x103cac,32,いつもアドバイスしてくれたのに。,,"And to think he
always
gave me advice."
0x103cd0,32,チェーンメールのことを思い出せ。,,"Remember the
chain
mail."
0x103cf4,33,"うん。
なんか優しく励まされた…。",,"Yeah.
He cheered me up
so
gently somehow..."
0x103d18,33,"（はっ…！
　人形が…消えた…？）",,"(Ah...!
The
doll...
disappeared...?)"
0x103d3c,35,"水場はもともと霊を呼び
やすいんだ。",,"Places with
water
naturally attract
spirits
easily."
0x103d60,35,"この広さだし…今は何が起きても
…。",,"With a place this big,
I
wouldn't be surprised
by
anything now..."
0x103d84,35,"あいつ、けっこう平泳ぎ
速いんだぞ。",,"He's actually pretty
fast
at breaststroke."
0x103da8,35,"なあ、これのどこが家庭料理
なんだ？",,"Hey, what part of this
is
home cooking?"
0x103dcc,35,"その子は救急車で
運ばれていった…。",,"That girl got taken
away
in an
ambulance..."
0x103df0,35,"たしか…
そんな名前だったような…。",,"I think...it was a
name
like that..."
0x103e14,35,"ハヤカワミズキの素性を
突き止めた。",,"I found out
who
Hayakawa Mizuki
really
is."
0x103e38,35,"あいつ、
まだ帰宅してないんだって。",,"They say he still
hasn't
come home."
0x103e5c,35,"リコがマサキのこと…
好きなんて…。",,"That
Riko...likes
Masaki..."
0x103e80,35,"…じゃあ、交差点で見た
少年って…。",,"...Then, the boy I
saw
at the
intersection..."
0x103ea4,35,"まあ、ミズキが疑われるくらい
なら、",,"Well, if that's enough
to
get Mizuki
suspected,"
0x103ec8,35,"俺がナナシってことでも
いいけどな。",,"It'd be fine even if
they
said I was Nanashi."
0x103eec,35,"親父の会社、通信メーカーだから
ね。",,"That's because my
old
man's company is
a
telecom
manufacturer."
0x103f10,35,"そのうち化けの皮をはがして
あげる。",,"I'm going to rip off
her
mask soon."
0x103f34,35,"ユウタが来るなら、来なかった
のに。",,"If I'd known Yuuta
was
coming, I wouldn't
have
come."
0x103f58,35,"どうやら…その時が来た
みたいだ…。",,"Looks like...the
moment
has finally
come..."
0x103f7c,35,"そう。
その証拠にチェーンメールは、",,"That's right.
As proof
of that, the
chain mail,"
0x103fa0,35,"じゃあ、わたしがしてきた
ことは…。",,"Then, what I've
been
doing this
whole
time..."
0x103fc4,35,"たぶん、その頃に届いた
メールが…。",,"The message
that
arrived around
that
time, probably..."
0x103fe8,35,"でも…そんなことは珍しく
ないんだ。",,"But...that's not
so
unusual..."
0x10400c,35,"僕は最初からプールだと
思っていた。",,"I thought it was the
pool
from the very
start."
0x104030,35,"レイカ…！
まさか…レイカがナナシ！",,"Reika...!
No
way...Reika
is
Nanashi!"
0x104054,35,"そういえば…ナナシの
チェンメにも。",,"Now that I think
about
it...it was in
Nanashi's
chain mail
too."
0x104078,35,"なあ、ちょっと中、
覗いてみないか？",,"Hey, don't you want
to
take a peek inside?"
0x10409c,35,"トイレに行った方が
いいんじゃない？",,"Wouldn't it be better
to
go to the bathroom?"
0x1040c0,35,"やめろ…何が起きるか
わかんないぞ。",,"Stop...there's no
telling
what could
happen."
0x1040e4,37,"レイカに襲われた時…
ついたのかな…。",,"Maybe I got
it...when
Reika
attacked me..."
0x10410c,37,"“呪いの交差点”って
言われてるんだ。",,"They call it the
cursed
intersection."
0x104134,37,"…わたしより…リコの方が
お似合い…。",,"...Riko
suits
him...better
than
me..."
0x10415c,37,"だったら、おまえも同じ顔に
してやる！",,"Then I'll give you
the
same face!"
0x104184,37,"…遊園地って、
ドリームパークのこと？",,"...The
amusement
park, you
mean Dream
Park?"
0x1041ac,37,"ひょっとして…
大きな木のある交差点？",,"Could it
be...the
intersection
with the big
tree?"
0x1041d4,37,"救急車に運ばれている
最中だったのよ。",,"She was being carried
in
the ambulance at
that
exact moment."
0x1041fc,37,"でも、どうしたの？
急にそんなこと…。",,"But, what's
wrong?
Asking
something like
that all of
a sudden..."
0x104224,37,"…そろそろ気づくと
思っていたけど…。",,"...I figured
you'd
notice pretty
soon..."
0x10424c,37,"あ、その話じゃないの…？
あちゃ……。",,"Oh, that's not what
this
was
about...?
Oops......"
0x104274,37,"ごめん、携帯にキャッチ
入っちゃった。",,"Sorry, I've got
another
call coming in."
0x10429c,37,"都市伝説が最高の形で実体化
するんだ！",,"The urban legend
is
about to materialize
in
its finest form!"
0x1042c4,37,"ただの夜遊びなら、
いいんだけどな…。",,"If it were just
about
sneaking out at
night, it
wouldn't be a
problem..."
0x1042ec,37,"なんか…今回はいやな予感が
するんだ。",,"I've got a bad
feeling
about this
one..."
0x104314,37,"ま、あのバカのことも多少
心配だしね。",,"Well, I'm a
little
worried about that
idiot
too."
0x10433c,37,"最近、ナナシからの
チェーンメールに、",,"Lately, in
Nanashi's
chain mail,"
0x104364,37,"霊的な力が宿ってきている気が
するの。",,"I feel like a
spiritual
power is
starting to take
hold in
it."
0x10438c,37,"それじゃ、
他の奴らの噂話と同じだろ。",,"Then,
it's the same
as
everyone else's
rumors."
0x1043b4,37,"その時もユウタが犯人だって
疑われた。",,"That time too, Yuuta
got
suspected of being
the
culprit."
0x1043dc,37,"…ユウタ？
ユウタはナナシじゃないよ。",,"...Yuuta?
Yuuta isn't
Nanashi."
0x104404,37,"仮に本物のナナシじゃないと
しても…。",,"Even if he's not the
real
Nanashi..."
0x10442c,37,"…勝てば…必ず質問に
答えてくれる…。",,"...If I
win...he'll
definitely
answer my
question..."
0x104454,37,"何か大事なことを隠してる…
気がする。",,"I feel like he's
hiding
something
important..."
0x10447c,37,"ふ…ふざけんな！
あと一歩だったのに！",,"D-don't screw
with
me!
I was one step
away!"
0x1044a4,37,"おびただしい数の人間に
広まっている。",,"It's spread among
an
enormous number
of
people."
0x1044cc,37,"届いている最後のメールは、
９８通目。",,"The last message
that
came in is number
98."
0x1044f4,37,"だからリコが無事な可能性は
十分ある。",,"So there's a
good
chance Riko is
safe."
0x10451c,37,"（違う未来が
　あったのでしょうか？）",,"(Would there have
been
a different
future?)"
0x104544,37,"じゃあ、ユウタと…わたしは
プールで。",,"So, Yuuta and...me
at
the pool."
0x10456c,37,"レイカって名前、“霊感”の
ダジャレ？",,"Is the name Reika a
pun
on spiritual power?"
0x104594,37,"２階には教室のほかに、
何があったけ？",,"Besides the
classrooms,
what else
was on the
second
floor?"
0x1045bc,37,"じゃあ、この赤い液体は…
錆びた水…？",,"So, this red liquid...
is
rusty water...?"
0x1045e4,37,"都市伝説の真実って、
こんなものね…。",,"So this is the
truth
behind the
urban
legend..."
0x10460c,37,"まずはリコの教室に
行ってみましょう。",,"Let's go to
Riko's
classroom first."
0x104634,37,"とにかく…地震なら…ここは
危険だ…。",,"Anyway... if it's
an
earthquake...
it's
dangerous here..."
0x10465c,37,"…それに、俺、今図書室に
入るのは…。",,"...Besides, right
now,
for me to go into
the
library..."
0x104684,37,"ところでさ、ジバクレイ…って
なんだ？",,"By the way, what's
an
earthbound
spirit
anyway?"
0x1046ac,37,"トイレに行きたくなるって話
知らない？",,"Don't you know
that
story about
suddenly
needing to go
to the
bathroom?"
0x1046d4,37,"もっとあなたに
ふさわしい人がいるわ。",,"There's someone
more
suited to you."
0x1046fc,37,"あ……プールの底に…
何か落ちてる…。",,"Ah...at the bottom
of
the
pool...something
fell in
there..."
0x104724,37,"ホントにリコはここで
おまじないを…？",,"Did Riko really do
the
charm here...?"
0x10474c,37,"おまじないって、どうするん
だっけ…。",,"How did you do
the
charm again..."
0x104774,39,"……本格的なサバイバル指南本
なのね…。",,"......It's a
real
survival
guide,
isn't it..."
0x10479c,39,"ああ、この辺じゃ
有名な心霊スポットさ。",,"Ah, it's a
famous
haunted spot
around
here."
0x1047c4,39,"わたし、この交差点に…
来たことある…。",,"I...I've been to
this
intersection
before..."
0x1047ec,39,"小学生の頃…
ここで交通事故にあった…。",,"When I was
in
elementary
school...I
was in an
accident
here..."
0x104814,39,"だが何度やっても、うまく
いかなかった。",,"But no matter how
many
times I tried, it
never
worked."
0x10483c,39,"その帰り道、あなた、
迷子になったのよ。",,"On the way back,
you
got lost."
0x104864,39,"そうなの？
…うちには来ていないけど…。",,"Really?
...But he
hasn't come
home..."
0x10488c,39,"…レイカ…。よかった。
来てくれたんだ。",,"...Reika...thank
goodness.
You came."
0x1048b4,39,"…僕は…うろたえながら…
すでに書いた、",,"...I, all
flustered...
had
already written,"
0x1048dc,39,"一度チェンメの発信源を調べて
みたんだ。",,"I tried once to look
into
where the chain
mail
came from."
0x104904,39,"…どうしても僕を犯人にしたい
ようだね。",,"...Seems like
they
really want to pin
this
on me no matter
what."
0x10492c,39,"今から俺たちだけでも転送を
やめれば…。",,"If at least we
stopped
forwarding it
from now
on..."
0x104954,39,"（メール？
　っ……まさか……ナナシ！）",,"(A message?
...No
way...
Nanashi!)"
0x10497c,39,"ね、時間もないから、二手に
分かれない？",,"Hey, since there's
no
time, why don't we
split
into two groups?"
0x1049a4,39,"あいつ、トイレで急に
おかしくなって…。",,"He suddenly
started
acting weird in
the
bathroom..."
0x1049cc,39,"ね、１００通目のチェーンメール、
見た？",,"Hey, did you see
the
100th chain
mail
message?"
0x1049f4,39,"あいつが教室にいるとは
思えないけどな。",,"I don't think that
guy
would be in
the
classroom."
0x104a1c,39,"そうだな…今はリコを探すことが
先だな。",,"You're
right...right
now
finding Riko comes
first."
0x104a44,39,"ほら、リコがいるかもしれない
じゃない？",,"Look, Riko might be
in
there, don't you
think?"
0x104a6c,39,"（わたしたちはレイカを
　探しましたが）",,"(We searched for
Reika,
but)"
0x104a94,39,"土地や建物に縛られて
成仏できない霊よ。",,"It's a spirit bound to
a
piece of land or
building
that can't rest
in peace."
0x104abc,39,"（それもどこまでホントだった
　のか…）",,"(How much of that
was
even true, I
wonder...)"
0x104ae4,39,"知らないわよ。
それよりトイレ行ったら？",,"I don't
know.
Shouldn't you go
to the
bathroom
instead?"
0x104b0c,39,"あいつ、トイレで急に
おかしくなって…。",,"He suddenly
started
acting weird in
the
bathroom..."
0x104b34,39,"ハヤカワミズキってさ、
二組のコでしょ。",,"Hayakawa Mizuki is
in
class 2, right?"
0x104b5c,39,"とりあえず、プールの方を
調べてみよう。",,"For now, let's check
the
pool."
0x104b84,41,"夜のプールは何もしなくたって
怖いけどな。",,"The pool at night
is
creepy enough even
if
nothing happens."
0x104bb0,41,"足を引っ張られるとか、
ウワサはあるけど。",,"There are rumors
about
something
grabbing your
foot,
but..."
0x104bdc,41,"また部活に顔出さないかなあ、
リコのやつ。",,"I hope Riko shows
her
face at club again."
0x104c08,41,"そうなのか？
ま、似たもの同士なんだろな。",,"Really?
Well, they're
probably
two of a kind."
0x104c34,41,"ここに来てから…なんだか気分が
悪くて…。",,"Ever since I
got
here...I've been
feeling
sick somehow..."
0x104c60,41,"ああ、この辺り…
昔から交通事故が多くて、",,"Ah, around
this
area...there've
always
been a lot of
traffic
accidents, and"
0x104c8c,41,"…きれい…よ……リコ……すごく
キレイ…。",,"You're...
pretty...Riko...
really
pretty..."
0x104cb8,41,"深夜に通ると、人のうめき声が
聞こえたり、",,"If you pass through
late
at night, you can
hear
people moaning,
or"
0x104ce4,41,"（…呪文があったはず………、
　たしか…）",,"(...There should be
an
incantation...
probably...)"
0x104d10,41,"それ以来、俺は奇跡を信じる
ようになった。",,"Ever since then,
I
started believing
in
miracles."
0x104d3c,41,"みるみる回復して
…ケガが治っちゃったの。",,"She recovered
fast...
and her injury
healed
right up."
0x104d68,41,"お母さんね、
今つきあっている人がいるの。",,"Mom, you know,
I'm
seeing someone
right
now."
0x104d94,41,"とにかくナナシに真意を聞きたい
ところね。",,"Anyway, I'd like to
ask
Nanashi what his
real
intentions are."
0x104dc0,41,"発信場所も地方とか海外とか
バラバラで…。",,"And the
sending
locations are all
over the
place,
different regions,
even
overseas..."
0x104dec,41,"今時偽装なんて、いくらでも
できるでしょ。",,"Faking that kind of
thing
is easy these
days."
0x104e18,41,"…８４通目のチェーンメールを
見るんだ…。",,"...Look at the
84th
chain mail
message..."
0x104e44,41,"出来たら、１００通目のチェーン
メールは、",,"If possible, the
100th
chain mail
message,"
0x104e70,41,"“チェーンメールの墓場”に
捨ててるけど。",,"I throw it into the
chain
mail graveyard."
0x104e9c,41,"やっぱり、わたしも…プールに
行ってみる。",,"In the end, I'm going
to
go to the pool too..."
0x104ec8,41,"（ホントにそうなの…？
　冷静に考えて…）",,"(Is that really
true...?
Think
calmly...)"
0x104ef4,41,"うん…私も途中で気を
失っちゃったけど…。",,"Yeah...even though
I
passed out
partway
through too..."
0x104f20,41,"そうね。それじゃあ、まずはどこを
調べる？",,"You're right. So,
where
should we
start
searching?"
0x104f4c,41,"そうね。それじゃあ、まずはどこを
調べる？",,"You're right. So,
where
should we
start
searching?"
0x104f78,41,"家庭科室にも、面白いウワサが
あったよな。",,"There was an
interesting
rumor about
the home
ec room too."
0x104fa4,41,"こういうのが都市伝説に
なっていくのね…。",,"This is exactly
how
urban legends
get
formed..."
0x104fd0,41,"トイレに行きたくなるってウワサ
知らない？",,"Don't you know
the
rumor about
suddenly
needing to go
to the
bathroom?"
0x104ffc,41,"ほら、一年の先生で
ハセガワユカリって…。",,"Look, there's a
first-year
teacher
named
Hasegawa
Yukari..."
0x105028,41,"（ナナカたちは
　そうウワサしてたけど…）",,"(That's what
Nanaka
and the others
were
saying...)"
0x105054,43,"…１００通目の都市伝説が実体化
されるな…。",,"...The 100th message
is
going to materialize
the
urban legend..."
0x105080,43,"道路にせり出したこの木の
タタリだろうって、",,"They say it's the
curse
of this tree jutting
out
over the road,"
0x1050ac,43,"でも昔から何度も
切り倒す計画があったけど、",,"But there've
been
several plans over
the
years to cut it
down,"
0x1050d8,43,"車にはねられた女の子を
見た覚えがあるんだ。",,"I remember seeing a
girl
get hit by a car."
0x105104,43,"はねられそう…になった…？
事故じゃないの？",,"Almost got hit...?
Not
an accident?"
0x105130,43,"協力するつもりはなかったけど、
今回は特別。",,"I wasn't planning
to
cooperate, but this
time
is special."
0x10515c,43,"１００通目のチェーンメールを
無力化した…。",,"I neutralized the
100th
chain mail
message..."
0x105188,43,"…僕も…新たなナナシの正体を
探るために…、",,"...I too...to find
out
who the new
Nanashi
really is...,"
0x1051b4,43,"１００通目に向けて、徐々に
力をつけている。",,"It's gradually
gaining
strength as it
builds
toward the
100th
message."
0x1051e0,43,"僕が子供の頃流行ったウワサを
話しただけさ。",,"I just told a rumor
that
was popular when I
was
a kid."
0x10520c,43,"トイレに捨てられた人形に
タマシイが宿る…。",,"A soul takes
up
residence in a
doll
thrown away in
the
bathroom..."
0x105238,43,"リコが最後に目撃されたのが…
新校舎の屋上。",,"The last time
anyone
saw Riko
was...on the
rooftop of
the new
building."
0x105264,43,"（ユウタがわたしを助けてくれた
　ように…）",,"(Just like Yuuta
helped
me...)"
0x105290,43,"（そうか…“テン…ゴク…”
　……天国ね！）",,"(I
see...
Ten...goku...
...Heaven!)"
0x1052bc,43,"時間も無いし、探す場所をしぼって
行こうぜ。",,"There's no time, so
let's
narrow down
where we
search."
0x1052e8,43,"時間も無いし、探す場所をしぼって
行こうぜ。",,"There's no time, so
let's
narrow down
where we
search."
0x105314,43,"（一命を取りとめたものの、
　重傷を負い…）",,"(Although her life
was
saved, she was
left
severely
injured...)"
0x105340,43,"意外とお似合いでしょ、
ミズキには悪いけど。",,"They actually make
a
good pair, sorry to
say
for Mizuki."
0x10536c,43,"あいつとは幼なじみだし、なんか
妹みたいな。",,"We're childhood
friends,
she's kind of
like a little
sister to me."
0x105398,43,"（マサキ……。
　とにかく男子トイレへ……）",,"(Masaki......
Anyway,
to the
boys'
bathroom......)"
0x1053c4,43,"（マサキ……。
　とにかく男子トイレへ……）",,"(Masaki......
Anyway,
to the
boys'
bathroom......)"
0x1053f0,43,"（マサキ……。
　とにかく男子トイレへ……）",,"(Masaki......
Anyway,
to the
boys'
bathroom......)"
0x10541c,43,"ハセガワユカリ……。
……聞いたことないな。",,"Hasegawa
Yukari......
......Never
heard that
name
before."
0x105448,45,"その手のプールネタはリコの方が
くわしいかな。",,"Riko probably
knows
more about that
kind of
pool story."
0x105478,45,"この木に詰まってるんだろうって
言ってたけど。",,"They said it was
stuck
inside this tree."
0x1054a8,45,"ミズキ…本物の“ナナシ”と…
交信するんだ…。",,"Mizuki...I'm going
to
make contact...with
the
real Nanashi..."
0x1054d8,45,"いよいよ夜明けと共に、東京で
大地震が起きる！",,"At last, with the
dawn,
the great
Tokyo
earthquake is
going to
happen!"
0x105508,45,"…僕だって…小学生の頃、ナナシ
だったから…。",,"...I too...was
Nanashi
back in
elementary
school..."
0x105538,45,"ウワサを限りなくリアルに実体化
するような力。",,"A power
that
materializes rumors
in
an incredibly
realistic
way."
0x105568,45,"ちょっと変わってるけど、
根はいい奴なんだよ。",,"He's a little weird,
but
he's a good guy at
heart."
0x105598,45,"マサキ、あなたは親友のこと、
どう思ってるの？",,"Masaki, what do
you
really think of your
best
friend?"
0x1055c8,45,"…リコをはじめ、都市伝説の
呪いを解くには…、",,"...To undo the curse
of
the urban
legend,
starting with
Riko...,"
0x1055f8,45,"この中の誰もがナナシの可能性が
あるんだから。",,"Because any one of
us
could be Nanashi."
0x105628,45,"ここ数日、桐塚に漂う不穏な
空気に似てる……。",,"It's similar to
the
unsettling
atmosphere
that's been
hanging over
Kirizuka
these past
few
days......"
0x105658,45,"だから…いつもメールの最後に
数字があるんだ。",,"That's
why...there's
always a
number at the
end of
the message."
0x105688,45,"なあ、何とか百物語を止める方法は
ないのかよ。",,"Hey, isn't there
some
way to stop the
hundred
stories?"
0x1056b8,45,"（道路マップに、運転免許の
　参考書……って）",,"(A road map, a
driving
test study
guide......)"
0x1056e8,45,"ひょっとして…教室じゃ…
洗面器とか使って…。",,"I wonder if...in
the
classroom...they
used a
wash basin
or
something..."
0x105718,45,"（もし、にらめっこに成功して
　いたとしたら）",,"(If I had managed to
win
the staring contest)"
0x105748,45,"（…床に水が……。
　どこから…もれてるの？）",,"(...There's water
on
the
floor......
Where's
it...leaking
from...?)"
0x105778,45,"…な、レイカに前から
聞きたかったんだけど…。",,"...Hey,
there's
something I've
wanted to
ask you for a
while,
Reika..."
0x1057a8,45,"意味不明なことをしゃべり出した
と思ったら…、",,"Just when I thought
she
was starting to
say
nonsense...,"
0x1057d8,45,"とにかく、プールをくまなく
調べてみましょう。",,"Anyway, let's search
the
pool thoroughly."
0x105808,45,"なんか…プールが怪しいような…
気がしてきた。",,"I'm starting to feel
like
the pool
is
suspicious..."
0x105838,45,"なんかさっきから…急におなかが
痛くなって…。",,"For a while
now...my
stomach
suddenly
started
hurting a lot..."
0x105868,45,"（…ユウタの言っていた…都市伝説
　百物語…）",,"(...What Yuuta
was
talking
about...the
hundred
urban
legend
stories...)"
0x105898,45,"あのコが来てからチェンメが
広まったんだよね。",,"Ever since that
girl
showed up, the
chain
mail spread
around."
0x1058c8,45,"意味不明なことをしゃべり出した
と思ったら…。",,"Just when I thought
she
was starting to
say
nonsense...,"
0x1058f8,45,"記憶が飛んだり、
悪夢をよく見たりするんです。",,"Sometimes I lose
my
memory, and I
have
nightmares often."
0x105928,45,"あなたを追いつめなきゃいけない、
…何かが…。",,"Something...has to
be
driving you into
a
corner..."
0x105958,45,"（マサキとミズキが
　こっそりつき合ってる…）",,"(Masaki and Mizuki
are
secretly dating...)"
0x105988,45,"（都市伝説の闇に…深入り
　しすぎた…って…）",,"(That I got in
too
deep...into
the
darkness of the
urban
legend...)"
0x1059b8,47,"何も起きなくたって、自分の顔が
見えるんだよね？",,"Even if nothing
happens,
you can see
your own
face, right?"
0x1059e8,47,"なんかさ、泳いで何もかもパアッと
忘れたい気分。",,"I feel like swimming
and
forgetting
everything all
at once."
0x105a18,47,"やっぱ、やめた。
マサキに水着見られたくないし。",,"Actually, never mind.
I
don't want
Masaki
seeing me in a
swimsuit."
0x105a48,47,"（たしか…キレイだって認めると
　助かるって…）",,"(I think...if you
admit
it's beautiful,
you're
saved...)"
0x105a78,47,"その時、倒れたわたしを見ている
男の子もいた…。",,"At that moment,
there
was also a boy
watching
me lying on
the
ground..."
0x105aa8,47,"うん……ちょっと聞きたいことが
あるんだけど…。",,"Yeah......there's
something
I wanted to
ask you..."
0x105ad8,47,"（遊園地…じゃあ、あの子は…
　わたし…なの？）",,"(The
amusement
park...so,
that
girl
was...me...?)"
0x105b08,47,"でも救急車に乗っている間に、
なぜかあなたの体が",,"But while you were
in
the ambulance, for
some
reason your body"
0x105b38,47,"これも俺がナナシになるための
…運命の導きだな。",,"This too
is...fate
guiding me
toward
becoming
Nanashi."
0x105b68,47,"やっぱりナナシの正体を
突き止めないとダメなの？",,"So we really do have
to
find out who
Nanashi
really is, no
matter
what?"
0x105b98,47,"発信源のナナシの正体を…
突き止めるしかない…。",,"There's nothing left
to
do but find
out...who
the source,
Nanashi,
really is..."
0x105bc8,47,"なあ、ユウタ、この際、はっきり
否定した方が…。",,"Hey, Yuuta, since
we're
here, wouldn't it
be
better to just deny
it
clearly..."
0x105bf8,47,"ね、レイカはどうしてユウタが
ナナシだと思うの？",,"Hey, why do you
think
Yuuta is
Nanashi,
Reika?"
0x105c28,47,"（これが１００通目のチェーン
　メール…………）",,"(This is the 100th
chain
mail
message.........)"
0x105c58,47,"（男子トイレ……。
　さすがに入りたくないな…）",,"(The
boys'
bathroom......
Honestly
I don't want to
go
in...)"
0x105c88,47,"すでにナナシのチェンメは
リアルなウワサとして、",,"Nanashi's chain mail
has
already spread as a
real
rumor,"
0x105cb8,47,"百物語を阻止するには…ナナシの
正体を暴くこと。",,"To stop the
hundred
stories...we
have to
expose who
Nanashi is."
0x105ce8,47,"（にらめっこに失敗したことに
　気が付きました）",,"(I realized I had lost
the
staring contest.)"
0x105d18,47,"危険だけど、たしかに霊を呼び
やすい水場だし…。",,"It's dangerous, but
it's
true that it's a
place
with water that
easily
attracts spirits..."
0x105d48,47,"危険だけど、たしかに霊を
呼びやすい水場だし…。",,"It's dangerous, but
it's
true that it's a
place
with water that
easily
attracts spirits..."
0x105d78,47,"（だけどケータイには…今も
　たまに届くんです）",,"(But every now
and
then...it still
shows up
on my phone)"
0x105da8,47,"なんか、似たような都市伝説って
なかったっけ…。",,"Wasn't there a
similar
kind of urban
legend..."
0x105dd8,47,"（さすがに男子トイレは……
　ないわよね……？）",,"(Don't tell
me...the
boys'
bathroom...
right......?)"
0x105e08,47,"（やっぱりレイカが…ナナシだった
　…から…？）",,"(So it was...that
Reika
was...Nanashi...?)"
0x105e38,47,"せっかく入ったんだし、もう少し
調べていこうぜ。",,"Now that we're in
here,
let's keep
investigating
a bit
more."
0x105e68,47,"（トイレの花子さんを退散させる
　おまじない…）",,"(A charm to drive
away
Hanako-san from
the
bathroom...)"
0x105e98,47,"ダメよ…、そんな考え。
ナナシの思うツボでしょ。",,"No...that way
of
thinking is no
good.
That's exactly
what
Nanashi wants."
0x105ec8,47,"見てるだけで頭が痛くなるような
本ばかりだな…。",,"They're all books
that
give you a
headache just
looking at
them..."
0x105ef8,47,"読んでみると結構面白いわよ。
今度借りてみれば？",,"They're actually
pretty
interesting once
you
read them. Why
don't you
borrow one
sometime?"
0x105f28,49,"（…でも、あいつのこと…
　ミズキより知ってるし）",,"(But...I know
him
better than
Mizuki
does)"
0x105f5c,49,"第三章、食べられる動植物。
第四章、危険な動植物。",,"Chapter 3, edible
plants
and animals.
Chapter 4,
dangerous
plants and
animals."
0x105f90,49,"ばあちゃんなんかは、
戦争で死んだ人たちの怨念が、",,"My grandma used to
say
the grudges of
those
who died in the
war,"
0x105fc4,49,"それを百物語で蘇らせたユウタを
影から見ていた…。",,"He was watching
from
the shadows,
Yuuta, who
brought it
back to life
with the
hundred
stories..."
0x105ff8,49,"一度、この近くの遊園地に
行ったことはあったはず。",,"He must have gone
to
the amusement park
near
here at least once."
0x10602c,49,"…さっきも…足を引っ張られて
溺れそうになった…。",,"...Just a while
ago,
something grabbed
my
foot and I
nearly
drowned..."
0x106060,49,"結局、車を避けて転んでケガした
だけって言われた。",,"In the end, they told
me
I just tripped
avoiding a
car and hurt
myself."
0x106094,49,"うん、まあ…あ、でもそれより
聞きたいことが……。",,"Yeah, well...oh,
but
more than that,
there's
something I
wanted to
ask......"
0x1060c8,49,"おそらく今のナナシはその名を
語っているニセ者…。",,"The Nanashi now
is
probably an
impostor
using that
name..."
0x1060fc,49,"…都市伝説が本当に実現するのか
…知りたかった…。",,"...I wanted
to
know...whether
the
urban legend
would
really come
true..."
0x106130,49,"この学校で最近、失踪や家出が
相次いでいるでしょ。",,"Lately there's been
a
string of
disappearances
and
runaways at this
school,
right?"
0x106164,49,"これから起きる最高の地獄を、
二人で見届けようぜ！",,"Let's watch the best
hell
that's about to
happen
together, the
two of
us!"
0x106198,49,"俺はあいつを信じたい。
昔から誤解されやすいんだ。",,"I want to trust
him.
He's always been
easy to
misunderstand."
0x1061cc,49,"（美術室……特に変わったところは
　ないみたい…）",,"(The art
room......
doesn't
seem to be
anything
unusual...)"
0x106200,49,"あ、俺が呼んだんだ。
こういう時は頼りになるだろ？",,"Ah, I'm the one
who
called him. You
can
count on him at
times like
this, right?"
0x106234,49,"（家庭科室…特に変わったところは
　ないみたい…）",,"(The home
ec
room...doesn't
seem to
be anything
unusual...)"
0x106268,49,"（図書室……特に変わったところは
　ないみたい…）",,"(The
library......
doesn't
seem to be
anything
unusual...)"
0x10629c,49,"ダメだ…百物語の呪いは…
自分にかえってくる……。",,"No good...the curse
of
the hundred
stories
comes back
around...
onto
yourself......"
0x1062d0,49,"（理科室……特に変わったところは
　ないみたい…）",,"(The science
lab......
doesn't
seem to be
anything
unusual...)"
0x106304,49,"（音楽室……特に変わったところは
　ないみたい…）",,"(The music
room......
doesn't
seem to be
anything
unusual...)"
0x106338,49,"墓場に捨てても同じさ。
チェンメとしては成立する。",,"It doesn't matter if
I
throw it in
the
graveyard. It still
counts
as a chain mail."
0x10636c,49,"（高１数学…高３英語……。
　参考書関連の棚か…）",,"(First-year
math...
third-year
English......
It's the
study guide
shelf...)"
0x1063a0,49,"とにかく１００通目が届く前に、
早くリコを探そう。",,"Anyway, let's hurry
and
find Riko before
the
100th message
arrives."
0x1063d4,49,"（……今度は…わたしが…
　みんなを助ける番……）",,"(......This
time...it's
my
turn...to
help
everyone......)"
0x106408,49,"（この学校って、在学中に
　免許とってもいいの？）",,"(Can you actually
get
your license while
still
enrolled at
this
school?)"
0x10643c,49,"さっき、あんなメールを
見せられた後だからな……。",,"It's just that I
was
shown a message
like
that a
moment
ago......"
0x106470,49,"（屋上の時より、妙な気配を
　あちこちで感じる…）",,"(I'm sensing a
strange
presence
everywhere,
even more
than on the
rooftop...)"
0x1064a4,49,"（リコも昨晩の記憶を失っていた
　けど無事でした）",,"(Riko had also lost
her
memory of last
night, but
she was
okay)"
0x1064d8,49,"私も…前から気になってた
ウワサがあるのよね……。",,"I too...have a
rumor
that's been on
my mind
for a
while......"
0x10650c,49,"ま…、どうせしょぼい真相が
わかるだけだろうけど。",,"Well...I'm sure in
the
end we'll just find
out
some lame truth."
0x106540,49,"（まさか男子トイレ…？
　……そんなわけないか…）",,"(Don't tell me it's
the
boys'
bathroom...?
...No,
there's no
way...)"
0x106574,51,"俺は小学生の時、車にはねられて
死にかけたおまえと、",,"Back when we were
in
elementary school,
you,
who almost died
getting
hit by a car,"
0x1065a8,51,"ほら、十年ぐらい前に一度、
東京に転勤する話があって",,"Look, about ten
years
ago there was
once a
chance of a
transfer to
Tokyo, and"
0x1065dc,51,"最初はそう思ったの。
だって、わたしが駆けつけた時は",,"At first that's what
I
thought. Because
when I
rushed over
there,"
0x106610,51,"プールでにらめっこ……。
…にらめっこ……そうか…。",,"The staring contest
at
the
pool......The
staring
contest......I
see..."
0x106644,51,"ね、マサキ。あなた、ナナシの正体
知ってるんでしょ？",,"Hey, Masaki. You
know
who Nanashi really
is,
don't you?"
0x106678,51,"（２−１……リコの教室…。
　特になにもないみたい）",,"(2-1......Riko's
classroom...doesn't
seem
to be anything
special)"
0x1066ac,51,"たぶん…、わたしがナナシの正体を
見破ったことで…、",,"Probably...because
I
figured out who
Nanashi
really was...,"
0x1066e0,51,"（ナナシの居場所をつきとめて
　正体を暴くしかない）",,"(There's nothing left
to
do but track
down
Nanashi and
expose the
truth)"
0x106714,51,"（マサキは…木が植えられていた
　場所に転落して…）",,"(Masaki...fell
right
where the tree
used to
be planted...)"
0x106748,51,"（…ユウタだけは…その後も
　見つかりませんでした）",,"(...Yuuta was the
only
one...who was
never
found after that)"
0x10677c,51,"（…レイカとユウタの行方は…
　今もわかりません…）",,"(...Reika and
Yuuta's
whereabouts...are
still
unknown to this
day...)"
0x1067b0,51,"（…たしかに最近…二人で
　いることが多いような…）",,"(...It's true
that
lately...they've
been
together a lot...)"
0x1067e4,53,"第一章、気候別サバイバル術。
第二章、ＳＯＳの出し方。",,"Chapter 1,
survival
techniques by
climate.
Chapter 2, how
to signal
for help."
0x10681c,53,"ま、幼なじみだからな。
からかいやすいんだよ、きっと。",,"Well, it's because
we're
childhood
friends. I
guess that's
why he's
easy to tease."
0x106854,53,"木の皮のシワが人の苦しんでいる
顔に見えたりするんだ。",,"The wrinkles in the
tree
bark sometimes
look like
a person's
suffering
face."
0x10688c,53,"あんなに行きたいってダダを
こねていたのに。変な子ね。",,"And she was
throwing
such a fit
about wanting
to go.
What a strange
kid."
0x1068c4,53,"お母さん、ミズキが死んじゃう！
って泣きじゃくったわ。",,"Mom, Mizuki's going
to
die! -she cried
without
stopping."
0x1068fc,53,"俺の思いが通じたのか…、
おまえは再び俺の前に現れた。",,"I don't know if
my
feelings reached
you...
but you
appeared before
me
again."
0x106934,53,"ナナシのチェーンメールが数を
増すごとに力を持ち始め、",,"As the number
of
Nanashi's chain
mail
messages grew, it
started
gaining power,
and"
0x10696c,53,"自分がナナシであることを
明かしているような口ぶりね。",,"The way she talks,
it's
like she's revealing
that
she herself is
Nanashi."
0x1069a4,53,"（わたしには…もう…。
　…どうせ…都市伝説でしょ？）",,"(For me...it
doesn't
matter
anymore...it's
just an
urban legend,
right?)"
0x1069dc,53,"（はっ……まさか……。
　そこに…ナナシがいるの…？）",,"(Ah......no
way......
Is
Nanashi...over
there...?)"
0x106a14,53,"時間もないから、プール組と
教室組の二手に分かれよう。",,"Since there's no
time,
let's split into the
pool
group and the
classroom
group."
0x106a4c,53,"ここでテンゴクと表現できる
場所は……あそこしかない。",,"The only place here
you
could call
heaven......is
that
one, there's no
other
option."
0x106a84,53,"（夜明けが迫り、仕方なく校舎を
　出たわたしたちは…）",,"(With dawn closing in,
we
had no choice but
to
leave the
school
building...)"
0x106abc,53,"都市伝説や学校の七不思議に
立ち向かったことがあるの。",,"I've faced urban
legends
and the
school's
seven
mysteries before."
0x106af4,55,"『デキル男の家庭料理！孤島
サバイバル編』…なんだこれ？",,"Home Cooking
for
Capable Men!
Desert
Island
Survival
Edition...what
is this?"
0x106b2c,55,"最近やたらと数が多くて、
墓場にも全然転送してないなあ。",,"Lately there've been
so
many, I haven't
even
forwarded them to
the
graveyard."
0x106b64,55,"そのたびに関係者が急死したり、
作業にトラブルが起きて、",,"Every time
that
happened,
someone
involved would
suddenly
die, or trouble
would
crop up
during
construction,
and"
0x106b9c,55,"いい子にしてたら遊園地に
連れてってあげるって約束した。",,"I promised her that
if
she behaved, I'd take
her
to the amusement
park."
0x106bd4,55,"それで道路に飛び出して、
車にはねられそうになったのよ。",,"So she ran out into
the
road and nearly got
hit
by a car."
0x106c0c,55,"本当に不思議な出来事だった…。
医者も首をかしげたけど、",,"It really was a
strange
thing that
happened......
Even
the doctor was
baffled,
but"
0x106c44,55,"ナナシとは…都市伝説にまつわる
…名もなき霊に付けられた",,"Nanashi is...a
name
given to a
nameless
spirit...tied
to urban
legends,"
0x106c7c,55,"（玄関…この先は外……。
　今すぐ逃げ出したい…でも…）",,"(The front
entrance...
beyond it
is
outside......I want
to
run away right
now...but...)"
0x106cb4,55,"…僕は…ケータイを使った
“にらめっこのおまじない”で…",,"...I...with the
staring
contest charm
using a
cell phone..."
0x106cec,55,"どうせ、またヘンなおまじない
とか、やったんじゃないの？",,"You probably did
some
weird charm
again,
didn't you?"
0x106d24,55,"チェンメに刺激されて、いつの
まにか自分もナナシのような",,"Egged on by the
chain
mail, before I
knew it I
too started
acting like
Nanashi,"
0x106d5c,55,"聞いたことあるな。俺たちの
小学校で流行らなかったっけ？",,"I've heard of that.
Wasn't
that popular at
our
elementary school?"
0x106d94,55,"（マサキの手によって屋上から
　突き落とされたわたしは）",,"(I, pushed off
the
rooftop by Masaki's
own
hands,)"
0x106dcc,55,"あいつのクラスもあるし、
手がかりがあるかも知れねーし。",,"His classroom's
there
too, so there
might be a
clue."
0x106e04,55,"あいつのクラスもあるし、
手がかりがあるかも知れねーし。",,"His classroom's
there
too, so there
might be a
clue."
0x106e3c,55,"（たしかノックされた場所に
　同じ回数のノックを返す…）",,"(I think you're
supposed
to knock back
the same
number of
times at the
spot where
they
knocked...)"
0x106e74,57,"そして俺もナナシとなって、百物語
で奇跡を起こそうとした。",,"And so I too
became
Nanashi, trying
to cause
a miracle with
the
hundred stories."
0x106eb0,57,"（…逃げるわけにはいかない。
　ナナシを見つけないと……）",,"(...I can't run away.
I
have to
find
Nanashi......)"
0x106eec,57,"俺が小学生の頃にも…ナナシの
チェンメって流行ったんだよ。",,"When I was
in
elementary
school...
Nanashi's
chain mail was
popular
back then too."
0x106f28,57,"時にナナシを装って…、君に
助け船を出したことがあった…。",,"Sometimes, pretending
to
be Nanashi...I lent
you
a hand..."
0x106f64,57,"ああ。ナナシが１００通のチェーン
メールを成立させることが",,"Ah. For Nanashi
to
complete all 100
chain
mail messages"
0x106fa0,57,"（大地震を止めて、すべての
　都市伝説の呪いを解くには…）",,"(To stop the
great
earthquake and
undo the
curse of every
urban
legend...)"
0x106fdc,57,"（…きっと二人も…呪いに…。
　もしも…呪いが解けても…）",,"(...I'm sure those
two
also...fell under
the
curse...Even if the
curse
is undone...)"
0x107018,57,"（…きっと二人も…呪いに…。
　もしも…呪いが解けても…）",,"(...I'm sure those
two
also...fell under
the
curse...Even if the
curse
is undone...)"
0x107054,57,"（でも…ナナシが天国にいるって、
　まさか…ユウタが…？）",,"(But...if Nanashi is
in
heaven, don't
tell
me...it's
Yuuta...?)"
0x107090,57,"（そのせいで、ナナシの助けを
　得られなかったのでしょう）",,"(That's probably why
he
couldn't get
Nanashi's
help)"
0x1070cc,57,"（……雲の上……お花畑……。
　…天国に…一番近い場所…）",,"(......Above
the
clouds...a field
of
flowers......The
place
closest...to
heaven...)"
0x107108,57,"（辞書はいろいろあるけど、
　他に気になるものはないわね）",,"(There are
various
dictionaries, but
nothing
else that
catches my
eye)"
0x107144,59,"夜のプールで…にらめっこ…すると
…、霊に…ひきこまれる…？",,"If you play...the
staring
contest...at the
pool at
night...a
spirit
drags you in...?"
0x107180,59,"なんか地元の子と仲良しになって、
勝手に遊びに行っちゃって。",,"She apparently
became
friends with a
local boy
and went off to
play on
her own."
0x1071bc,59,"ミズキもきっと気に入るから。
ね、今度三人で食事でもしない？",,"Mizuki's sure to like
it
too. Hey, why don't
the
three of us grab a
meal
together
sometime?"
0x1071f8,59,"…だから…ナナシに教えられる
まま、“百物語”を実践した…。",,"...That's why...I did
the
hundred stories
exactly
as Nanashi
taught me..."
0x107234,59,"あの時、君は交差点を渡ろうとし
て、信号無視をしたトラックに",,"At that moment,
when
you tried to cross
the
intersection, a truck
that
ran the red light"
0x107270,59,"そして…新たに…君の命が助かる
未来を…チェーンメールで…。",,"And then...a
new
future...where
your life
was
saved...through
the
chain mail..."
0x1072ac,59,"正体を知られたナナシは、もう
「名無し」ではなくなるからね。",,"Because a
Nanashi
whose identity
gets
found out is no
longer
nameless."
0x1072e8,59,"（多分…ユウタは帰ってこない…。
　それじゃ…意味ないよ…）",,"(Yuuta's
probably...not
coming
back...Then...
there's
no point...)"
0x107324,59,"たしかに９８通目のチェーンメール
はプールのウワサだけど…。",,"It's true that the
98th
chain mail message
is
about the pool
rumor,
but..."
0x107360,59,"（もしも…天国が…ナナシの今いる
　場所のヒントだったら…）",,"(What
if...heaven...was
a
hint about
where
Nanashi is right
now...)"
0x10739c,61,"百物語には“ナナシの奇跡を実体
化した少女”の存在が必要だと、",,"That the hundred
stories
need the
existence of
the girl
who
materialized
Nanashi's
miracle,"
0x1073dc,61,"そして…チェーンメールによる…
１００通目の転送を…目前にした",,"And then...with
the
100th forward of
the
chain mail...about
to
happen,"
0x10741c,61,"（英語で書かれてる本ばっかり…。
　…洋書関連の棚なのかな？）",,"(These are all
books
written in
English...
Maybe it's
the foreign
books
shelf?)"
0x10745c,61,"もし、９８通目のメールを知らずに
プールでおまじないをしたら。",,"What if,
without
knowing about
the 98th
message, you
did the
charm at the
pool."
0x10749c,61,"（リコを連れて、安全だと思われる
　グラウンドに避難しました）",,"(We took shelter
with
Riko on the field,
which
seemed safe)"
0x1074dc,61,"こんなこともあるかと、図書室の
スペアキーを作っておいたから。",,"Just in case
something
like this
happened, I
made a
spare key to the
library."
0x10751c,63,"（わたし…この交差点…知ってる。
　初めて通った場所…なのに…）",,"(I...know
this
intersection...even
though
this is the first
time I've
ever come
here...)"
0x10755c,63,"少なくともユウタのケータイから、
チェンメは発信されてなかった。",,"At the very least,
the
chain mail wasn't
sent
from Yuuta's
phone."
0x10759c,63,"９９番目のメールを知らないまま、
トイレでおまじないをしたら…。",,"What if,
without
knowing about
the 99th
message, you
did the
charm in
the
bathroom..."
0x1075e4,6,うん。,,Yeah.
0x107604,8,うん…。,,Yeah...
0x107628,10,大変だよ！,,This is bad!
0x107634,10,…うん…。,,...Yeah...
0x10764c,10,（はっ！）,,(Ah!)
0x107658,10,……あぁ？,,......Huh?
0x107664,10,レイカ…。,,Reika...
0x107670,12,なに、それ。,,What's that.
0x107680,12,…そんな…。,,...No way...
0x107690,12,いなくない？,,"She's not here, is she?"
0x1076a0,14,そんなこと…。,,That...
0x1076b0,14,ヘンな声って？,,A weird voice?
0x1076c0,14,（…そして…）,,(...And then...)
0x1076d0,14,（リコから…）,,(From Riko...)
0x1076e0,14,ね、それより、,,"Hey, more than that,"
0x1076f0,16,やばいよ！ひっ！,,This is bad! Hii!
0x107704,16,…どういうこと？,,...What do you mean?
0x107718,16,えーっ、マジで。,,"Huh, seriously."
0x10772c,16,ユ、ユカリ先生。,,Yu-Yukari sensei.
0x107740,16,リコ！？　リコ！,,Riko!? Riko!
0x107754,18,１年の担任って…。,,"The
first-year
homeroom
teacher..."
0x107768,18,あ、わかるわかる。,,"Oh, I get it, I get it."
0x10777c,20,えっ？マサキが…！？,,Huh? Masaki...!?
0x107794,20,えっ…そんなはず…。,,"Huh...there's
no
way..."
0x1077ac,22,ユカリ先生はどこ……？,,"Where's
Yukari-sensei......?"
0x1077c4,22,ユカリ…先生？誰それ？,,"Yukari...sensei?
Who's
that?"
0x1077dc,22,どうでもいいって何よ。,,"What do you mean
it
doesn't matter."
0x1077f4,22,いい加減目を覚まして。,,"Wake up already,
come
on."
0x10780c,24,（このシミ……どこかで）,,"(This
stain......I've
seen it
somewhere)"
0x107828,28,災いの元よ。早く消しなさい。,,"It's the source
of
misfortune. Erase
it
quickly."
0x107848,28,…１年にそんな先生いたっけ？,,"...Was there a
teacher
like that in first
year?"
0x107868,28,死んでも…逃れられないわ…。,,"Not even in
death...will
you escape
it..."
0x107888,29,"災いの元よ。
早く消しなさい。",,"It's the source
of
misfortune.
Erase it
quickly."
0x1078a8,30,…もしもし…リコ？久しぶり…。,,"...Hello...Riko?
It's
been a while..."
0x1078c8,32,“雨の夕暮れに死者がよみがえる”,,"On a rainy evening,
the
dead rise again"
0x1078ec,32,あ、ミズキ、ケータイありがとね。,,"Ah, Mizuki, thanks
for
the phone."
0x107910,32,（じゃあ…わたしが会ったのは…）,,"(Then...who I
met
was...)"
0x107934,32,どうしたの、ミズキ、首かしげて。,,"What's wrong,
Mizuki,
tilting your
head like
that."
0x107958,32,ほら、１年の担任、長谷川ユカリ。,,"Look, the
first-year
homeroom
teacher,
Hasegawa
Yukari."
0x10797c,35,"シッ。
…ごめんね、せっかくだけど。",,"Shh.
...Sorry, even
though
you made the
effort."
0x1079a0,37,"…その顔…。
まだ何かに未練があるの？",,"...That
expression...
You still
have
unfinished
business?"
0x1079c8,37,"ケーサツからやっと返して
もらえたよ。",,"The police
finally
returned it to
me."
0x1079f0,37,"あれ、でもこの前、
機種変したんじゃ。",,"Huh, but didn't you
just
change phones
recently?"
0x107a18,37,"ほら、ヘンな声が録音されてた
でしょ。",,"Look, there was a
weird
voice recorded on
it,
remember?"
0x107a40,39,"あまり深入りしないでって言った
でしょ。",,"I told you not to get
too
involved, didn't I?"
0x107a68,39,"ケータイの写真、まだ残っている
でしょ。",,"The photos on
the
phone, they should
still
be there, right?"
0x107a90,39,"実はトンデモサイトだったって
知ってた？",,"Did you know it
was
actually a totally
sketchy
site?"
0x107ab8,39,"勝手に見知らぬ人へ転送されてた
みたい。",,"Sounds like it
got
forwarded to
random
strangers on its
own."
0x107ae0,39,"ケータイの写真、まだ残っている
でしょ。",,"The photos on
the
phone, they should
still
be there, right?"
0x107b08,39,"…都市伝説の闇に…引き込まれた
人間は…",,"...People who
got
dragged...into
the
darkness of the
urban
legend..."
0x107b30,41,"さもないと今度こそ大変なことに
なるわよ。",,"Otherwise, this
time
things will really
turn
bad."
0x107b5c,41,"雨の夕暮れには霊たちが道連れを
探すの…。",,"On rainy evenings,
spirits
look for company
to
take with them..."
0x107b88,41,"ちょっと前に流行った“チェンメの
墓場”、",,"The chain mail
graveyard
that was
popular a while
back,"
0x107bb4,41,"うん…ユカリ先生、最近見ないなあ
って…。",,"Yeah...I was thinking
I
haven't
seen
Yukari-sensei
lately..."
0x107be0,41,"（ユカリ先生…
　どうしちゃったんだろう）",,"(Yukari-sensei...I
wonder
what happened to
her)"
0x107c0c,43,"…特に、こんな雨の日は…
早く帰らないと…。",,"...Especially on a
rainy
day like this...I
have to
hurry home..."
0x107c38,45,"マサキが看護師を殺して病院を
抜け出したって！",,"They say Masaki killed
a
nurse and escaped
from
the hospital!"
0x107c68,45,"うーん、最近また別のひとが
気になっちゃって。",,"Hmm, lately I've
started
getting
interested in
someone
else."
0x107c98,45,"あんた、どうでもいい記憶力は
カンペキだよね。",,"You have a
perfect
memory for
pointless
stuff."
0x107cc8,47,"あんたの好きなナナシのメールにも
あったでしょ。",,"That was in that
Nanashi
mail you like so
much
too, wasn't it?"
0x107cf8,47,"で、結局、どっち選んだの？
告られた２人のうち。",,"So in the end, which
one
did you pick? Out of
the
two guys who
confessed
to you."
0x107d28,47,"（わたしは、ユカリ先生のことを
　調べてみた…）",,"(I looked
into
Yukari-sensei a
bit...)"
0x107d58,47,"あの“おい”って声…持ってるの、
気味悪くて…。",,"That voice
saying
hey...it gives
me the
chills having
it
recorded..."
0x107d88,47,"（たしか…わたしやリコが撮った
　写真にも……）",,"(I think...it was also
in
the photos Riko and
I
took......)"
0x107db8,49,"ひどくない？それ。
あたし何度も送っちゃったのに。",,"Isn't that harsh? And
I
forwarded it a bunch
of
times too."
0x107dec,51,"…モリモト…ハラ…クリタ…アラセ
…カンザキでしょ。",,"...Morimoto...
Hara...Kurita...
Arase...and
Kanzaki,
right?"
0x107e20,51,"（ユカリ先生と会っていたのは
　こっちの方じゃない）",,"(The one who was
seeing
Yukari-sensei
wasn't
me)"
0x107e54,53,"（…たしかにユカリ先生は…
　桐塚高校の教師だった…）",,"(...It's true
that
Yukari-sensei...used
to
be a teacher at
Kirizuka
High
School...)"
0x107e8c,53,"（あの日を境に…ユカリ先生の姿は
　見えなくなった…）",,"(From that day
on...
Yukari-sensei
was never
seen
again...)"
0x107ec4,55,"（レイカは…そう言ったけど…
　どうしても気になって、）",,"(Reika...said
that...but
I couldn't
stop thinking
about it,
and)"
0x107efc,55,"（…３年前、視聴覚教室で首を
　吊って自殺したらしい…）",,"(...Apparently
three
years ago she
hanged
herself in the
AV
room...)"
0x109c34,6,プール,,Pool
0x109c3c,6,押入れ,,Closet
0x109c44,6,プール,,Pool
0x109c4c,6,プール,,Pool
0x109c54,6,事務所,,Office
0x109c5c,6,プール,,Pool
0x109f84,8,トンネル,,Tunnel
0x109f90,8,トンネル,,Tunnel
0x109f9c,8,東桐塚駅,,Higashi-Kirizuka Station
0x109fa8,8,リビング,,Living room
0x109fb4,8,洞窟地蔵,,Jizo Cave
0x109fc0,8,玄関廊下,,Entrance hallway
0x109fcc,8,リビング,,Living room
0x109fd8,8,地下通路,,Underground passage
0x109fe4,8,玄関廊下,,Entrance hallway
0x109ff0,8,玄関廊下,,Entrance hallway
0x109ffc,8,トンネル,,Tunnel
0x10a008,8,トンネル,,Tunnel
0x10a014,8,東桐塚駅,,Higashi-Kirizuka Station
0x10a020,10,新校舎屋上,,New building rooftop
0x10a02c,10,新校舎屋上,,New building rooftop
0x10a038,10,新校舎屋上,,New building rooftop
0x10a044,10,旧校舎倉庫,,"Old building
storage
room"
0x10a050,10,旧校舎玄関,,Old building entrance
0x10a05c,10,お化け屋敷,,Haunted house
0x10a068,10,新校舎屋上,,New building rooftop
0x10a074,10,新校舎屋上,,New building rooftop
0x10a080,10,お化け屋敷,,Haunted house
0x10a098,12,新校舎図書室,,New building library
0x10a0a8,12,新校舎図書室,,New building library
0x10a0b8,12,三ツ谷公園駅,,Mitsuya Koen Station
0x10a0c8,12,ミラーハウス,,Mirror house
0x10a0d8,12,旧校舎理科室,,Old building science lab
0x10a0e8,12,ミラーハウス,,Mirror house
0x10a0f8,12,ミズキの部屋,,Mizuki's room
0x10a108,12,ミラーハウス,,Mirror house
0x10a118,12,旧校舎音楽室,,Old building music room
0x10a128,12,ミズキの部屋,,Mizuki's room
0x10a138,12,新校舎図書室,,New building library
0x10a148,12,旧校舎保健室,,"Old building
nurse's
office"
0x10a158,12,新校舎図書室,,New building library
0x10a168,12,旧校舎宿直室,,"Old building night
duty
room"
0x10a178,14,旧三ツ谷公園駅,,"Old Mitsuya
Koen
Station"
0x10a188,14,旧三ツ谷公園駅,,"Old Mitsuya
Koen
Station"
0x10a198,14,ドリームパーク,,Dream Park
0x10a1a8,14,ドリームパーク,,Dream Park
0x10a1b8,14,新校舎２Ｆ教室,,"New building
2F
classroom"
0x10a1c8,14,ドリームパーク,,Dream Park
0x10a1d8,14,ドリームパーク,,Dream Park
0x10a1f8,16,新校舎２Ｆ北廊下,,"New building 2F
north
hallway"
0x10a20c,16,セーブしますか？,,Save game?
0x10a220,16,新校舎２Ｆトイレ,,"New building
2F
bathroom"
0x10a234,16,上書きしますか？,,Overwrite?
0x10a248,16,よろしいですか？,,Are you sure?
0x10a25c,16,新校舎１Ｆ南廊下,,"New building 1F
south
hallway"
0x10a270,16,新校舎１Ｆ北廊下,,"New building 1F
north
hallway"
0x10a284,16,旧校舎地下資料室,,"Old building
basement
archive room"
0x10a298,16,新校舎１Ｆトイレ,,"New building
1F
bathroom"
0x10a2ac,16,新校舎１Ｆトイレ,,"New building
1F
bathroom"
0x10a2c0,16,旧校舎一階トイレ,,"Old building 1st
floor
bathroom"
0x10a2d4,16,新校舎２Ｆ南廊下,,"New building 2F
south
hallway"
0x10a2e8,16,新校舎２Ｆ北廊下,,"New building 2F
north
hallway"
0x10a2fc,16,旧校舎二階南廊下,,"Old building 2nd
floor
south hallway"
0x10a310,16,新校舎２Ｆトイレ,,"New building
2F
bathroom"
0x10a324,16,旧校舎二階北廊下,,"Old building 2nd
floor
north hallway"
0x10a338,16,旧校舎二階トイレ,,"Old building 2nd
floor
bathroom"
0x10a34c,16,新校舎２Ｆトイレ,,"New building
2F
bathroom"
0x10a360,16,旧校舎二階教室Ａ,,"Old building 2nd
floor
classroom A"
0x10a374,16,旧校舎二階教室Ａ,,"Old building 2nd
floor
classroom A"
0x10a388,16,新校舎３Ｆ南廊下,,"New building 3F
south
hallway"
0x10a39c,16,旧校舎二階教室Ｂ,,"Old building 2nd
floor
classroom B"
0x10a3b0,16,新校舎３Ｆ北廊下,,"New building 3F
north
hallway"
0x10a3c4,16,旧校舎三階南廊下,,"Old building 3rd
floor
south hallway"
0x10a3d8,16,新校舎３Ｆトイレ,,"New building
3F
bathroom"
0x10a3ec,16,旧校舎三階北廊下,,"Old building 3rd
floor
north hallway"
0x10a400,16,旧校舎三階トイレ,,"Old building 3rd
floor
bathroom"
0x10a414,16,新校舎３Ｆトイレ,,"New building
3F
bathroom"
0x10a428,16,旧校舎三階教室Ａ,,"Old building 3rd
floor
classroom A"
0x10a43c,16,旧校舎三階教室Ａ,,"Old building 3rd
floor
classroom A"
0x10a450,16,旧校舎二階教室Ｂ,,"Old building 2nd
floor
classroom B"
0x10a464,16,旧校舎二階教室Ｂ,,"Old building 2nd
floor
classroom B"
0x10a478,16,旧校舎二階教室Ａ,,"Old building 2nd
floor
classroom A"
0x10a48c,16,旧校舎三階教室Ａ,,"Old building 3rd
floor
classroom A"
0x10a4a0,16,旧校舎三階教室Ｂ,,"Old building 3rd
floor
classroom B"
0x10a4b4,16,旧校舎三階教室Ｂ,,"Old building 3rd
floor
classroom B"
0x10a4c8,16,旧校舎三階教室Ｂ,,"Old building 3rd
floor
classroom B"
0x10a4dc,16,新校舎１Ｆ南廊下,,"New building 1F
south
hallway"
0x10a4f0,16,新校舎１Ｆ北廊下,,"New building 1F
north
hallway"
0x10a504,16,新校舎１Ｆトイレ,,"New building
1F
bathroom"
0x10a518,16,新校舎１Ｆトイレ,,"New building
1F
bathroom"
0x10a52c,16,新校舎２Ｆ南廊下,,"New building 2F
south
hallway"
0x10a540,16,新校舎２Ｆ北廊下,,"New building 2F
north
hallway"
0x10a554,16,旧校舎一階北廊下,,"Old building 1st
floor
north hallway"
0x10a568,16,旧校舎一階南廊下,,"Old building 1st
floor
south hallway"
0x10a57c,16,新校舎３Ｆトイレ,,"New building
3F
bathroom"
0x10a590,16,旧校舎地下北廊下,,"Old building
basement
north hallway"
0x10a5a4,16,新校舎３Ｆトイレ,,"New building
3F
bathroom"
0x10a5b8,16,新校舎３Ｆ南廊下,,"New building 3F
south
hallway"
0x10a5cc,16,新校舎３Ｆ北廊下,,"New building 3F
north
hallway"
0x10a5e0,16,新校舎３Ｆトイレ,,"New building
3F
bathroom"
0x10a5f4,16,新校舎３Ｆトイレ,,"New building
3F
bathroom"
0x10a608,16,ロードしますか？,,Load game?
0x10a61c,18,ロード中です・・・,,Loading...
0x10a630,18,セーブ中です・・・,,Saving...
0x10a644,18,初期化中です・・・,,Initializing...
0x10a658,20,ロードが完了しました,,Load complete
0x10a670,20,セーブが完了しました,,Save complete
0x10a688,20,初期化が完了しました,,Initialization complete
0x10a6b8,66,"データを初期化します。
シナリオクリア状況も
全て消えてしまいます。",,"The data will
be
initialized. All
story
progress will also
be
erased."
0x10a6fc,68,"セーブに失敗しました。
電源を切って、カードを
差し込み直して下さい。",,"Save failed.
Turn off
the console and
reinsert
the card."
0x10a744,68,"初期化に失敗しました。
電源を切って、カードを
差し込み直して下さい。",,"Initialization
failed.
Turn off the
console and
reinsert the
card."
0x10a91c,12,はじまりの噂,,"The rumor that started
it
all"
0x10a92c,8,第１の噂,,First rumor
0x10a938,8,第２の噂,,Second rumor
0x10a944,8,第３の噂,,Third rumor
0x10a950,8,第４の噂,,Fourth rumor
0x10a95c,8,第５の噂,,Fifth rumor
0x10a968,8,最期の噂,,The final rumor
0x10b23a,7,溷悟,,"[CHECK ROM - illegible/placeholder original text, not translated]"
0x10b242,6,悟溷,,"[CHECK ROM - illegible/placeholder original text, not translated]"
0xd5df4,14,……ああ……。,,...Ahh...
0xd5ea4,14,あ……あ……。,,A...ah...
0xd9dd8,14,……リコ……。,,...Riko...
0xd9f68,14,……うぅ……。,,...Uuh...
0xf16a8,16,………うん……。,,...Yeah...
0xf1b30,18,１９８８年９月…？,,September 1988...?
0xf1e00,18,１９８８年９月…。,,September 1988...
0xf29f8,22,“８８−０９”って…。,,"The ""88-09""..."
0xfa834,14,えっ………！？,,Eh...!?
0xfaa04,14,えっ………！？,,Eh...!?
0x100c4c,14,……ああ……。,,...Ahh...
0x100ccc,14,あ……あ……。,,A...ah...
0x100cdc,14,………はっ…。,,...Hah...
0x100d1c,14,あ……あ……。,,A...ah...
0x100edc,14,（人形……？）,,(A doll...?)
0x100f3c,14,…８４通目…。,,...Letter #84...
0x100fa4,16,……うん………。,,...Yeah...
0xd32e0,10,…………。,,.............
0xd3f20,8,………。,,..........
0xd5b3c,10,…………。,,.............
0xd889c,6,……。,,.......
0xd89b4,6,………,,.........
0xd8a6c,8,………。,,..........
0xd8ad8,8,………。,,..........
0xd8b14,8,………。,,..........
0xd8b20,8,………。,,..........
0xd8b2c,8,………。,,..........
0xd8b38,8,………。,,..........
0xd8b50,8,………。,,..........
0xd8b80,8,………。,,..........
0xd8b8c,8,………。,,..........
0xd8ba4,8,………。,,..........
0xd8be0,8,………。,,..........
0xd8c1c,8,………。,,..........
0xd8c64,8,………。,,..........
0xd8c7c,8,………。,,..........
0xd8ca0,8,………。,,..........
0xd8cb8,8,………。,,..........
0xd8cc4,8,………。,,..........
0xd8d48,8,………。,,..........
0xd8dcc,8,………。,,..........
0xd8dd8,8,………。,,..........
0xd8dfc,8,………。,,..........
0xd8e80,8,………。,,..........
0xd8ed4,8,………。,,..........
0xd8ee0,8,………。,,..........
0xd8f34,8,………。,,..........
0xd8fb8,10,…………。,,.............
0xd9060,10,…………。,,.............
0xd909c,10,…………。,,.............
0xd90a8,10,…………。,,.............
0xd9108,10,…………。,,.............
0xd9138,10,…………。,,.............
0xd9144,10,…………。,,.............
0xd9198,10,…………。,,.............
0xd9234,10,…………。,,.............
0xd92f4,10,…………。,,.............
0xd93cc,10,…………。,,.............
0xd9778,12,……………。,,................
0xea3e4,10,…………。,,.............
0xeb790,6,……。,,.......
0xeb7b0,6,……。,,.......
0xeb7d0,8,………。,,..........
0xeb7dc,8,………。,,..........
0xeb7f4,8,………。,,..........
0xeb800,8,………。,,..........
0xeb86c,8,………。,,..........
0xeb878,8,………。,,..........
0xeb890,8,………。,,..........
0xf01dc,8,………。,,..........
0xf01e8,8,………。,,..........
0xf0218,8,………。,,..........
0xf0254,8,………。,,..........
0xf029c,8,………。,,..........
0xf032c,8,………。,,..........
0xf03a4,8,………。,,..........
0xf03d4,8,………。,,..........
0xf0404,8,………。,,..........
0xf059c,10,…………。,,.............
0xf0620,10,…………。,,.............
0xfa1b4,6,……。,,.......
0xfa324,8,………。,,..........
0xfa33c,8,………。,,..........
0xfa348,8,………。,,..........
0xfa378,8,………。,,..........
0xfa3a8,8,………。,,..........
0xfa3c0,8,………。,,..........
0xfa408,8,………。,,..........
0xfa42c,8,………。,,..........
0xfa57c,10,…………。,,.............
0x100100,8,………。,,..........
0x100154,8,………。,,..........
0x10019c,8,………。,,..........
0x1001b4,8,………。,,..........
0x1001fc,8,………。,,..........
0x1002a4,8,………。,,..........
0x1002b0,8,………。,,..........
0x1002bc,8,………。,,..........
0x1002c8,8,………。,,..........
0x1002f8,8,………。,,..........
0x100340,8,………。,,..........
0x1003a0,8,………。,,..........
0x1003f4,8,………。,,..........
0x10049c,10,…………。,,.............
0x100664,10,…………。,,.............
0x100700,10,…………。,,.............
0x10070c,10,…………。,,.............
0x1075ec,8,………。,,..........
0x1075f8,8,………。,,..........
0x107610,8,………。,,..........
0x10761c,8,………。,,..........
0x107640,10,…………。,,.............
0xd32f8,10,…“き”…,,"[REVISAR - loose letter from a possible minigame, see 0xd32f8-0xd33a0]"
0xd3304,10,…“い”…,,"[REVISAR - loose letter from a possible minigame, see 0xd32f8-0xd33a0]"
0xd3328,10,…“ね”…,,"[REVISAR - loose letter from a possible minigame, see 0xd32f8-0xd33a0]"
0xd334c,10,…“し”…,,"[REVISAR - loose letter from a possible minigame, see 0xd32f8-0xd33a0]"
0xd3358,10,…“つ”…,,"[REVISAR - loose letter from a possible minigame, see 0xd32f8-0xd33a0]"
0xd3364,10,…“の”…,,"[REVISAR - loose letter from a possible minigame, see 0xd32f8-0xd33a0]"
0xd337c,10,…“い”…,,"[REVISAR - loose letter from a possible minigame, see 0xd32f8-0xd33a0]"
0xd3388,10,…“ま”…,,"[REVISAR - loose letter from a possible minigame, see 0xd32f8-0xd33a0]"
0xd3394,10,…“ち”…,,"[REVISAR - loose letter from a possible minigame, see 0xd32f8-0xd33a0]"
0xd33a0,10,…“ほ”…,,"[REVISAR - loose letter from a possible minigame, see 0xd32f8-0xd33a0]"
0xd5a64,8,え……？,,Eh......?
0xd87fc,4,え？,,Huh?
0xd8804,4,へ？,,Huh?
0xd880c,4,ん？,,Hm?
0xd8814,4,え？,,Huh?
0xd881c,4,鏡？,,A mirror?
0xd8824,4,うん,,Yeah
0xd882c,4,え？,,Huh?
0xd8834,4,ね？,,Right?
0xd8844,4,鏡？,,A mirror?
0xd884c,4,え？,,Huh?
0xd8854,4,え？,,Huh?
0xd8874,6,…え？,,...Eh?
0xd8894,6,…え？,,...Eh?
0xd88a4,6,風…？,,Wind...?
0xd891c,6,っ！？,,...!?
0xd8964,6,え…。,,Eh...
0xd896c,6,え…？,,Eh...?
0xd8974,6,あ…。,,Ah...
0xd899c,6,あ…。,,Ah...
0xd89c4,6,あ…。,,Ah...
0xd8bbc,8,あ……。,,Ah......
0xd8e8c,8,１組…。,,Class 1...
0xda394,16,（…………誰？）,,(...........Who?)
0xe900c,4,え？,,Huh?
0xea310,6,あ…。,,Ah...
0xea318,8,…血…！,,...Blood...!
0xea378,10,…な……。,,"[REVISAR - single-particle fragment, not enough context]"
0xea39c,10,（あ……）,,(Ah......)
0xeb738,4,え？,,Huh?
0xeb740,4,え？,,Huh?
0xeb758,6,え…。,,Eh...
0xeb780,6,え！？,,Eh?!
0xeb798,6,女…。,,Woman...
0xeb7e8,8,え……。,,Eh......
0xeb830,8,あ……。,,Ah......
0xeb884,8,あ……。,,Ah......
0xeb8cc,8,あ……。,,Ah......
0xf0038,4,飲む,,Drink
0xf0048,4,うん,,Yeah
0xf0050,4,え？,,Huh?
0xf0058,4,ん？,,Hm?
0xf0068,6,ん…。,,Hm...
0xf0138,6,水…。,,Water...
0xf0148,6,…え？,,...Eh?
0xf0178,6,水…。,,Water...
0xf056c,10,（今……）,,(Now......)
0xf05e4,10,（床……）,,(The floor......)
0xfa174,4,ん？,,Hm?
0xfa17c,4,何？,,What?
0xfa184,4,え？,,Huh?
0xfa18c,4,ん？,,Hm?
0xfa194,4,え？,,Huh?
0xfa19c,4,え？,,Huh?
0xfa1a4,4,え？,,Huh?
0xfa23c,6,あ…。,,Ah...
0x100040,6,え…？,,Eh...?
0x100050,6,…え？,,...Eh?
0x100060,6,っ！？,,...!?
0x100068,6,…え？,,...Eh?
0x1000c8,6,…誰？,,...Who?
0x10013c,8,水……。,,Water......
0x101210,16,（……夢……？）,,(......A dream......?)
0x109bf4,4,車内,,Inside the car
0x109bfc,4,浴室,,Bathroom
0x109c04,4,道路,,Road
0x109c0c,4,広場,,Plaza
0x109c14,4,車内,,Inside the car
0x109c1c,4,浴室,,Bathroom
0x109c24,4,洞窟,,Cave
0x109c2c,4,広場,,Plaza
0xea2f8,6,７７４,,774
